iso3,year,v2smgovdom,v2smpardom,v2smfordom,v2smgovab,v2smparab
MEX,2000,0.222,0.319,1.909,1.66,0.392
MEX,2001,0.222,0.319,1.909,1.66,0.392
MEX,2002,0.222,0.319,1.909,1.66,0.392
MEX,2003,0.222,0.319,1.909,1.66,0.392
MEX,2004,0.222,0.319,1.909,1.66,0.392
MEX,2005,0.222,0.319,1.909,1.66,0.392
MEX,2006,0.2,0.319,1.909,1.66,0.392
MEX,2007,-0.059,0.319,1.379,1.507,0.392
MEX,2008,0.05,0.143,1.379,1.507,0.392
MEX,2009,0.05,0.316,1.379,1.507,0.22
MEX,2010,0.05,0.144,1.077,1.364,0.22
MEX,2011,-0.063,-0.03,1.418,1.364,0.22
MEX,2012,-0.192,-0.097,1.418,1.364,0.017
MEX,2013,-0.408,-0.316,1.418,1.244,0.024
MEX,2014,-0.408,-0.316,1.418,1.244,-0.153
MEX,2015,-0.408,-0.316,1.418,1.244,-0.153
MEX,2016,-0.408,-0.316,1.418,1.244,0.012
MEX,2017,-0.408,-0.316,1.285,1.244,-0.155
MEX,2018,-0.293,-0.534,1.145,1.345,-0.153
MEX,2019,-1.388,-1.516,1.001,1.094,-0.903
MEX,2020,-1.768,-1.516,1.867,1.208,-0.968
MEX,2021,-1.675,-1.203,1.961,0.629,-1.212
MEX,2022,-1.557,-1.332,1.35,0.629,-1.301
MEX,2023,-1.593,-1.189,1.35,0.551,-1.301
MEX,2024,-1.833,-1.576,0.544,0.676,-2.032
MEX,2025,-1.179,-1.133,0.544,1.291,-1.231
SUR,2000,0.758,0.721,1.048,1.129,1.484
SUR,2001,0.758,0.721,1.048,1.129,1.484
SUR,2002,0.758,0.721,1.048,1.129,1.484
SUR,2003,0.758,0.721,1.048,1.129,1.484
SUR,2004,0.758,0.721,1.048,1.129,1.484
SUR,2005,0.758,0.721,1.048,1.129,1.484
SUR,2006,0.758,0.721,1.048,1.129,1.484
SUR,2007,0.758,0.721,1.048,1.129,1.484
SUR,2008,0.758,0.721,1.048,1.129,1.484
SUR,2009,0.758,0.721,1.048,1.129,1.484
SUR,2010,0.569,0.721,1.048,1.129,1.484
SUR,2011,0.569,0.721,1.048,1.129,1.484
SUR,2012,0.569,0.721,1.048,1.129,1.484
SUR,2013,0.569,0.721,1.048,1.129,1.484
SUR,2014,0.569,0.721,1.048,1.129,1.484
SUR,2015,0.569,0.721,1.048,1.129,1.484
SUR,2016,0.569,0.721,1.048,1.129,1.484
SUR,2017,0.569,0.721,1.048,1.129,1.484
SUR,2018,0.569,0.721,1.048,1.129,1.484
SUR,2019,0.569,1.555,1.048,1.129,1.484
SUR,2020,0.841,1.423,1.526,1.052,0.988
SUR,2021,0.841,1.229,1.045,1.192,0.996
SUR,2022,0.841,1.229,0.629,1.192,0.817
SUR,2023,0.525,0.539,0.629,0.858,0.817
SUR,2024,0.994,0.539,0.629,0.858,0.817
SUR,2025,0.994,-0.363,0.629,0.858,0.817
SWE,2000,2.42,2.708,0.263,2.361,1.829
SWE,2001,2.42,2.708,0.263,2.361,1.829
SWE,2002,2.42,2.708,0.263,2.361,1.829
SWE,2003,2.42,2.708,0.263,2.361,1.829
SWE,2004,2.42,2.708,0.263,2.361,1.829
SWE,2005,2.42,2.708,0.263,2.361,1.829
SWE,2006,2.42,2.708,0.263,2.361,1.829
SWE,2007,2.42,2.708,0.263,2.361,1.829
SWE,2008,2.42,2.708,0.263,2.361,1.829
SWE,2009,2.42,2.708,0.263,2.361,1.829
SWE,2010,2.42,2.708,0.263,2.361,1.829
SWE,2011,2.42,2.708,0.263,2.361,1.829
SWE,2012,2.42,2.708,0.263,2.361,1.829
SWE,2013,2.42,2.708,0.263,2.361,1.829
SWE,2014,2.42,2.708,0.263,2.361,1.829
SWE,2015,2.42,2.708,0.263,2.361,1.829
SWE,2016,2.42,2.708,0.263,2.361,1.829
SWE,2017,2.42,2.708,0.263,2.361,1.829
SWE,2018,1.959,2.708,0.263,2.361,1.829
SWE,2019,1.959,2.074,0.347,2.361,1.829
SWE,2020,2.531,2.762,0.45,2.361,1.829
SWE,2021,2.531,2.276,0.45,2.361,1.581
SWE,2022,2.531,2.276,0.45,2.361,1.581
SWE,2023,2.531,2.276,0.45,2.361,1.581
SWE,2024,2.531,1.696,0.232,2.361,1.581
SWE,2025,2.531,1.696,0.232,2.361,1.581
CHE,2000,2.537,1.697,2.504,2.69,1.903
CHE,2001,2.537,1.697,2.504,2.69,1.903
CHE,2002,2.537,1.697,2.504,2.69,1.903
CHE,2003,2.537,1.697,2.504,2.69,1.903
CHE,2004,2.537,1.697,2.504,2.69,1.903
CHE,2005,2.537,1.697,2.504,2.69,1.903
CHE,2006,2.537,1.697,2.504,2.69,1.903
CHE,2007,2.537,1.697,2.504,2.69,1.903
CHE,2008,2.537,1.697,2.504,2.69,1.903
CHE,2009,2.537,1.697,2.504,2.69,1.903
CHE,2010,2.537,1.697,2.504,2.69,1.903
CHE,2011,2.537,1.697,2.504,2.69,1.903
CHE,2012,2.537,1.377,2.504,2.69,1.903
CHE,2013,2.537,1.377,2.504,2.69,1.903
CHE,2014,2.537,1.377,2.504,2.69,1.903
CHE,2015,2.537,1.377,2.504,2.69,1.903
CHE,2016,2.537,1.377,2.504,2.69,1.903
CHE,2017,2.537,1.377,2.504,2.69,2.445
CHE,2018,2.537,1.377,2.504,2.69,2.445
CHE,2019,2.537,1.377,2.504,2.69,2.445
CHE,2020,2.365,1.213,2.348,2.69,2.445
CHE,2021,2.534,1.361,2.348,2.69,2.445
CHE,2022,2.534,1.361,2.706,2.69,2.445
CHE,2023,2.534,1.361,2.706,2.69,2.445
CHE,2024,2.534,1.361,2.706,2.69,2.445
CHE,2025,2.534,1.361,1.535,2.69,2.445
GHA,2000,1.636,1.424,1.902,1.077,1.396
GHA,2001,1.948,1.424,1.902,1.364,1.597
GHA,2002,1.948,1.424,1.902,1.364,1.597
GHA,2003,1.948,1.424,1.902,1.766,1.597
GHA,2004,1.948,1.424,1.902,1.766,1.597
GHA,2005,1.948,1.424,1.902,1.766,1.597
GHA,2006,2.354,1.424,1.902,1.766,1.597
GHA,2007,2.354,1.424,1.902,1.766,1.597
GHA,2008,1.434,0.96,1.902,1.766,1.488
GHA,2009,1.434,0.96,1.902,1.766,1.488
GHA,2010,1.714,0.96,1.902,1.766,1.496
GHA,2011,1.714,1.085,1.902,1.353,1.496
GHA,2012,1.429,1.085,1.806,1.353,1.496
GHA,2013,1.429,0.503,1.806,1.353,1.496
GHA,2014,0.721,0.503,1.806,1.353,1.496
GHA,2015,0.721,0.503,1.806,1.353,1.496
GHA,2016,0.682,0.503,1.806,1.353,1.496
GHA,2017,0.682,0.503,1.806,0.795,1.496
GHA,2018,0.682,0.503,1.806,0.795,1.496
GHA,2019,1.729,0.503,1.711,0.725,0.94
GHA,2020,0.465,-0.029,1.539,0.654,0.94
GHA,2021,0.465,-0.029,1.428,0.545,1.026
GHA,2022,0.584,-0.029,1.428,0.545,0.981
GHA,2023,0.565,0.077,1.428,0.483,1.143
GHA,2024,1.194,0.077,1.428,0.483,1.143
GHA,2025,1.018,0.904,1.428,0.921,0.786
ZAF,2000,1.273,0.601,-0.017,1.564,0.171
ZAF,2001,1.273,0.601,-0.017,1.564,0.171
ZAF,2002,1.273,0.601,-0.017,1.564,0.171
ZAF,2003,1.273,0.601,-0.017,1.564,0.171
ZAF,2004,1.273,0.601,-0.017,1.564,0.171
ZAF,2005,1.273,0.601,-0.017,1.564,0.171
ZAF,2006,1.273,0.601,-0.017,1.408,0.171
ZAF,2007,1.273,0.601,-0.017,1.408,0.171
ZAF,2008,1.273,0.601,-0.017,1.408,0.171
ZAF,2009,0.792,0.326,-0.017,1.408,0.171
ZAF,2010,1.089,0.288,-0.017,1.52,0.326
ZAF,2011,1.035,0.288,-0.017,1.52,0.326
ZAF,2012,1.035,0.104,-0.336,1.369,0.118
ZAF,2013,1.035,0.104,-0.336,1.211,0.118
ZAF,2014,1.035,0.104,-0.413,1.211,0.118
ZAF,2015,1.035,0.104,-0.342,1.211,0.118
ZAF,2016,1.035,0.104,-0.142,1.211,0.118
ZAF,2017,1.035,0.104,-0.142,1.116,0.118
ZAF,2018,1.035,0.455,-0.142,1.639,0.118
ZAF,2019,1.277,0.67,-0.142,1.639,-0.107
ZAF,2020,1.277,0.483,-0.034,1.639,0.848
ZAF,2021,1.277,0.483,0.521,1.639,0.848
ZAF,2022,1.305,0.729,-0.026,1.196,0.848
ZAF,2023,1.305,0.729,-0.026,1.311,0.848
ZAF,2024,1.062,1.325,-0.026,1.311,0.536
ZAF,2025,1.062,1.47,-0.026,1.311,-0.143
JPN,2000,0.906,1.373,0.63,1.13,1.755
JPN,2001,0.906,1.373,0.63,1.13,1.755
JPN,2002,0.906,1.373,0.63,1.13,1.755
JPN,2003,0.906,1.373,0.63,1.13,1.755
JPN,2004,0.906,1.373,0.63,1.13,1.755
JPN,2005,0.906,1.373,0.63,1.13,1.755
JPN,2006,0.906,1.373,0.63,1.13,1.755
JPN,2007,0.906,1.373,0.63,1.13,1.755
JPN,2008,0.906,1.373,0.63,1.13,1.755
JPN,2009,0.906,1.373,0.63,1.13,1.755
JPN,2010,0.906,1.423,0.63,1.216,1.755
JPN,2011,0.707,1.423,0.63,1.216,1.755
JPN,2012,0.707,1.423,0.63,1.216,1.755
JPN,2013,0.707,1.423,0.63,1.216,1.755
JPN,2014,0.892,1.357,0.63,1.216,1.755
JPN,2015,0.892,1.357,0.63,1.216,1.755
JPN,2016,0.892,1.357,0.63,1.216,1.755
JPN,2017,0.892,1.357,0.49,1.216,1.755
JPN,2018,0.892,1.357,0.49,1.216,1.755
JPN,2019,0.836,1.008,-0.136,1.149,1.755
JPN,2020,0.836,1.39,-0.136,1.149,1.814
JPN,2021,0.836,1.39,-0.41,1.149,1.814
JPN,2022,0.836,1.39,-0.41,1.149,1.814
JPN,2023,0.836,1.39,-0.41,1.149,1.814
JPN,2024,1.06,1.209,-0.41,1.149,1.599
JPN,2025,0.962,1.209,-0.41,1.149,1.599
MMR,2000,-0.223,0.385,0.83,-0.663,-0.439
MMR,2001,-0.223,0.385,0.83,-0.364,-0.439
MMR,2002,-0.223,0.385,0.83,-0.364,-0.439
MMR,2003,-0.223,0.385,0.83,-0.364,-0.439
MMR,2004,-0.223,0.385,0.83,-0.364,-0.439
MMR,2005,-0.223,0.385,0.83,-0.364,-0.439
MMR,2006,-0.223,0.385,0.83,-0.668,-0.439
MMR,2007,-0.387,0.385,0.83,-0.362,-0.439
MMR,2008,-0.387,0.385,0.83,-0.362,-0.439
MMR,2009,-0.219,0.385,0.83,-0.362,-0.439
MMR,2010,-0.056,0.86,1.185,-0.028,-0.439
MMR,2011,-0.105,0.745,1.414,-0.39,-0.098
MMR,2012,-0.009,0.745,1.414,-0.39,-0.098
MMR,2013,-0.059,0.745,1.414,-0.39,-0.098
MMR,2014,0.079,0.975,1.414,-0.151,-0.098
MMR,2015,0.079,0.347,1.414,0.124,-0.706
MMR,2016,0.952,1.01,1.414,0.741,-0.075
MMR,2017,0.952,1.01,1.545,0.741,0.009
MMR,2018,0.952,1.01,1.545,0.741,0.009
MMR,2019,0.952,1.01,2.019,0.741,0.009
MMR,2020,0.816,0.376,1.605,0.597,-0.432
MMR,2021,-2.654,0.14,1.605,-2.572,-0.849
MMR,2022,-2.587,0.265,1.605,-2.572,-0.93
MMR,2023,-2.721,0.125,0.956,-2.646,-0.93
MMR,2024,-2.721,0.125,0.956,-2.22,-0.93
MMR,2025,-2.721,0.125,0.29,-2.22,-0.93
RUS,2000,0.265,0.918,1.693,0.616,-0.657
RUS,2001,0.265,0.918,1.693,0.616,-0.657
RUS,2002,0.265,0.773,1.693,0.616,-0.657
RUS,2003,0.265,0.773,1.693,0.118,-0.657
RUS,2004,0.015,0.773,1.693,0.118,-0.657
RUS,2005,0.015,0.502,1.693,0.118,-0.657
RUS,2006,0.015,0.502,1.511,0.118,-0.657
RUS,2007,-0.016,0.502,1.511,0.118,-0.657
RUS,2008,-0.333,-0.052,1.511,-0.645,-1.253
RUS,2009,-0.408,-0.351,1.511,-0.645,-1.365
RUS,2010,-0.408,-0.351,1.562,-0.645,-1.365
RUS,2011,-0.408,-0.351,1.692,-0.645,-1.365
RUS,2012,-1.665,-1.412,1.692,-0.995,-1.365
RUS,2013,-1.769,-1.757,1.692,-1.199,-1.502
RUS,2014,-1.899,-1.757,1.177,-1.809,-1.892
RUS,2015,-2.251,-1.757,1.177,-1.809,-2.123
RUS,2016,-2.515,-2.106,1.177,-1.809,-1.94
RUS,2017,-2.515,-2.106,1.177,-1.809,-2.147
RUS,2018,-2.515,-2.106,1.177,-1.809,-2.147
RUS,2019,-2.515,-2.106,1.177,-1.809,-2.147
RUS,2020,-2.515,-2.106,1.177,-1.809,-2.147
RUS,2021,-2.515,-2.106,1.177,-2.153,-2.147
RUS,2022,-3.166,-2.115,1.177,-2.409,-2.447
RUS,2023,-3.166,-2.306,0.442,-2.409,-2.721
RUS,2024,-3.166,-2.306,-0.053,-2.409,-2.721
RUS,2025,-2.728,-2.109,-0.242,-2.362,-2.442
ALB,2000,0.122,0.826,0.731,0.713,-1.65
ALB,2001,0.122,0.826,0.731,0.713,-1.65
ALB,2002,0.122,0.826,0.731,0.713,-1.65
ALB,2003,0.122,0.826,0.731,0.713,-1.65
ALB,2004,0.122,0.826,0.731,0.713,-1.65
ALB,2005,0.122,0.826,0.731,0.713,-1.65
ALB,2006,0.122,0.826,0.731,0.713,-1.65
ALB,2007,0.122,0.826,0.731,0.713,-1.65
ALB,2008,0.122,0.77,0.731,0.713,-1.798
ALB,2009,0.122,0.77,0.731,0.713,-1.798
ALB,2010,0.122,0.77,0.731,0.713,-1.798
ALB,2011,0.122,0.415,0.731,0.713,-1.798
ALB,2012,0.122,0.415,0.731,0.713,-1.798
ALB,2013,0.122,0.415,0.731,0.786,-1.659
ALB,2014,-0.156,0.116,0.731,0.786,-1.659
ALB,2015,-0.156,0.116,0.731,0.713,-1.779
ALB,2016,-0.156,0.116,0.731,0.713,-1.779
ALB,2017,-0.156,0.116,0.731,0.713,-1.779
ALB,2018,-0.156,0.116,0.731,0.713,-1.779
ALB,2019,-0.156,0.173,0.928,0.794,-1.638
ALB,2020,-0.441,0.173,0.715,0.61,-1.709
ALB,2021,-0.243,0.173,0.715,0.786,-1.709
ALB,2022,-0.243,0.173,0.715,0.786,-1.653
ALB,2023,-0.243,0.173,0.715,0.786,-1.653
ALB,2024,-0.243,0.173,0.715,0.786,-1.653
ALB,2025,-0.122,0.173,0.715,0.786,-1.653
EGY,2000,-1.073,-1.007,-0.464,-1.479,-1.666
EGY,2001,-1.073,-1.007,-0.464,-1.479,-1.666
EGY,2002,-1.073,-1.007,-0.464,-1.479,-1.666
EGY,2003,-1.073,-1.007,-0.464,-1.479,-1.666
EGY,2004,-1.073,-1.007,-0.464,-1.479,-1.666
EGY,2005,-1.073,-1.007,-0.464,-1.479,-1.666
EGY,2006,-1.073,-1.007,-0.464,-1.479,-1.666
EGY,2007,-1.073,-1.007,-0.464,-1.479,-1.666
EGY,2008,-1.073,-1.007,-0.464,-1.479,-1.666
EGY,2009,-1.073,-1.007,-0.464,-1.479,-1.666
EGY,2010,-1.076,-1.007,-0.543,-1.479,-1.666
EGY,2011,-1.472,-1.729,-0.742,-1.569,-2.603
EGY,2012,-1.299,-1.533,-0.742,-1.452,-1.655
EGY,2013,-1.282,-1.533,-0.69,-1.452,-1.953
EGY,2014,-1.282,-0.623,-0.69,-1.452,-1.793
EGY,2015,-1.282,-0.623,-0.701,-1.407,-1.75
EGY,2016,-1.282,-0.623,-0.701,-1.407,-1.75
EGY,2017,-1.282,-0.623,-0.701,-1.407,-1.75
EGY,2018,-1.282,-0.623,-0.701,-0.885,-1.095
EGY,2019,-1.643,-0.623,-0.701,-0.885,-1.095
EGY,2020,-1.643,-0.647,-0.448,-1.058,-1.516
EGY,2021,-1.643,-0.647,-0.241,-1.525,-1.65
EGY,2022,-1.643,-0.647,-0.241,-1.525,-1.65
EGY,2023,-1.643,-0.647,-0.241,-1.525,-1.65
EGY,2024,-1.643,-1.061,-0.241,-1.648,-1.398
EGY,2025,-1.643,-1.061,-0.241,-1.398,-1.398
YEM,2000,-0.347,0.348,0.107,-0.209,-0.071
YEM,2001,-0.347,0.348,0.107,-0.209,-0.071
YEM,2002,-0.347,0.348,0.107,-0.209,-0.071
YEM,2003,-0.347,0.348,0.107,-0.209,-0.071
YEM,2004,-0.347,0.348,0.107,-0.209,-0.071
YEM,2005,-0.347,0.348,0.107,-0.209,-0.071
YEM,2006,-0.347,0.348,0.107,-0.209,-0.071
YEM,2007,-0.347,0.348,0.107,-0.209,-0.071
YEM,2008,-0.347,0.348,0.107,-0.209,-0.071
YEM,2009,-0.347,0.348,0.107,-0.209,-0.071
YEM,2010,-0.838,0.109,-0.601,-0.407,-0.582
YEM,2011,-2.222,-1.576,-1.659,-2.074,-1.741
YEM,2012,-0.397,-1.32,-1.378,-1.071,-1.067
YEM,2013,-0.397,-1.32,-1.378,-1.071,-1.067
YEM,2014,-1.062,-1.918,-1.605,-1.612,-1.882
YEM,2015,-2.481,-2.308,-2.269,-2.562,-2.107
YEM,2016,-2.481,-2.308,-2.269,-2.562,-2.107
YEM,2017,-2.481,-2.308,-2.269,-2.562,-2.107
YEM,2018,-2.481,-2.308,-2.269,-2.562,-2.107
YEM,2019,-2.372,-2.308,-2.124,-2.651,-2.078
YEM,2020,-2.31,-2.527,-2.065,-2.51,-2.184
YEM,2021,-2.31,-2.365,-2.065,-2.316,-2.014
YEM,2022,-2.151,-2.365,-1.905,-2.234,-2.014
YEM,2023,-2.291,-2.365,-1.905,-2.096,-2.014
YEM,2024,-2.033,-2.217,-1.905,-1.976,-1.972
YEM,2025,-2.033,-2.217,-1.905,-1.976,-1.972
COL,2000,-0.806,-0.948,-0.922,-0.804,-1.007
COL,2001,-0.806,-0.948,-0.922,-0.804,-1.007
COL,2002,-0.806,-0.948,-0.922,-0.804,-1.007
COL,2003,-0.806,-0.948,-0.922,-0.804,-1.007
COL,2004,-0.806,-0.948,-0.922,-0.804,-1.007
COL,2005,-0.806,-0.948,-0.922,-0.804,-1.007
COL,2006,-0.806,-0.948,-0.922,-0.804,-1.007
COL,2007,-0.93,-0.948,-0.922,-0.558,-1.007
COL,2008,-0.93,-0.948,-0.922,-0.558,-1.007
COL,2009,-0.93,-0.948,-0.922,-0.558,-1.007
COL,2010,-0.223,-0.948,-0.922,-0.558,-1.007
COL,2011,-0.009,-0.948,-0.922,0.175,-1.007
COL,2012,-0.009,-0.948,-0.922,0.175,-1.007
COL,2013,-0.009,-0.948,-0.922,0.175,-1.007
COL,2014,-0.009,-0.948,-0.922,0.175,-1.007
COL,2015,-0.009,-0.948,-0.95,0.175,-1.007
COL,2016,-0.009,-0.948,-0.95,0.175,-1.007
COL,2017,-0.009,-0.666,-0.642,0.175,-0.791
COL,2018,-0.315,-0.76,-0.7,0.081,-0.859
COL,2019,-1.484,-1.189,-1.643,-1.231,-1.336
COL,2020,-1.035,-0.954,-1.037,-1.033,-1.233
COL,2021,-1.217,-1.419,-1.429,-1.077,-1.884
COL,2022,-0.941,-1.674,-1.094,-0.827,-1.398
COL,2023,-1.205,-1.365,-1.094,-1.499,-1.398
COL,2024,-1.205,-1.365,-1.094,-1.499,-1.398
COL,2025,-1.494,-1.704,-1.124,-1.041,-1.398
POL,2000,2.307,2.99,1.96,2.722,2.957
POL,2001,2.307,2.99,1.96,2.722,2.68
POL,2002,2.307,2.421,1.96,2.722,2.68
POL,2003,2.307,2.421,1.96,2.722,2.68
POL,2004,2.307,2.421,1.96,2.722,2.68
POL,2005,2.307,2.061,1.883,2.288,2.062
POL,2006,2.307,2.061,1.883,2.147,2.253
POL,2007,2.682,2.061,1.357,2.147,2.075
POL,2008,2.682,2.061,1.862,2.402,2.258
POL,2009,2.682,2.061,1.862,2.402,2.258
POL,2010,2.682,2.061,1.636,2.402,2.258
POL,2011,2.682,2.061,1.636,2.402,2.058
POL,2012,2.682,2.061,1.636,2.402,2.272
POL,2013,2.682,2.061,1.636,2.402,2.272
POL,2014,2.682,2.061,1.54,2.402,2.272
POL,2015,0.547,1.42,1.162,1.307,1.927
POL,2016,-0.594,0.801,1.221,0.992,1.887
POL,2017,-0.594,0.801,1.221,0.992,1.887
POL,2018,-0.594,0.801,1.221,0.992,1.887
POL,2019,-0.594,0.801,1.221,0.914,1.531
POL,2020,-0.674,0.801,1.072,0.707,1.531
POL,2021,-0.964,0.193,1.072,0.225,1.531
POL,2022,-0.964,0.316,-0.184,0.225,1.531
POL,2023,-1.093,0.091,0.055,0.225,1.531
POL,2024,1.712,0.76,-0.868,2.227,1.565
POL,2025,1.949,0.694,-0.951,2.227,1.441
BRA,2000,1.089,2.387,0.955,1.046,0.546
BRA,2001,1.089,2.387,0.955,1.046,0.546
BRA,2002,1.089,2.387,0.955,1.046,0.546
BRA,2003,1.762,2.387,0.955,1.767,0.546
BRA,2004,1.762,2.387,0.955,1.767,0.546
BRA,2005,1.762,2.387,0.955,1.767,0.546
BRA,2006,1.762,2.387,0.955,1.767,0.546
BRA,2007,1.762,2.387,0.955,1.767,0.546
BRA,2008,1.762,2.3,0.955,1.767,0.252
BRA,2009,1.762,2.3,0.955,1.767,0.252
BRA,2010,1.397,1.753,0.562,1.341,0.069
BRA,2011,1.397,1.629,0.562,1.341,-0.412
BRA,2012,1.301,1.398,0.49,1.221,-0.501
BRA,2013,1.301,1.398,0.49,1.221,-0.501
BRA,2014,1.301,1.398,0.279,1.221,-0.501
BRA,2015,1.634,1.28,0.279,1.221,-0.501
BRA,2016,-0.226,0.268,0.199,0.254,-1.235
BRA,2017,-0.226,0.219,0.199,0.254,-1.413
BRA,2018,-1.009,-0.215,-0.049,-0.327,-1.62
BRA,2019,-2.244,-1.599,-0.049,-2.013,-2.253
BRA,2020,-2.521,-1.599,-0.049,-2.1,-2.181
BRA,2021,-2.521,-1.114,-0.444,-2.291,-2.187
BRA,2022,-3.023,-1.782,-1.104,-2.344,-2.463
BRA,2023,1.645,0.326,0.349,1.932,-0.027
BRA,2024,0.925,0.143,-0.957,0.55,-0.027
BRA,2025,1.882,0.143,1.204,1.75,-0.507
USA,2000,2.269,1.797,-0.462,0.323,1.908
USA,2001,2.159,1.845,-0.462,0.261,1.908
USA,2002,2.284,1.811,-0.7,0.313,1.908
USA,2003,2.153,1.811,-0.498,0.262,1.782
USA,2004,2.153,1.811,-0.498,0.262,1.782
USA,2005,2.332,1.812,-0.498,0.318,1.825
USA,2006,2.332,1.812,-0.498,0.318,1.825
USA,2007,2.332,1.812,-0.498,0.318,1.825
USA,2008,2.332,1.688,-0.498,0.318,1.73
USA,2009,2.6,1.747,-0.498,0.318,1.784
USA,2010,2.015,1.398,-0.698,0.165,1.784
USA,2011,2.015,1.361,-0.698,0.165,1.756
USA,2012,2.015,1.361,-0.756,0.165,1.756
USA,2013,2.015,1.404,-0.584,0.165,1.81
USA,2014,2.015,1.404,-0.584,0.165,1.76
USA,2015,1.549,1.353,-0.826,0.165,1.174
USA,2016,1.09,0.995,-1.692,0.111,0.971
USA,2017,0.523,0.995,-1.72,-0.13,0.971
USA,2018,0.523,0.995,-1.72,-0.13,0.971
USA,2019,0.374,0.787,-1.911,-0.229,0.315
USA,2020,0.374,0.809,-1.766,0.055,0.305
USA,2021,0.597,0.593,-2.006,0.119,0.332
USA,2022,1.041,0.743,-2.006,-0.035,0.332
USA,2023,1.173,0.661,-2.006,0.2,0.332
USA,2024,1.173,0.661,-2.006,0.2,0.332
USA,2025,-0.664,0.955,-2.006,-0.754,0.332
PRT,2000,2.446,2.692,3.049,2.557,2.279
PRT,2001,2.446,2.692,3.049,2.557,2.279
PRT,2002,2.446,2.692,3.049,2.557,2.279
PRT,2003,2.446,2.692,3.049,2.557,2.279
PRT,2004,2.446,2.692,3.049,2.557,2.279
PRT,2005,2.446,2.692,3.049,2.557,2.279
PRT,2006,2.446,2.692,3.049,2.557,2.279
PRT,2007,2.446,2.692,3.049,2.557,2.279
PRT,2008,2.446,2.692,3.049,2.557,2.279
PRT,2009,2.446,2.692,3.049,2.557,2.279
PRT,2010,2.446,2.692,3.049,2.557,2.279
PRT,2011,2.446,2.692,3.049,2.557,2.279
PRT,2012,2.446,2.692,3.049,2.557,2.279
PRT,2013,2.446,2.692,3.049,2.557,2.279
PRT,2014,2.446,2.692,3.049,2.557,2.279
PRT,2015,2.446,2.692,3.049,2.557,2.279
PRT,2016,2.446,2.692,3.049,2.557,2.279
PRT,2017,2.446,2.692,3.049,2.557,2.279
PRT,2018,2.446,2.692,3.049,2.557,2.279
PRT,2019,1.582,2.184,1.705,1.808,1.712
PRT,2020,2.227,1.957,2.666,2.431,1.712
PRT,2021,2.04,2.433,2.666,2.431,1.712
PRT,2022,1.822,2.433,2.666,2.1,1.403
PRT,2023,2.068,2.774,2.666,2.1,1.403
PRT,2024,2.001,2.957,2.666,2.274,2.215
PRT,2025,2.001,2.957,2.666,2.274,1.213
SLV,2000,-0.338,0.757,1.8,0.172,-0.116
SLV,2001,-0.338,0.757,1.8,0.172,-0.116
SLV,2002,-0.338,0.757,1.8,0.172,-0.116
SLV,2003,-0.338,0.757,1.8,0.172,-0.116
SLV,2004,-0.338,0.757,1.8,0.172,-0.116
SLV,2005,-0.338,0.757,1.8,0.172,-0.116
SLV,2006,-0.338,0.597,1.614,0.172,-0.116
SLV,2007,-0.338,0.597,1.614,0.172,-0.116
SLV,2008,-0.338,0.597,1.614,0.172,-0.116
SLV,2009,-0.338,0.597,1.614,0.172,-0.116
SLV,2010,-0.262,0.597,1.143,0.195,-0.116
SLV,2011,-0.262,0.597,1.143,0.195,-0.228
SLV,2012,-0.262,0.597,1.143,0.195,-0.228
SLV,2013,-0.262,0.212,1.143,0.195,-0.228
SLV,2014,-0.262,0.07,1.143,0.195,-0.228
SLV,2015,-0.262,0.07,1.143,0.195,-0.228
SLV,2016,-0.262,0.07,1.143,0.195,-0.228
SLV,2017,-0.262,0.07,1.013,0.195,-0.228
SLV,2018,-0.262,0.07,1.013,0.195,-0.228
SLV,2019,-0.865,-0.428,1.015,-0.459,-1.149
SLV,2020,-1.468,-0.559,0.63,-1.07,-1.311
SLV,2021,-1.513,-1.021,1.792,-1.07,-1.628
SLV,2022,-1.513,-1.021,0.98,-1.07,-1.628
SLV,2023,-1.513,-1.021,0.98,-1.221,-1.628
SLV,2024,-1.513,-1.021,0.98,-1.221,-1.628
SLV,2025,-1.513,-1.021,2.114,-1.221,-1.628
BGD,2000,0.019,0.421,0.573,0.156,0.04
BGD,2001,0.298,0.371,0.573,0.108,-0.037
BGD,2002,0.298,0.371,0.573,0.108,-0.037
BGD,2003,0.298,0.371,0.573,0.108,-0.037
BGD,2004,0.298,0.371,0.573,0.108,-0.037
BGD,2005,0.298,0.371,0.573,0.108,-0.037
BGD,2006,0.298,0.371,0.573,0.108,-0.037
BGD,2007,-0.19,0.371,0.573,0.108,-0.037
BGD,2008,-0.19,0.371,0.573,0.108,-0.037
BGD,2009,-0.14,0.138,0.573,0.148,-0.101
BGD,2010,-0.901,-0.007,0.04,-0.477,-0.715
BGD,2011,-0.901,-0.007,0.04,-0.477,-0.715
BGD,2012,-1.023,-0.007,0.04,-0.585,-0.715
BGD,2013,-1.023,-0.007,0.04,-0.585,-0.715
BGD,2014,-1.204,-0.167,-0.163,-0.695,-0.862
BGD,2015,-1.204,-0.167,0.015,-0.695,-0.862
BGD,2016,-1.567,-0.167,0.015,-0.865,-0.862
BGD,2017,-1.567,-0.167,0.015,-0.865,-0.862
BGD,2018,-1.567,-0.167,-0.157,-0.865,-0.862
BGD,2019,-1.237,-0.234,-0.088,-0.865,-0.75
BGD,2020,-1.287,-0.234,0.059,-0.909,-0.75
BGD,2021,-1.287,-1.338,-0.397,-0.909,-0.75
BGD,2022,-1.508,-1.445,-0.397,-1.175,-0.887
BGD,2023,-1.508,-1.118,-0.397,-1.175,-0.791
BGD,2024,-1.401,-1.305,-0.457,-1.496,-1.102
BGD,2025,-0.234,-0.5,-0.289,-0.589,-0.858
BOL,2000,0.133,2.153,0.294,0.531,1.232
BOL,2001,0.133,2.153,0.294,0.531,1.232
BOL,2002,0.133,2.153,0.294,0.531,1.232
BOL,2003,0.133,2.153,0.294,0.805,1.232
BOL,2004,0.133,2.153,0.294,0.805,1.232
BOL,2005,0.504,2.279,0.294,0.675,1.415
BOL,2006,0.174,-0.074,-1.249,0.074,-0.705
BOL,2007,0.174,-0.074,-1.249,0.074,-0.705
BOL,2008,0.082,-0.074,-1.249,-0.078,-0.705
BOL,2009,0.082,-0.074,-1.249,-0.078,-0.705
BOL,2010,0.179,-0.21,-1.249,-0.062,-0.731
BOL,2011,0.127,-0.21,-1.249,-0.062,-0.731
BOL,2012,0.127,-0.21,-1.249,-0.062,-0.731
BOL,2013,0.127,-0.21,-1.249,-0.062,-0.731
BOL,2014,-0.014,-0.21,-1.249,-0.062,-0.731
BOL,2015,-0.209,-0.312,-1.249,-0.062,-0.731
BOL,2016,-0.643,-0.512,-1.344,-0.619,-0.731
BOL,2017,-0.643,-0.512,-1.344,-0.619,-0.731
BOL,2018,-0.643,-0.512,-1.344,-0.619,-0.731
BOL,2019,-1.416,-0.957,-1.606,-1.352,-1.117
BOL,2020,-0.878,-0.947,-1.663,-0.621,-1.303
BOL,2021,-0.711,-0.819,-0.1,-0.467,-1.017
BOL,2022,-0.847,-1.079,-0.547,-0.467,-1.373
BOL,2023,-1.21,-1.079,-0.496,-0.65,-1.613
BOL,2024,-1.063,-1.217,-0.61,-0.81,-1.68
BOL,2025,-1.063,-1.369,-0.623,-0.704,-1.544
HTI,2000,0.639,1.374,1.471,1.949,1.847
HTI,2001,0.639,1.374,1.471,1.949,1.847
HTI,2002,0.639,1.374,1.471,1.949,1.847
HTI,2003,0.639,1.374,1.471,1.949,1.847
HTI,2004,0.639,1.374,1.471,1.949,1.847
HTI,2005,0.639,1.374,1.471,1.949,1.847
HTI,2006,0.761,1.374,1.471,1.949,1.847
HTI,2007,0.761,1.559,1.471,1.949,1.847
HTI,2008,0.645,1.348,1.471,1.261,1.847
HTI,2009,0.645,1.569,1.471,1.945,1.847
HTI,2010,-0.267,0.821,0.953,0.997,0.957
HTI,2011,-0.539,0.602,1.043,0.895,0.9
HTI,2012,-0.456,0.766,1.043,1.252,1.317
HTI,2013,-0.456,0.766,1.043,1.252,1.317
HTI,2014,-0.532,0.667,1.043,0.918,0.871
HTI,2015,-0.532,0.625,1.043,0.918,0.871
HTI,2016,-0.532,0.625,1.043,0.918,0.871
HTI,2017,-0.532,0.682,1.476,1.226,1.283
HTI,2018,-0.532,0.682,1.04,0.905,0.878
HTI,2019,-0.532,0.682,0.96,0.905,0.947
HTI,2020,-1.727,0.773,1.034,0.708,0.947
HTI,2021,-1.508,0.611,1.034,0.788,0.485
HTI,2022,-1.389,0.695,1.327,1.245,0.692
HTI,2023,-1.524,0.695,1.327,0.055,0.692
HTI,2024,-0.363,0.495,1.327,1.261,1.287
HTI,2025,-0.808,0.932,0.996,1.145,1.287
HND,2000,0.215,2.238,2.529,2.031,2.361
HND,2001,0.215,2.238,2.529,2.031,2.361
HND,2002,0.215,2.238,2.529,2.031,2.361
HND,2003,0.215,2.238,2.529,2.031,2.361
HND,2004,0.215,2.238,2.529,2.031,2.361
HND,2005,0.215,1.824,2.529,2.031,1.805
HND,2006,0.215,1.824,2.529,1.308,1.805
HND,2007,0.215,1.606,1.984,1.308,1.111
HND,2008,0.125,0.847,1.984,1.087,1.111
HND,2009,-0.084,0.468,0.797,0.334,0.011
HND,2010,-0.234,0.094,1.565,-0.034,0.183
HND,2011,-0.234,0.094,1.565,-0.034,0.183
HND,2012,-0.234,0.216,1.565,0.159,0.183
HND,2013,-0.453,-0.033,1.078,-0.104,0.025
HND,2014,-0.637,-0.363,1.756,-0.496,-0.801
HND,2015,-0.637,-0.363,1.756,-0.496,-0.801
HND,2016,-0.637,-0.897,1.624,-0.496,-1.199
HND,2017,-0.637,-0.897,0.331,-0.496,-1.199
HND,2018,-0.637,-0.897,0.685,-0.496,-1.199
HND,2019,-0.637,-0.388,0.769,-0.351,-1.199
HND,2020,-0.637,-0.388,0.539,-0.351,-1.199
HND,2021,-0.781,-0.388,0.539,-0.418,-1.228
HND,2022,0.127,0.047,1.435,0.779,-0.443
HND,2023,0.127,0.047,0.753,0.655,-0.443
HND,2024,0.127,0.047,0.753,0.655,-0.443
HND,2025,0.127,0.047,0.753,0.655,-0.443
MLI,2000,0.879,0.411,-0.448,0.586,-0.683
MLI,2001,0.879,0.411,-0.448,0.586,-0.683
MLI,2002,0.879,0.411,-0.448,0.586,-0.683
MLI,2003,0.879,0.411,-0.448,0.586,-0.683
MLI,2004,0.879,0.411,-0.448,0.586,-0.683
MLI,2005,0.879,0.411,-0.448,0.586,-0.683
MLI,2006,0.879,0.411,-0.448,0.586,-0.683
MLI,2007,0.879,0.411,-0.448,0.586,-0.683
MLI,2008,0.879,0.411,-0.448,0.586,-0.683
MLI,2009,0.879,0.411,-0.448,0.586,-0.683
MLI,2010,0.879,0.411,-0.448,0.586,-0.683
MLI,2011,0.879,0.411,-0.448,0.586,-0.683
MLI,2012,0.879,0.411,-0.448,0.586,-0.683
MLI,2013,0.57,-0.236,-0.448,0.586,-0.75
MLI,2014,0.57,-0.236,-0.448,0.586,-0.75
MLI,2015,0.57,-0.236,-0.448,0.586,-0.75
MLI,2016,0.57,-0.236,-0.448,0.586,-0.75
MLI,2017,0.57,-0.236,-0.448,0.586,-0.75
MLI,2018,0.57,-0.236,-0.448,0.586,-0.75
MLI,2019,1.218,1.319,0.107,1.256,-0.473
MLI,2020,1.218,1.558,0.107,0.978,-0.473
MLI,2021,0.152,1.558,-0.559,0.215,-0.594
MLI,2022,0.152,1.558,-0.559,0.215,-0.594
MLI,2023,-0.024,1.558,-0.559,0.058,-1.275
MLI,2024,-0.024,1.431,-0.945,0.058,-1.275
MLI,2025,-0.664,0.928,-0.945,0.058,-1.29
PAK,2000,0.763,1.655,-1.034,1.488,1.01
PAK,2001,0.763,1.655,-1.034,1.488,1.01
PAK,2002,0.838,1.655,-0.911,1.488,1.01
PAK,2003,0.557,1.655,-1.032,1.488,1.01
PAK,2004,0.557,1.655,-1.032,1.488,1.01
PAK,2005,0.557,1.655,-1.032,1.488,1.01
PAK,2006,0.557,1.655,-1.032,1.488,1.01
PAK,2007,0.557,1.427,-1.037,1.378,0.608
PAK,2008,0.557,1.427,-1.037,1.378,0.637
PAK,2009,0.557,1.427,-1.037,1.44,0.637
PAK,2010,-0.044,0.608,-1.022,0.927,0.49
PAK,2011,-0.044,0.299,-1.022,0.927,0.49
PAK,2012,-0.303,0.299,-1.022,0.357,0.303
PAK,2013,-0.676,-0.453,-1.259,0.318,-1.166
PAK,2014,-0.548,-0.453,-1.259,0.318,-1.166
PAK,2015,-0.754,-0.971,-1.259,0.318,-1.302
PAK,2016,-0.754,-0.971,-1.259,0.178,-1.302
PAK,2017,-0.754,-0.971,-1.259,0.178,-1.302
PAK,2018,-1.071,-0.971,-1.259,0.49,-1.302
PAK,2019,-1.071,-1.31,-1.556,0.62,-1.29
PAK,2020,-0.951,-0.887,-1.678,0.519,-1.29
PAK,2021,-0.951,-0.887,-1.258,0.519,-1.29
PAK,2022,-1.18,-1.528,-1.258,0.678,-1.29
PAK,2023,-0.899,-0.801,-1.858,0.601,-1.496
PAK,2024,-1.091,-0.801,-2.036,0.458,-2.0
PAK,2025,-0.671,-0.801,-2.184,0.458,-2.0
PER,2000,-0.251,1.273,2.13,0.237,1.325
PER,2001,1.828,1.343,2.13,2.487,2.131
PER,2002,1.828,1.343,2.13,2.487,2.131
PER,2003,1.828,1.343,2.13,2.487,2.131
PER,2004,1.828,1.343,2.13,2.487,2.131
PER,2005,1.828,1.343,2.13,2.487,2.131
PER,2006,1.828,1.291,1.228,2.487,1.872
PER,2007,1.558,1.334,2.196,2.166,2.107
PER,2008,1.558,1.334,2.196,2.166,2.107
PER,2009,1.558,1.334,2.196,2.166,2.107
PER,2010,1.558,1.334,2.196,2.166,2.107
PER,2011,1.558,1.267,1.334,2.166,1.967
PER,2012,1.444,1.337,2.192,2.166,2.161
PER,2013,1.444,1.337,2.192,2.166,2.161
PER,2014,1.444,1.337,2.192,2.166,2.161
PER,2015,1.444,1.337,2.192,2.166,2.161
PER,2016,1.444,0.55,1.514,2.166,1.472
PER,2017,1.444,0.55,1.514,2.166,1.559
PER,2018,1.444,0.388,1.514,2.166,1.45
PER,2019,1.444,0.388,1.514,2.166,1.45
PER,2020,0.708,0.056,1.07,1.145,1.45
PER,2021,0.197,0.056,1.07,1.145,0.835
PER,2022,-0.238,-0.259,0.553,1.336,0.571
PER,2023,-0.107,0.065,0.716,1.336,0.836
PER,2024,-0.107,-0.101,0.716,1.336,0.836
PER,2025,-0.107,-0.101,1.413,1.336,0.836
SEN,2000,0.782,0.501,0.186,1.743,0.92
SEN,2001,0.782,0.501,0.186,1.743,0.92
SEN,2002,0.782,0.501,0.186,1.743,0.92
SEN,2003,0.782,0.501,0.186,1.743,0.92
SEN,2004,0.782,0.501,0.186,1.743,0.92
SEN,2005,0.782,0.501,0.186,1.743,0.92
SEN,2006,0.782,0.501,0.186,1.743,0.92
SEN,2007,0.782,0.501,0.186,1.743,0.92
SEN,2008,0.782,0.501,0.186,1.743,0.92
SEN,2009,0.782,0.501,0.186,1.743,0.92
SEN,2010,0.782,0.501,0.186,1.743,0.92
SEN,2011,0.782,0.501,0.186,1.743,0.92
SEN,2012,0.782,0.501,0.186,1.743,0.92
SEN,2013,0.782,0.501,0.186,1.743,0.92
SEN,2014,0.782,0.501,0.186,1.743,0.92
SEN,2015,0.782,0.501,0.186,1.743,0.92
SEN,2016,0.782,0.501,0.186,1.457,0.92
SEN,2017,0.782,0.501,0.186,1.457,0.92
SEN,2018,0.782,0.501,0.186,1.457,0.92
SEN,2019,1.157,0.539,0.467,1.807,0.745
SEN,2020,1.157,0.539,0.467,1.807,0.624
SEN,2021,1.157,0.539,0.464,1.807,0.487
SEN,2022,0.703,0.213,0.464,1.542,0.59
SEN,2023,0.518,0.025,0.464,1.11,0.123
SEN,2024,-0.094,-0.089,0.263,0.459,-0.204
SEN,2025,-0.094,-0.089,0.263,0.459,-0.204
SSD,2011,-1.063,-1.124,-2.126,-0.94,-1.756
SSD,2012,-1.063,-1.124,-2.126,-0.94,-1.309
SSD,2013,-1.812,-1.124,-1.217,-0.94,-1.309
SSD,2014,-2.565,-1.449,-1.357,-1.805,-1.57
SSD,2015,-2.565,-1.449,-1.357,-1.805,-1.57
SSD,2016,-2.565,-1.449,-1.357,-1.805,-1.57
SSD,2017,-2.565,-1.449,-1.357,-1.805,-1.57
SSD,2018,-2.565,-1.449,-1.357,-1.805,-1.57
SSD,2019,-2.565,-1.449,-1.357,-1.805,-1.57
SSD,2020,-2.565,-1.449,-1.357,-1.805,-1.57
SSD,2021,-2.565,-1.449,-1.357,-1.805,-1.57
SSD,2022,-2.565,-1.449,-1.357,-1.805,-1.57
SSD,2023,-2.565,-1.449,-1.357,-1.805,-1.57
SSD,2024,-3.392,-1.449,-1.357,-1.805,-1.57
SSD,2025,-3.392,-1.449,-1.357,-1.805,-1.57
SDN,2000,-1.432,-1.024,-0.565,-0.479,-1.288
SDN,2001,-1.432,-1.024,-0.565,-0.479,-1.288
SDN,2002,-1.432,-1.024,-0.565,-0.479,-1.288
SDN,2003,-1.432,-1.024,-0.565,-0.479,-1.288
SDN,2004,-1.432,-1.024,-0.565,-0.479,-1.288
SDN,2005,-1.432,-1.024,-0.565,-0.479,-1.288
SDN,2006,-1.432,-1.024,-0.565,-0.479,-1.288
SDN,2007,-1.432,-1.024,-0.565,-0.479,-1.288
SDN,2008,-1.432,-1.024,-0.565,-0.479,-1.288
SDN,2009,-1.432,-1.024,-0.565,-0.479,-1.288
SDN,2010,-1.432,-1.024,-0.565,-0.479,-1.288
SDN,2011,-1.432,-1.024,-0.565,-0.479,-1.288
SDN,2012,-1.432,-1.024,-0.565,-0.479,-1.288
SDN,2013,-1.432,-1.024,-0.565,-0.479,-1.288
SDN,2014,-1.432,-1.024,-0.565,-0.479,-1.288
SDN,2015,-1.432,-1.024,-0.565,-0.479,-1.288
SDN,2016,-1.432,-1.024,-0.565,-0.479,-1.288
SDN,2017,-1.432,-1.024,-0.565,-0.479,-1.288
SDN,2018,-1.432,-1.024,-0.565,-0.479,-1.288
SDN,2019,-1.065,-0.821,-0.829,-0.739,-0.912
SDN,2020,-0.891,-0.821,-0.749,-0.566,-0.912
SDN,2021,-1.852,-1.185,-0.675,-0.977,-1.677
SDN,2022,-1.602,-1.185,-0.598,-0.977,-1.677
SDN,2023,-2.164,-1.185,-0.598,-1.267,-2.023
SDN,2024,-2.164,-1.733,-0.807,-1.425,-2.023
SDN,2025,-2.164,-1.733,-0.926,-1.467,-2.023
VNM,2000,-0.725,1.258,1.033,0.563,0.277
VNM,2001,-0.725,1.258,1.033,0.563,0.277
VNM,2002,-0.725,1.258,1.033,0.563,0.277
VNM,2003,-0.725,1.258,1.033,0.563,0.277
VNM,2004,-0.725,0.946,1.033,0.563,-0.364
VNM,2005,-0.725,0.946,1.033,0.563,-0.364
VNM,2006,-0.772,0.838,0.854,0.75,-0.613
VNM,2007,-0.772,0.838,0.854,0.75,-0.613
VNM,2008,-0.772,0.838,0.854,0.75,-0.613
VNM,2009,-0.772,0.838,0.854,0.75,-0.613
VNM,2010,-0.772,0.901,0.854,0.75,-1.001
VNM,2011,-0.772,0.901,0.854,0.75,-1.001
VNM,2012,-0.772,0.901,0.854,0.75,-1.001
VNM,2013,-0.772,0.901,0.854,0.75,-1.001
VNM,2014,-0.772,0.901,0.854,0.75,-1.001
VNM,2015,-0.772,0.901,0.854,0.75,-1.001
VNM,2016,-0.908,0.901,0.854,0.75,-1.001
VNM,2017,-0.908,0.901,0.854,0.75,-1.001
VNM,2018,-0.908,0.901,0.854,0.75,-1.001
VNM,2019,-1.25,0.811,0.829,0.69,-1.629
VNM,2020,-0.556,0.892,0.829,0.765,-1.075
VNM,2021,-0.783,0.956,0.248,0.809,-1.233
VNM,2022,-0.674,0.956,0.459,0.809,-1.233
VNM,2023,-0.201,0.987,0.459,0.856,-0.756
VNM,2024,-0.201,0.987,0.459,0.458,-1.306
VNM,2025,-0.476,0.991,-0.034,0.741,-0.998
AFG,2000,0.053,-0.546,-0.788,0.174,0.207
AFG,2001,0.053,-0.31,-0.788,0.032,-0.048
AFG,2002,0.053,-0.31,-0.788,0.032,-0.048
AFG,2003,0.053,-0.31,-0.788,0.032,-0.048
AFG,2004,0.053,-0.728,-0.788,0.032,-0.048
AFG,2005,-0.456,-0.728,-0.788,-0.003,-0.79
AFG,2006,-0.456,-0.728,-0.788,-0.003,-0.79
AFG,2007,-0.456,-0.728,-0.788,-0.003,-0.79
AFG,2008,-0.456,-0.728,-0.788,-0.003,-0.79
AFG,2009,-0.456,-0.728,-0.788,-0.003,-0.79
AFG,2010,-1.039,-1.603,-0.913,-0.98,-0.988
AFG,2011,-1.039,-1.603,-0.913,-0.98,-0.988
AFG,2012,-1.039,-1.603,-0.913,-0.98,-0.988
AFG,2013,-1.039,-1.603,-0.913,-0.98,-0.988
AFG,2014,-1.039,-1.707,-0.913,-0.98,-1.007
AFG,2015,-1.039,-1.707,-0.913,-0.98,-1.007
AFG,2016,-1.039,-1.707,-0.913,-0.98,-1.007
AFG,2017,-1.039,-1.707,-0.913,-0.98,-1.007
AFG,2018,-1.039,-1.707,-0.913,-0.98,-1.007
AFG,2019,-1.213,-2.052,-0.913,-1.182,-1.007
AFG,2020,-1.108,-1.805,-1.042,-0.944,-1.007
AFG,2021,-1.897,-2.249,-1.35,-2.103,-1.622
AFG,2022,-2.298,-2.478,-0.951,-2.354,-2.02
AFG,2023,-2.298,-3.16,-0.663,-2.354,-2.02
AFG,2024,-2.298,-2.504,-0.663,-2.354,-2.02
AFG,2025,-2.297,-2.504,-0.896,-2.354,-2.419
ARG,2000,2.062,2.125,1.085,1.754,1.547
ARG,2001,2.062,2.125,1.085,1.754,1.28
ARG,2002,2.062,2.125,1.085,1.754,1.28
ARG,2003,2.062,2.232,1.221,1.86,1.403
ARG,2004,2.119,2.232,1.221,1.86,1.403
ARG,2005,2.119,2.232,1.221,1.86,1.403
ARG,2006,2.119,2.232,1.221,1.86,1.403
ARG,2007,1.601,1.62,1.221,1.557,1.403
ARG,2008,1.484,1.49,1.221,1.199,1.106
ARG,2009,0.878,1.49,1.221,0.844,1.106
ARG,2010,0.683,0.825,1.221,0.844,1.106
ARG,2011,0.683,0.825,1.221,0.844,1.106
ARG,2012,0.683,0.825,1.221,0.844,1.106
ARG,2013,0.683,0.825,1.221,0.844,1.106
ARG,2014,0.659,0.825,1.221,0.844,1.106
ARG,2015,0.502,0.618,0.977,0.765,1.022
ARG,2016,1.056,0.618,0.977,1.105,1.022
ARG,2017,1.056,0.618,0.977,1.105,0.901
ARG,2018,1.056,0.618,0.977,1.105,0.901
ARG,2019,1.504,0.618,0.801,1.105,0.901
ARG,2020,2.104,0.932,1.127,2.004,1.14
ARG,2021,1.479,1.476,1.079,2.004,1.14
ARG,2022,1.428,0.931,1.079,2.004,1.14
ARG,2023,1.357,0.836,1.079,1.81,0.987
ARG,2024,0.761,0.529,1.079,0.453,0.762
ARG,2025,0.593,0.463,0.507,0.087,0.647
ETH,2000,-0.908,-0.967,-0.449,-1.338,-0.986
ETH,2001,-0.908,-0.967,-0.449,-1.338,-0.986
ETH,2002,-0.908,-0.967,-0.449,-1.338,-0.986
ETH,2003,-0.908,-0.967,-0.449,-1.338,-0.986
ETH,2004,-0.908,-0.967,-0.449,-1.338,-0.986
ETH,2005,-0.908,-0.967,-0.449,-1.338,-0.986
ETH,2006,-0.908,-0.967,-0.449,-1.338,-0.986
ETH,2007,-0.908,-0.967,-0.449,-1.338,-0.986
ETH,2008,-0.908,-0.967,-0.805,-1.338,-1.251
ETH,2009,-0.999,-0.967,-0.805,-1.371,-1.251
ETH,2010,-0.999,-0.967,-0.805,-1.466,-1.251
ETH,2011,-0.999,-0.967,-0.805,-1.466,-1.251
ETH,2012,-0.999,-0.967,-0.805,-1.466,-1.251
ETH,2013,-0.999,-0.967,-0.805,-1.466,-1.251
ETH,2014,-0.999,-0.967,-0.805,-1.466,-1.251
ETH,2015,-1.057,-0.967,-0.805,-1.519,-1.251
ETH,2016,-1.27,-1.027,-0.805,-1.519,-1.251
ETH,2017,-1.27,-1.027,-0.805,-1.519,-1.251
ETH,2018,-1.059,-1.027,-0.942,-1.208,-1.251
ETH,2019,-1.323,-1.413,-1.555,-1.366,-1.64
ETH,2020,-1.248,-1.41,-2.032,-1.039,-1.78
ETH,2021,-1.291,-1.41,-1.789,-1.006,-2.282
ETH,2022,-1.304,-1.75,-1.366,-1.056,-2.25
ETH,2023,-1.304,-1.115,-1.372,-1.056,-1.793
ETH,2024,-2.023,-2.183,-1.66,-1.609,-2.9
ETH,2025,-2.023,-2.183,-1.66,-1.33,-2.9
IND,2000,0.294,0.448,1.042,0.048,-0.333
IND,2001,0.294,0.448,1.042,0.048,-0.333
IND,2002,0.252,0.448,1.042,0.048,-0.333
IND,2003,0.252,0.227,1.071,0.048,-0.543
IND,2004,0.252,0.227,1.071,0.048,-0.543
IND,2005,0.252,0.227,0.841,0.048,-0.543
IND,2006,0.252,0.227,0.841,0.048,-0.543
IND,2007,0.252,0.227,0.841,0.048,-0.543
IND,2008,0.252,0.227,0.841,0.048,-0.543
IND,2009,0.252,0.227,0.841,0.048,-0.543
IND,2010,0.252,0.187,0.745,0.048,-0.616
IND,2011,0.252,0.187,0.745,0.048,-0.616
IND,2012,0.252,-0.111,0.745,0.048,-0.726
IND,2013,0.252,-0.23,0.745,0.048,-0.726
IND,2014,-0.784,-1.077,0.725,-0.628,-1.28
IND,2015,-0.833,-1.174,0.725,-0.628,-1.465
IND,2016,-0.833,-1.174,0.725,-0.718,-1.416
IND,2017,-0.833,-1.174,0.471,-0.718,-1.416
IND,2018,-0.833,-1.109,0.471,-0.718,-1.416
IND,2019,-1.106,-1.397,0.471,-0.87,-1.546
IND,2020,-1.285,-2.025,0.471,-0.869,-1.813
IND,2021,-1.002,-1.503,0.657,-0.488,-1.626
IND,2022,-1.092,-1.882,0.657,-0.663,-1.425
IND,2023,-1.428,-1.882,0.421,-0.762,-1.663
IND,2024,-1.413,-2.175,0.371,-0.788,-1.853
IND,2025,-1.413,-2.15,0.371,-0.788,-1.833
KEN,2000,-0.243,-0.501,1.197,0.34,0.406
KEN,2001,-0.243,-0.501,1.197,0.34,0.406
KEN,2002,-0.243,-0.501,1.197,0.34,0.406
KEN,2003,-0.243,-0.501,1.197,0.34,0.406
KEN,2004,-0.243,-0.501,1.197,0.34,0.406
KEN,2005,-0.243,-0.662,1.197,0.34,0.406
KEN,2006,-0.363,-0.662,1.197,0.34,0.406
KEN,2007,-0.452,-0.662,0.652,0.34,0.406
KEN,2008,-0.452,-0.662,0.652,0.34,0.406
KEN,2009,-0.452,-0.662,0.652,0.34,0.406
KEN,2010,-0.45,-0.743,0.86,0.036,0.142
KEN,2011,-0.45,-0.743,0.86,0.036,0.142
KEN,2012,-0.45,-0.743,0.86,0.036,0.142
KEN,2013,-0.956,-0.914,0.86,0.003,0.024
KEN,2014,-0.956,-0.914,0.86,0.003,0.024
KEN,2015,-0.956,-0.914,0.73,0.003,0.024
KEN,2016,-0.956,-0.914,0.827,0.003,0.024
KEN,2017,-0.956,-0.914,0.827,0.003,0.024
KEN,2018,-0.956,-0.914,0.827,0.003,0.024
KEN,2019,-0.956,-0.914,0.827,0.003,0.024
KEN,2020,-0.869,-0.523,0.827,0.487,0.374
KEN,2021,-0.869,-0.534,0.827,0.628,0.504
KEN,2022,-0.869,-0.653,0.827,0.628,0.448
KEN,2023,-0.753,-0.653,0.827,0.628,1.013
KEN,2024,-1.062,-0.653,0.827,0.99,1.052
KEN,2025,-0.99,-0.613,0.827,0.228,1.052
PRK,2000,-1.831,-2.093,-1.331,-2.519,-1.583
PRK,2001,-1.831,-2.093,-1.331,-2.519,-1.583
PRK,2002,-1.831,-2.093,-1.331,-2.519,-1.583
PRK,2003,-1.831,-2.093,-1.331,-2.519,-1.583
PRK,2004,-1.831,-2.093,-1.331,-2.519,-1.583
PRK,2005,-1.831,-2.093,-1.331,-2.519,-1.583
PRK,2006,-1.831,-2.093,-1.331,-2.519,-1.583
PRK,2007,-1.831,-2.093,-1.331,-2.519,-1.583
PRK,2008,-1.831,-2.093,-1.331,-2.519,-1.583
PRK,2009,-1.831,-2.093,-1.331,-2.519,-1.583
PRK,2010,-1.831,-2.093,-1.331,-2.519,-1.583
PRK,2011,-1.831,-2.093,-1.331,-2.519,-1.583
PRK,2012,-1.831,-2.093,-1.331,-2.519,-1.583
PRK,2013,-1.831,-2.093,-1.331,-2.519,-1.583
PRK,2014,-1.831,-2.093,-1.331,-2.519,-1.583
PRK,2015,-1.831,-2.093,-1.331,-2.519,-1.583
PRK,2016,-1.831,-2.093,-1.331,-2.519,-1.583
PRK,2017,-1.831,-2.093,-1.331,-2.519,-1.583
PRK,2018,-1.831,-2.093,-1.331,-2.519,-1.583
PRK,2019,-3.22,-2.093,-1.91,-2.8,-1.583
PRK,2020,-3.22,-2.093,-1.348,-2.8,-1.583
PRK,2021,-2.711,-2.093,-1.348,-2.8,-2.047
PRK,2022,-2.906,-2.093,-1.348,-2.8,-2.047
PRK,2023,-2.618,-2.093,-1.348,-3.223,-2.047
PRK,2024,-2.618,-2.093,-1.348,-3.223,-2.047
PRK,2025,-2.618,-2.093,-1.348,-3.223,-2.047
KOR,2000,1.848,1.4,0.565,1.577,0.794
KOR,2001,1.848,1.4,0.565,1.577,0.794
KOR,2002,1.848,1.4,0.565,1.577,0.794
KOR,2003,1.848,1.4,0.565,1.577,0.794
KOR,2004,1.848,1.4,0.565,1.577,0.794
KOR,2005,1.848,1.4,0.565,1.577,0.794
KOR,2006,1.848,1.4,0.565,1.577,0.794
KOR,2007,1.451,1.4,0.565,1.577,0.794
KOR,2008,1.046,1.156,0.565,1.072,0.605
KOR,2009,1.046,1.156,0.565,1.072,0.605
KOR,2010,1.046,1.156,0.565,1.072,0.605
KOR,2011,1.046,1.156,0.565,1.072,0.605
KOR,2012,0.567,0.403,0.565,1.072,0.605
KOR,2013,1.04,1.066,0.565,1.072,0.605
KOR,2014,1.04,1.066,0.565,1.072,0.605
KOR,2015,1.04,1.066,0.565,1.072,0.605
KOR,2016,1.04,1.066,0.565,1.072,0.605
KOR,2017,2.263,1.173,0.565,1.807,0.775
KOR,2018,2.263,1.173,0.565,1.807,0.775
KOR,2019,2.116,0.936,0.459,1.932,0.974
KOR,2020,2.116,0.936,0.459,2.163,1.123
KOR,2021,2.02,0.936,0.682,2.388,1.272
KOR,2022,1.361,0.936,0.604,1.951,1.272
KOR,2023,0.713,0.936,0.604,1.951,1.272
KOR,2024,0.235,0.573,0.604,0.421,0.1
KOR,2025,1.132,0.367,0.604,1.839,-0.077
XKX,2000,0.775,0.856,-1.473,1.216,0.925
XKX,2001,0.775,0.856,-1.473,1.216,0.925
XKX,2002,0.775,0.856,-1.473,1.216,0.925
XKX,2003,0.775,0.856,-1.473,1.216,0.925
XKX,2004,0.775,0.856,-1.473,1.216,0.925
XKX,2005,0.775,0.856,-1.473,1.216,0.925
XKX,2006,0.775,0.856,-1.473,1.216,0.925
XKX,2007,0.775,0.856,-1.473,1.216,0.925
XKX,2008,0.775,0.856,-1.728,1.216,0.925
XKX,2009,0.775,0.856,-1.728,1.216,0.925
XKX,2010,0.775,0.47,-1.948,1.216,0.925
XKX,2011,0.775,0.47,-1.948,1.216,0.925
XKX,2012,0.775,0.662,-1.948,1.343,0.981
XKX,2013,0.729,0.528,-1.948,1.343,0.981
XKX,2014,0.729,0.528,-1.948,1.343,0.981
XKX,2015,0.729,0.332,-1.948,1.255,0.837
XKX,2016,0.659,0.332,-1.948,1.255,0.837
XKX,2017,0.659,0.332,-1.948,1.255,0.837
XKX,2018,0.659,0.332,-1.948,1.255,0.837
XKX,2019,0.759,0.378,-1.948,1.255,0.837
XKX,2020,0.858,0.438,-1.948,1.255,0.837
XKX,2021,0.858,0.479,-1.729,1.333,0.837
XKX,2022,0.31,0.427,-1.729,0.654,0.537
XKX,2023,0.76,0.427,-2.166,1.208,0.537
XKX,2024,0.269,0.427,-2.585,1.103,0.537
XKX,2025,0.856,0.191,-2.14,1.186,0.537
LBN,2000,0.13,-0.059,-0.888,0.319,-0.848
LBN,2001,0.13,-0.059,-0.888,0.319,-0.848
LBN,2002,0.13,-0.059,-0.888,0.319,-0.848
LBN,2003,0.13,-0.059,-0.888,0.319,-0.848
LBN,2004,0.13,-0.059,-0.888,0.319,-0.848
LBN,2005,0.13,-0.059,-0.888,0.319,-0.848
LBN,2006,0.13,-0.115,-0.888,0.319,-1.005
LBN,2007,0.13,-0.115,-0.888,0.319,-1.005
LBN,2008,0.13,-0.048,-0.888,0.319,-0.841
LBN,2009,0.13,-0.048,-0.888,0.319,-0.841
LBN,2010,0.13,-0.048,-0.888,0.319,-0.841
LBN,2011,-0.204,-0.692,-0.888,-0.247,-0.927
LBN,2012,-0.204,-0.692,-0.888,-0.247,-0.927
LBN,2013,-0.204,-0.692,-0.888,-0.247,-0.927
LBN,2014,-0.359,-1.289,-0.888,-0.247,-0.927
LBN,2015,-0.359,-1.417,-1.036,-0.324,-1.021
LBN,2016,-0.445,-1.489,-1.036,-0.379,-1.083
LBN,2017,-0.493,-1.565,-1.036,-0.379,-1.206
LBN,2018,-0.493,-1.565,-1.036,-0.379,-1.206
LBN,2019,-1.298,-2.191,-1.036,-0.379,-1.102
LBN,2020,-1.093,-1.48,-1.036,-0.502,-1.102
LBN,2021,-1.396,-2.313,-1.689,-1.68,-2.368
LBN,2022,-1.297,-2.313,-1.834,-1.566,-2.192
LBN,2023,-1.399,-2.444,-1.575,-1.529,-2.192
LBN,2024,-1.031,-1.467,-1.488,-1.183,-1.703
LBN,2025,-1.021,-1.467,-1.488,-1.261,-1.283
NGA,2000,0.759,0.898,-0.769,1.005,-0.511
NGA,2001,0.759,0.898,-0.769,1.005,-0.511
NGA,2002,0.759,0.898,-0.769,1.005,-0.511
NGA,2003,0.759,0.898,-0.769,1.005,-0.511
NGA,2004,0.759,0.898,-0.769,1.005,-0.511
NGA,2005,0.759,0.898,-0.769,1.005,-0.511
NGA,2006,0.759,0.898,-0.769,1.005,-0.511
NGA,2007,0.872,0.898,-0.769,1.005,-0.511
NGA,2008,0.872,0.898,-0.769,1.005,-0.511
NGA,2009,0.872,0.898,-0.769,1.005,-0.511
NGA,2010,0.76,0.997,-0.74,1.123,-0.511
NGA,2011,0.76,0.835,-0.74,1.123,-0.511
NGA,2012,0.76,0.835,-0.74,1.123,-0.511
NGA,2013,0.76,0.835,-0.74,1.123,-0.511
NGA,2014,0.76,0.835,-0.74,1.123,-0.511
NGA,2015,0.714,0.713,-0.74,1.161,-0.61
NGA,2016,0.714,0.713,-0.74,1.161,-0.61
NGA,2017,0.714,0.713,-0.74,1.161,-0.61
NGA,2018,0.714,0.713,-0.74,1.161,-0.61
NGA,2019,0.714,0.587,-0.779,1.161,-0.703
NGA,2020,0.64,0.488,-0.779,1.161,-0.857
NGA,2021,0.64,0.488,-0.779,1.12,-0.786
NGA,2022,0.64,0.654,-0.779,1.12,-1.248
NGA,2023,0.64,0.654,-1.006,1.272,-1.716
NGA,2024,0.595,-0.741,-1.22,0.334,-1.502
NGA,2025,0.978,0.717,-0.811,0.759,-0.506
PHL,2000,-0.683,-0.539,0.907,-0.92,-0.866
PHL,2001,-0.683,-0.539,0.907,-0.92,-0.866
PHL,2002,-0.683,-0.539,0.907,-0.92,-0.866
PHL,2003,-0.683,-0.539,0.907,-0.92,-0.866
PHL,2004,-0.683,-0.539,0.907,-0.92,-0.866
PHL,2005,-0.683,-0.539,0.907,-0.92,-0.866
PHL,2006,-0.683,-0.539,0.907,-0.92,-0.866
PHL,2007,-0.683,-0.539,0.907,-0.92,-0.866
PHL,2008,-0.683,-0.539,0.907,-0.92,-0.866
PHL,2009,-0.683,-0.539,0.907,-0.92,-0.866
PHL,2010,-0.683,-0.668,0.907,-0.92,-1.022
PHL,2011,-0.683,-0.668,0.907,-0.92,-1.022
PHL,2012,-0.683,-0.668,0.907,-0.92,-1.022
PHL,2013,-0.683,-0.668,0.907,-0.92,-1.022
PHL,2014,-0.683,-0.668,0.907,-0.92,-1.022
PHL,2015,-0.683,-0.841,0.907,-0.92,-1.022
PHL,2016,-1.748,-1.199,0.534,-1.244,-1.396
PHL,2017,-1.748,-1.199,0.534,-1.244,-1.593
PHL,2018,-1.748,-1.199,0.534,-1.244,-1.593
PHL,2019,-1.748,-1.199,0.534,-1.312,-1.593
PHL,2020,-1.748,-1.199,0.534,-1.318,-1.593
PHL,2021,-1.748,-1.199,0.145,-1.557,-1.57
PHL,2022,-1.748,-1.199,0.145,-1.3,-1.349
PHL,2023,-1.86,-1.199,-0.144,-1.536,-1.776
PHL,2024,-2.022,-1.199,0.144,-1.699,-1.776
PHL,2025,-1.878,-1.199,0.144,-1.699,-1.776
TZA,2000,-0.158,0.537,1.526,1.003,-0.03
TZA,2001,-0.158,0.537,1.526,1.003,-0.03
TZA,2002,-0.158,0.537,1.526,1.003,-0.03
TZA,2003,-0.158,0.537,1.526,1.003,-0.03
TZA,2004,-0.158,0.537,1.526,1.003,-0.03
TZA,2005,-0.158,0.537,1.526,1.003,-0.03
TZA,2006,-0.158,0.537,1.526,1.003,-0.03
TZA,2007,-0.158,0.537,1.526,1.003,-0.03
TZA,2008,-0.158,0.537,1.526,1.003,-0.03
TZA,2009,-0.158,0.537,1.526,1.003,-0.03
TZA,2010,-0.276,0.403,1.526,1.003,-0.03
TZA,2011,-0.276,0.403,1.526,1.003,-0.03
TZA,2012,-0.276,0.403,1.526,1.003,-0.03
TZA,2013,-0.276,0.403,1.526,1.003,-0.03
TZA,2014,-0.276,0.403,1.526,1.003,-0.03
TZA,2015,-0.45,0.084,1.526,0.916,-0.03
TZA,2016,-0.734,0.084,1.526,0.783,-0.35
TZA,2017,-0.734,0.084,1.526,0.509,-0.35
TZA,2018,-0.734,0.084,1.526,0.509,-0.35
TZA,2019,-0.514,0.084,2.174,0.629,-0.164
TZA,2020,-0.514,0.42,1.563,0.659,-0.164
TZA,2021,-0.514,0.129,1.563,0.659,-0.164
TZA,2022,-0.514,0.129,1.989,0.659,-0.164
TZA,2023,-0.514,0.129,1.989,0.659,-0.164
TZA,2024,-0.514,0.129,1.989,0.659,-0.164
TZA,2025,-0.514,0.129,1.564,0.659,-0.164
TWN,2000,0.871,0.634,-2.22,0.603,0.217
TWN,2001,0.871,0.634,-2.22,0.603,0.217
TWN,2002,0.871,0.634,-2.22,0.603,0.217
TWN,2003,0.871,0.634,-2.22,0.603,0.217
TWN,2004,0.871,0.634,-2.22,0.603,0.217
TWN,2005,0.871,0.634,-2.22,0.603,0.217
TWN,2006,0.871,0.634,-2.22,0.603,0.217
TWN,2007,0.871,0.634,-2.22,0.603,0.217
TWN,2008,0.871,0.634,-2.22,0.603,0.217
TWN,2009,0.871,0.634,-2.22,0.603,0.217
TWN,2010,1.027,0.634,-2.22,0.603,0.217
TWN,2011,1.027,0.634,-2.22,0.603,0.217
TWN,2012,1.027,0.634,-2.652,0.603,0.217
TWN,2013,1.027,0.619,-3.035,0.603,0.217
TWN,2014,1.027,0.619,-3.035,0.603,0.217
TWN,2015,1.027,0.619,-3.035,0.603,0.217
TWN,2016,1.246,0.619,-3.035,0.603,0.217
TWN,2017,1.246,0.619,-3.343,0.603,0.217
TWN,2018,1.246,0.619,-3.343,0.603,0.217
TWN,2019,1.246,0.377,-3.876,0.786,0.161
TWN,2020,1.535,0.629,-3.876,0.941,0.299
TWN,2021,1.535,0.378,-3.876,0.941,0.133
TWN,2022,1.018,0.278,-3.876,0.702,0.083
TWN,2023,0.993,0.278,-3.876,0.615,0.197
TWN,2024,0.993,0.239,-3.876,0.615,0.197
TWN,2025,0.993,0.239,-3.876,0.615,0.197
THA,2000,0.694,0.231,1.146,0.31,0.416
THA,2001,0.694,0.231,1.146,0.31,0.416
THA,2002,0.694,0.231,1.146,0.31,0.416
THA,2003,0.694,0.231,1.146,0.31,0.416
THA,2004,0.694,0.231,1.146,0.31,0.416
THA,2005,0.694,0.231,1.146,0.31,0.416
THA,2006,0.318,0.231,1.146,0.31,0.416
THA,2007,0.318,0.231,1.146,0.31,0.416
THA,2008,0.318,0.231,1.146,0.31,0.416
THA,2009,0.318,0.231,1.146,0.31,0.416
THA,2010,0.697,-0.382,1.146,-0.6,-0.148
THA,2011,0.697,-0.382,1.146,-0.6,-0.148
THA,2012,0.697,-0.627,1.146,-0.6,-0.148
THA,2013,0.697,-0.627,0.632,-0.6,-0.148
THA,2014,-0.616,-0.627,0.632,-1.34,-0.148
THA,2015,-0.616,-0.627,0.632,-1.34,-0.148
THA,2016,-0.616,-0.627,0.632,-1.34,-0.148
THA,2017,-0.616,-0.627,0.843,-1.34,-0.148
THA,2018,-0.616,-0.627,0.843,-1.34,-0.148
THA,2019,-0.616,-0.627,0.843,-1.008,-0.436
THA,2020,-0.616,-0.627,0.843,-1.008,-0.436
THA,2021,-0.616,-0.627,0.843,-1.008,-0.436
THA,2022,-0.616,-0.627,0.843,-1.008,-0.436
THA,2023,-0.5,-0.678,0.264,-0.803,-0.436
THA,2024,0.147,-0.532,0.264,-0.323,-0.106
THA,2025,0.147,0.148,0.264,-0.323,-0.106
UGA,2000,-0.38,0.189,0.56,0.855,-0.666
UGA,2001,-0.462,-0.607,0.56,0.855,-0.666
UGA,2002,-0.462,-0.607,0.56,0.855,-0.666
UGA,2003,-0.462,-0.607,0.56,0.532,-0.666
UGA,2004,-0.462,-0.607,0.56,0.532,-0.666
UGA,2005,-1.167,-0.607,0.56,1.008,-0.666
UGA,2006,-1.167,-0.607,1.355,0.757,-0.666
UGA,2007,-1.167,-0.607,1.355,0.757,-0.666
UGA,2008,-1.167,-0.488,1.196,0.757,-0.666
UGA,2009,-1.167,-0.908,1.196,0.757,-0.666
UGA,2010,-1.167,-0.908,1.196,0.757,-0.713
UGA,2011,-1.167,-1.266,0.51,0.882,-1.21
UGA,2012,-1.167,-0.909,1.192,0.775,-0.726
UGA,2013,-1.167,-0.909,1.305,0.775,-0.726
UGA,2014,-1.167,-0.909,1.305,0.775,-0.726
UGA,2015,-1.167,-0.909,0.506,0.775,-0.726
UGA,2016,-1.054,-1.588,0.506,0.775,-0.726
UGA,2017,-1.054,-1.032,0.506,0.775,-0.726
UGA,2018,-1.168,-1.032,0.506,0.775,-0.726
UGA,2019,-1.168,-1.113,0.506,0.775,-0.707
UGA,2020,-1.31,-1.682,0.113,-0.79,-0.793
UGA,2021,-1.419,-1.465,-1.095,-0.79,-1.31
UGA,2022,-1.276,-1.465,-0.572,-0.79,-1.31
UGA,2023,-1.276,-1.465,-1.058,-0.403,-1.31
UGA,2024,-1.276,-1.021,1.12,0.666,-1.003
UGA,2025,-1.276,-1.021,1.12,0.666,-1.003
VEN,2000,-0.986,-0.319,0.179,-1.133,-0.406
VEN,2001,-0.986,-0.319,0.179,-1.133,-0.487
VEN,2002,-0.986,-0.431,-0.058,-1.133,-0.487
VEN,2003,-1.051,-0.431,-0.058,-1.133,-0.487
VEN,2004,-1.106,-0.574,-0.058,-1.333,-0.603
VEN,2005,-1.146,-0.574,-0.24,-1.333,-0.603
VEN,2006,-1.146,-0.773,-0.24,-1.358,-0.828
VEN,2007,-1.146,-0.909,-0.24,-1.358,-0.828
VEN,2008,-1.146,-0.909,-0.24,-1.358,-0.828
VEN,2009,-1.194,-0.851,-0.414,-1.358,-0.828
VEN,2010,-1.38,-1.15,-0.768,-1.506,-0.985
VEN,2011,-1.38,-1.15,-0.768,-1.506,-1.044
VEN,2012,-1.38,-1.117,-0.768,-1.506,-1.044
VEN,2013,-2.459,-1.488,-0.768,-2.47,-1.515
VEN,2014,-2.648,-1.435,-0.923,-2.47,-1.515
VEN,2015,-2.648,-1.541,-0.923,-2.742,-1.596
VEN,2016,-2.96,-1.541,-0.923,-2.742,-1.596
VEN,2017,-3.027,-1.541,-0.923,-2.802,-1.596
VEN,2018,-2.979,-1.56,-1.054,-2.961,-1.596
VEN,2019,-2.979,-2.003,-1.497,-2.787,-1.686
VEN,2020,-3.262,-2.344,-1.362,-2.92,-2.137
VEN,2021,-3.64,-2.344,-1.749,-3.288,-2.066
VEN,2022,-3.189,-2.263,-1.85,-3.288,-2.582
VEN,2023,-3.189,-2.103,-1.889,-3.288,-2.415
VEN,2024,-3.189,-1.59,-1.889,-3.288,-2.149
VEN,2025,-3.189,-1.59,-1.889,-3.288,-1.558
BEN,2000,1.044,0.712,0.484,1.799,0.016
BEN,2001,1.044,0.712,0.484,1.799,0.016
BEN,2002,1.044,0.712,0.484,1.799,0.016
BEN,2003,1.044,0.712,0.484,1.799,0.016
BEN,2004,1.044,0.712,0.484,1.799,0.016
BEN,2005,1.044,0.712,0.484,1.799,0.016
BEN,2006,0.884,0.712,0.484,1.799,0.016
BEN,2007,0.884,0.533,0.484,1.799,-0.218
BEN,2008,0.884,0.533,0.484,1.799,-0.218
BEN,2009,0.884,0.533,0.484,1.799,-0.218
BEN,2010,0.884,0.533,0.484,1.799,-0.218
BEN,2011,0.884,0.533,0.484,1.799,-0.218
BEN,2012,0.884,0.533,0.484,1.799,-0.218
BEN,2013,0.884,0.533,0.484,1.799,-0.218
BEN,2014,0.884,0.533,0.484,1.799,-0.218
BEN,2015,0.884,0.533,0.484,1.799,-0.218
BEN,2016,0.691,0.533,0.484,1.651,-0.311
BEN,2017,0.569,0.533,0.484,0.998,-0.311
BEN,2018,0.569,0.533,0.484,0.998,-0.311
BEN,2019,1.084,-0.167,0.484,0.998,-0.531
BEN,2020,1.439,0.503,1.214,0.998,-0.329
BEN,2021,1.439,0.585,1.672,0.998,-0.08
BEN,2022,1.576,0.585,1.672,0.998,-0.08
BEN,2023,1.576,0.585,0.849,0.755,-0.08
BEN,2024,1.576,0.839,0.394,0.755,0.41
BEN,2025,1.576,0.839,0.394,0.755,0.41
BTN,2000,0.062,2.281,-1.952,0.649,-0.793
BTN,2001,0.062,2.281,-1.952,0.649,-0.793
BTN,2002,0.062,2.281,-1.952,0.649,-0.793
BTN,2003,0.062,2.281,-1.952,0.649,-0.793
BTN,2004,0.329,2.281,-1.952,1.083,-0.793
BTN,2005,0.329,2.882,-1.952,1.083,-0.793
BTN,2006,0.329,2.882,-1.952,1.083,-0.793
BTN,2007,0.329,2.882,-1.952,1.083,-0.793
BTN,2008,0.719,1.261,-1.873,1.083,-0.585
BTN,2009,0.719,1.261,-1.873,1.083,-0.585
BTN,2010,0.719,1.261,-1.873,1.083,-0.585
BTN,2011,0.719,1.261,-1.873,1.083,-0.585
BTN,2012,0.719,1.261,-1.873,1.083,-0.585
BTN,2013,0.719,0.954,-2.019,1.083,-0.629
BTN,2014,0.719,1.204,-1.861,1.083,-0.629
BTN,2015,0.641,1.204,-1.861,0.914,-0.629
BTN,2016,0.641,1.204,-1.861,0.914,-0.629
BTN,2017,0.641,1.204,-1.861,0.914,-0.629
BTN,2018,0.641,0.949,-1.861,0.914,-0.629
BTN,2019,0.578,1.199,-1.861,0.914,-0.629
BTN,2020,0.987,1.199,-1.861,0.914,-0.629
BTN,2021,0.987,1.132,-1.718,0.914,-1.042
BTN,2022,0.987,1.132,-1.359,0.914,-0.999
BTN,2023,0.987,1.132,-1.359,0.914,-0.999
BTN,2024,0.987,1.123,-1.359,0.914,-0.999
BTN,2025,0.987,1.123,-1.359,0.914,-0.999
BFA,2000,1.138,1.38,-0.29,0.747,1.015
BFA,2001,1.138,1.38,-0.29,0.747,1.015
BFA,2002,1.138,1.38,-0.29,0.747,1.015
BFA,2003,1.138,1.38,-0.29,0.747,1.015
BFA,2004,1.138,1.38,-0.29,0.747,1.015
BFA,2005,1.138,1.38,-0.29,0.747,1.015
BFA,2006,1.138,1.38,-0.29,0.747,1.015
BFA,2007,1.138,1.38,-0.29,0.747,1.015
BFA,2008,1.138,1.38,-0.29,0.747,1.015
BFA,2009,1.138,1.38,-0.29,0.747,1.015
BFA,2010,0.672,0.773,-0.29,0.747,1.015
BFA,2011,0.672,0.773,-0.29,0.747,1.015
BFA,2012,0.672,0.773,-0.29,0.747,1.015
BFA,2013,0.672,0.773,-0.29,0.747,1.015
BFA,2014,0.672,0.773,-0.29,0.747,0.497
BFA,2015,1.083,0.773,-0.29,0.747,0.497
BFA,2016,1.083,0.773,-0.29,0.747,0.497
BFA,2017,1.083,0.773,-0.29,0.747,0.497
BFA,2018,1.083,0.773,-0.29,0.747,0.497
BFA,2019,1.083,1.346,-0.29,0.747,0.989
BFA,2020,1.083,1.346,-0.29,0.747,0.989
BFA,2021,0.682,0.676,-0.29,0.419,0.515
BFA,2022,0.584,0.676,-0.29,0.419,0.515
BFA,2023,-0.095,0.676,-1.35,-0.306,0.079
BFA,2024,-0.026,0.676,-1.919,-0.306,0.079
BFA,2025,-0.026,0.676,-2.423,-0.306,0.079
KHM,2000,-1.234,-0.664,1.271,-0.421,-0.504
KHM,2001,-1.234,-0.664,1.271,-0.421,-0.504
KHM,2002,-1.234,-0.664,1.271,-0.421,-0.504
KHM,2003,-1.234,-0.664,1.271,-0.421,-0.504
KHM,2004,-1.234,-0.664,1.271,-0.421,-0.504
KHM,2005,-1.234,-0.664,1.271,-0.421,-0.504
KHM,2006,-1.234,-0.664,1.271,-0.421,-0.504
KHM,2007,-1.234,-0.664,1.271,-0.421,-0.504
KHM,2008,-1.3,-0.664,1.271,-0.421,-0.504
KHM,2009,-1.3,-0.664,1.271,-0.421,-0.504
KHM,2010,-1.3,-0.898,1.271,-0.935,-0.814
KHM,2011,-1.386,-0.898,1.271,-0.935,-0.814
KHM,2012,-1.386,-0.898,1.203,-1.072,-0.814
KHM,2013,-1.817,-1.344,0.847,-1.289,-1.067
KHM,2014,-1.817,-1.344,0.847,-1.289,-1.257
KHM,2015,-1.817,-1.344,0.847,-1.289,-1.257
KHM,2016,-1.817,-1.344,0.847,-1.289,-1.257
KHM,2017,-1.929,-1.458,0.847,-1.289,-1.257
KHM,2018,-1.929,-1.458,0.847,-1.289,-1.257
KHM,2019,-1.649,-1.123,0.847,-1.289,-1.652
KHM,2020,-1.649,-1.123,0.603,-1.289,-1.825
KHM,2021,-2.402,-1.356,0.646,-2.054,-1.646
KHM,2022,-2.622,-1.481,0.787,-2.054,-1.69
KHM,2023,-1.895,-1.272,1.074,-1.366,-1.69
KHM,2024,-2.104,-1.493,0.796,-1.366,-1.69
KHM,2025,-2.104,-2.37,0.615,-1.229,-1.69
IDN,2000,0.346,0.452,0.112,0.517,0.802
IDN,2001,0.346,0.452,0.112,0.517,0.802
IDN,2002,0.346,0.452,0.112,0.517,0.802
IDN,2003,0.346,0.452,0.112,0.517,0.802
IDN,2004,0.346,0.452,0.112,0.517,0.802
IDN,2005,0.346,0.452,0.112,0.517,0.802
IDN,2006,0.346,0.452,0.112,0.517,0.802
IDN,2007,0.346,0.452,0.112,0.517,0.802
IDN,2008,0.346,0.452,0.112,0.517,0.802
IDN,2009,0.346,0.452,0.112,0.517,0.802
IDN,2010,0.346,0.281,0.112,0.517,0.802
IDN,2011,0.346,0.281,0.112,0.517,0.802
IDN,2012,0.346,0.281,0.112,0.517,0.802
IDN,2013,0.346,0.281,0.112,0.517,0.802
IDN,2014,0.346,-0.114,0.022,0.517,0.635
IDN,2015,0.253,0.06,0.022,0.517,0.635
IDN,2016,0.253,-0.273,0.022,0.517,0.635
IDN,2017,0.014,-0.273,0.022,0.517,0.635
IDN,2018,0.014,0.026,0.022,0.517,0.635
IDN,2019,-0.259,0.167,0.012,0.144,0.598
IDN,2020,0.18,0.307,0.071,0.752,0.778
IDN,2021,0.18,0.307,0.071,0.752,0.778
IDN,2022,0.18,0.307,0.216,1.561,0.778
IDN,2023,0.054,0.211,0.216,1.151,1.098
IDN,2024,-0.379,0.211,0.216,1.151,1.098
IDN,2025,-0.579,-0.487,0.216,1.151,0.928
MOZ,2000,0.849,1.219,1.531,1.853,0.838
MOZ,2001,0.849,1.219,1.531,1.853,0.838
MOZ,2002,0.849,1.219,1.531,1.853,0.838
MOZ,2003,0.849,1.103,1.531,1.853,0.685
MOZ,2004,0.849,1.103,1.531,1.853,0.685
MOZ,2005,0.849,1.204,1.531,1.853,0.833
MOZ,2006,0.849,1.204,1.531,1.853,0.833
MOZ,2007,0.849,1.204,1.531,1.853,0.833
MOZ,2008,0.849,1.086,1.531,1.853,0.654
MOZ,2009,0.849,0.591,1.531,1.853,0.654
MOZ,2010,0.849,0.382,1.374,1.346,0.281
MOZ,2011,0.346,0.382,1.374,1.346,0.281
MOZ,2012,0.346,0.382,1.374,1.346,0.281
MOZ,2013,0.258,0.318,1.374,0.765,0.147
MOZ,2014,0.101,-0.017,1.374,0.765,0.147
MOZ,2015,0.101,-0.017,1.374,0.765,0.275
MOZ,2016,0.101,-0.174,1.374,0.62,0.137
MOZ,2017,0.101,-0.174,1.374,0.62,0.137
MOZ,2018,0.101,-0.444,1.374,0.62,0.137
MOZ,2019,0.101,-0.553,1.196,0.566,-0.122
MOZ,2020,-0.167,-0.429,1.317,0.804,-0.059
MOZ,2021,-0.299,-0.429,1.073,0.68,-0.059
MOZ,2022,-0.493,-0.069,1.15,0.647,-0.13
MOZ,2023,-0.348,-0.596,1.15,0.788,-1.268
MOZ,2024,-1.048,-1.438,1.15,-0.031,-1.311
MOZ,2025,-1.048,-1.297,0.148,-0.106,-1.37
NPL,2000,-0.73,0.127,-0.258,-0.132,-0.483
NPL,2001,-0.73,0.127,-0.258,-0.132,-0.483
NPL,2002,-0.73,0.127,-0.258,-0.132,-0.483
NPL,2003,-0.73,0.127,-0.258,-0.132,-0.483
NPL,2004,-0.73,0.127,-0.258,-0.132,-0.483
NPL,2005,-0.73,0.127,-0.258,-0.132,-0.483
NPL,2006,-0.553,0.127,-0.258,-0.132,-0.483
NPL,2007,0.315,0.642,0.324,0.674,-0.483
NPL,2008,0.315,0.642,0.324,0.674,-0.28
NPL,2009,0.315,0.642,0.45,0.674,-0.28
NPL,2010,0.18,0.279,0.38,0.424,-0.367
NPL,2011,0.18,0.46,0.38,0.424,-0.367
NPL,2012,0.18,0.263,0.38,0.424,-0.367
NPL,2013,0.18,0.263,0.38,0.424,-0.367
NPL,2014,0.18,0.263,0.38,0.424,-0.367
NPL,2015,0.18,0.263,0.38,0.424,-0.367
NPL,2016,-0.028,0.159,0.38,0.424,-0.367
NPL,2017,-0.101,0.159,0.38,0.424,-0.367
NPL,2018,-0.101,0.159,0.598,0.424,-0.367
NPL,2019,-0.609,0.159,0.255,0.324,-0.367
NPL,2020,-0.499,-0.131,0.255,0.145,-0.469
NPL,2021,-0.144,-0.131,0.213,0.689,-0.72
NPL,2022,-0.204,0.782,0.653,0.779,-0.383
NPL,2023,-0.204,0.56,0.799,0.779,-0.279
NPL,2024,-0.332,0.526,0.682,0.779,-0.447
NPL,2025,0.021,0.404,0.796,0.779,-0.409
NIC,2000,0.345,0.15,-0.387,0.415,0.389
NIC,2001,0.345,0.15,-0.387,0.415,0.389
NIC,2002,0.345,0.304,-0.387,0.415,0.389
NIC,2003,0.345,0.304,-0.387,0.415,0.389
NIC,2004,0.345,0.304,-0.387,0.415,0.389
NIC,2005,0.345,0.304,-0.387,0.415,0.389
NIC,2006,0.056,0.304,-0.387,-0.203,0.389
NIC,2007,-0.18,0.36,-0.387,-0.238,0.389
NIC,2008,-0.18,0.36,-0.387,-0.238,0.389
NIC,2009,-0.18,0.36,-0.387,-0.238,0.389
NIC,2010,-0.18,0.36,-0.583,-0.238,-0.231
NIC,2011,-0.18,0.36,-0.583,-0.238,-0.231
NIC,2012,-0.18,0.36,-0.583,-0.238,-0.231
NIC,2013,-0.18,0.36,-0.583,-0.238,-0.231
NIC,2014,-0.18,-0.009,-0.583,-0.238,-0.231
NIC,2015,-0.18,-0.009,-0.583,-0.238,-0.556
NIC,2016,-0.18,-0.009,-0.583,-0.238,-0.556
NIC,2017,-0.748,-0.009,-0.583,-0.238,-0.556
NIC,2018,-1.68,-1.14,-0.583,-1.283,-1.707
NIC,2019,-1.63,-1.14,-0.354,-1.557,-1.92
NIC,2020,-2.173,-1.303,-0.729,-2.359,-2.674
NIC,2021,-2.786,-1.303,-0.729,-2.518,-2.674
NIC,2022,-2.786,-1.899,-0.729,-2.98,-3.138
NIC,2023,-2.786,-3.112,-0.729,-2.98,-3.619
NIC,2024,-2.786,-3.112,-0.536,-2.98,-3.619
NIC,2025,-2.786,-3.112,-0.578,-2.98,-3.619
NER,2000,-0.124,0.712,0.688,0.452,0.198
NER,2001,-0.124,0.712,0.688,0.452,0.198
NER,2002,-0.124,0.712,0.688,0.452,0.198
NER,2003,-0.124,0.712,0.688,0.452,0.198
NER,2004,-0.124,0.712,0.688,0.452,0.198
NER,2005,-0.124,0.712,0.688,0.452,0.198
NER,2006,-0.124,0.712,0.688,0.3,0.198
NER,2007,-0.124,0.712,0.688,0.3,0.088
NER,2008,-0.124,0.712,0.688,0.3,0.088
NER,2009,-0.124,0.712,0.688,0.3,0.088
NER,2010,-0.124,0.66,0.484,-0.878,-1.11
NER,2011,-0.563,0.539,-0.149,-0.841,-1.05
NER,2012,-0.703,0.477,-0.149,-0.841,-1.231
NER,2013,-0.28,0.477,-0.149,-0.723,-1.231
NER,2014,-0.28,0.477,-0.149,-0.723,-1.231
NER,2015,-0.28,0.477,-0.149,-0.723,-1.231
NER,2016,-0.28,0.477,-0.149,-0.723,-1.231
NER,2017,-0.28,0.477,-0.149,-0.723,-1.231
NER,2018,-0.28,0.477,-0.149,-0.723,-1.231
NER,2019,-0.785,0.647,-0.193,-0.94,-1.259
NER,2020,-0.556,0.853,-0.543,-0.666,-0.902
NER,2021,-0.556,0.853,0.564,-0.038,-0.902
NER,2022,-0.556,0.298,0.071,-0.038,-0.069
NER,2023,-0.296,0.298,-0.632,-0.038,-0.269
NER,2024,0.29,1.052,-0.544,-0.157,0.011
NER,2025,0.281,-0.658,-0.649,-0.4,-0.456
ZMB,2000,1.239,1.674,2.54,1.49,0.637
ZMB,2001,1.573,1.674,2.54,1.49,0.637
ZMB,2002,1.573,1.674,2.54,1.49,0.637
ZMB,2003,1.573,1.674,2.54,1.49,0.637
ZMB,2004,1.573,1.674,2.54,1.49,0.637
ZMB,2005,1.573,1.674,2.54,1.49,0.637
ZMB,2006,1.573,1.674,2.54,1.49,0.637
ZMB,2007,1.573,1.674,2.54,1.49,0.637
ZMB,2008,1.25,0.567,1.923,1.251,-0.293
ZMB,2009,1.25,0.567,1.923,1.251,-0.293
ZMB,2010,1.25,0.567,1.923,0.136,-0.293
ZMB,2011,0.363,-1.439,1.487,-0.15,-1.716
ZMB,2012,-0.007,-1.439,1.487,-0.15,-1.716
ZMB,2013,-0.007,-1.608,1.487,-0.15,-1.716
ZMB,2014,-0.007,-1.608,1.487,-0.15,-1.716
ZMB,2015,-0.007,-1.608,1.487,-0.15,-1.716
ZMB,2016,-0.007,-1.681,0.926,-0.15,-1.716
ZMB,2017,-0.007,-1.681,0.926,-0.15,-1.716
ZMB,2018,-0.219,-1.681,0.926,-0.15,-1.716
ZMB,2019,0.169,-1.804,0.926,-0.15,-1.861
ZMB,2020,0.367,-1.93,0.626,-0.439,-1.981
ZMB,2021,-0.639,-2.547,0.265,-0.648,-2.17
ZMB,2022,0.48,-1.829,0.265,0.221,-2.17
ZMB,2023,0.46,-2.003,0.265,1.206,-2.296
ZMB,2024,1.006,-2.398,0.265,1.401,-2.428
ZMB,2025,1.328,-2.652,0.265,0.663,-1.56
ZWE,2000,-1.412,-2.076,0.173,-1.111,-1.12
ZWE,2001,-1.412,-2.076,0.173,-1.111,-1.12
ZWE,2002,-1.412,-2.076,0.173,-1.111,-1.12
ZWE,2003,-1.412,-2.076,0.173,-1.111,-1.12
ZWE,2004,-1.412,-2.076,0.173,-1.111,-1.12
ZWE,2005,-1.412,-2.076,0.173,-1.111,-1.12
ZWE,2006,-1.412,-2.076,0.173,-1.111,-1.12
ZWE,2007,-1.412,-2.076,0.173,-1.111,-1.12
ZWE,2008,-1.412,-2.076,0.173,-1.111,-1.12
ZWE,2009,-1.412,-2.076,0.173,-1.111,-1.12
ZWE,2010,-1.315,-2.076,0.173,-1.111,-1.12
ZWE,2011,-1.315,-2.076,0.173,-1.111,-1.12
ZWE,2012,-1.315,-2.076,0.173,-1.111,-1.12
ZWE,2013,-1.315,-2.076,0.173,-1.111,-1.12
ZWE,2014,-1.315,-2.076,0.173,-1.149,-1.12
ZWE,2015,-1.315,-2.076,0.173,-1.149,-1.12
ZWE,2016,-1.315,-2.076,0.173,-1.149,-1.598
ZWE,2017,-1.527,-2.076,0.173,-1.149,-1.598
ZWE,2018,-1.326,-2.076,0.173,-1.149,-2.047
ZWE,2019,-1.326,-2.068,0.173,-1.43,-2.047
ZWE,2020,-2.203,-2.24,0.173,-1.43,-1.629
ZWE,2021,-2.203,-2.24,0.173,-2.499,-1.629
ZWE,2022,-2.667,-2.458,0.173,-2.499,-1.952
ZWE,2023,-2.598,-2.708,0.448,-2.654,-1.952
ZWE,2024,-2.598,-2.708,0.448,-2.654,-2.726
ZWE,2025,-2.598,-2.708,0.448,-2.654,-2.726
GIN,2000,0.782,1.497,0.464,1.494,0.268
GIN,2001,0.782,1.497,0.464,1.494,0.268
GIN,2002,0.782,1.497,0.464,1.494,0.268
GIN,2003,0.782,1.497,0.464,1.494,0.268
GIN,2004,0.782,1.497,0.464,1.494,0.268
GIN,2005,0.782,1.497,0.464,1.494,0.268
GIN,2006,0.782,1.497,0.464,1.494,0.268
GIN,2007,0.782,1.497,0.464,1.494,0.268
GIN,2008,0.782,1.343,0.464,1.494,0.268
GIN,2009,0.782,1.295,0.464,1.285,0.268
GIN,2010,0.851,0.604,0.325,1.375,-0.279
GIN,2011,0.558,0.604,0.325,1.106,-0.404
GIN,2012,0.558,0.604,0.325,0.817,-0.404
GIN,2013,0.558,0.604,0.325,0.817,-0.404
GIN,2014,0.558,0.604,0.325,0.817,-0.457
GIN,2015,-0.397,0.604,0.325,0.817,-0.457
GIN,2016,-0.397,0.604,-0.036,0.817,-0.457
GIN,2017,-0.397,0.604,-0.036,0.817,-0.457
GIN,2018,-0.397,0.604,-0.036,0.541,-0.57
GIN,2019,-0.397,0.489,-0.036,0.655,-0.831
GIN,2020,-0.482,0.093,-0.036,0.451,-0.787
GIN,2021,-0.482,0.093,-0.036,0.451,-0.787
GIN,2022,-0.482,-0.284,0.267,-0.212,-1.361
GIN,2023,-0.482,-0.284,0.267,-0.212,-1.361
GIN,2024,-0.985,-0.284,0.267,-0.212,-1.361
GIN,2025,-2.493,-0.284,0.267,-2.45,-2.141
CIV,2000,0.06,-0.795,-0.991,0.68,-1.279
CIV,2001,0.06,-0.795,-0.991,0.68,-1.279
CIV,2002,0.06,-0.795,-0.991,0.68,-1.279
CIV,2003,0.06,-0.795,-0.991,0.68,-1.279
CIV,2004,0.06,-0.795,-0.991,0.68,-1.279
CIV,2005,0.06,-0.795,-0.991,0.68,-1.279
CIV,2006,0.06,-0.795,-0.991,0.68,-1.279
CIV,2007,0.06,-0.795,-0.991,0.68,-1.279
CIV,2008,0.06,-0.795,-0.991,0.68,-1.279
CIV,2009,0.06,-0.795,-0.991,0.68,-1.279
CIV,2010,-0.073,-0.983,-1.118,0.68,-1.279
CIV,2011,0.138,-0.696,-0.962,0.826,-0.906
CIV,2012,0.221,-0.696,-0.962,0.927,-0.906
CIV,2013,0.221,-0.696,-0.962,0.927,-0.906
CIV,2014,0.221,-0.696,-0.962,0.927,-0.906
CIV,2015,0.274,-0.696,-0.962,0.927,-0.906
CIV,2016,0.192,-0.736,-0.962,0.827,-1.053
CIV,2017,0.192,-0.736,-0.962,0.827,-1.053
CIV,2018,0.192,-0.736,-0.962,0.827,-1.053
CIV,2019,0.075,-0.949,-0.962,0.786,-1.053
CIV,2020,-0.082,-1.24,-0.962,0.71,-1.373
CIV,2021,-0.203,-0.919,-0.962,0.71,-1.373
CIV,2022,-0.056,-0.791,-0.693,0.456,-1.106
CIV,2023,-0.013,-0.675,-0.747,0.456,-0.834
CIV,2024,-0.013,-0.44,-0.246,0.456,-0.834
CIV,2025,-0.45,-0.44,-0.588,0.456,-0.834
MRT,2000,0.345,1.501,0.74,0.912,0.564
MRT,2001,0.345,1.501,0.74,0.912,0.564
MRT,2002,0.345,1.501,0.74,0.912,0.564
MRT,2003,0.345,1.501,0.74,0.912,0.564
MRT,2004,0.345,1.501,0.74,0.912,0.564
MRT,2005,0.345,1.501,0.74,0.912,0.564
MRT,2006,0.557,1.501,0.74,1.106,0.44
MRT,2007,0.557,1.208,0.74,1.106,0.44
MRT,2008,-0.263,1.208,0.74,0.647,0.44
MRT,2009,-0.263,1.208,0.74,0.647,0.44
MRT,2010,-0.691,0.788,0.74,0.324,0.006
MRT,2011,-0.691,0.288,0.385,0.324,0.006
MRT,2012,-0.691,0.288,0.385,0.324,0.006
MRT,2013,-0.691,0.288,0.385,0.324,0.006
MRT,2014,-0.691,0.288,0.385,0.324,0.006
MRT,2015,-0.691,0.288,0.385,0.324,0.006
MRT,2016,-0.691,0.288,0.385,0.324,0.006
MRT,2017,-0.691,0.288,0.385,0.324,0.006
MRT,2018,-0.691,0.288,0.385,0.324,0.006
MRT,2019,-0.341,0.288,0.385,0.532,0.006
MRT,2020,-0.341,0.288,-0.11,0.532,0.006
MRT,2021,-0.341,0.288,0.376,0.532,0.006
MRT,2022,-0.341,-0.035,0.376,0.115,0.006
MRT,2023,-0.341,-0.035,-0.393,0.115,0.006
MRT,2024,-0.341,-0.035,-0.393,0.115,0.006
MRT,2025,-0.341,-0.035,-0.393,0.115,0.006
CAN,2000,1.501,1.829,1.198,1.43,-0.49
CAN,2001,1.872,1.829,1.198,1.43,-0.49
CAN,2002,1.872,1.829,1.198,1.43,-0.49
CAN,2003,1.872,1.829,1.198,1.43,-0.49
CAN,2004,1.872,1.829,1.198,1.43,-0.49
CAN,2005,1.872,1.829,1.198,1.43,-0.49
CAN,2006,1.872,1.829,1.198,1.43,-0.49
CAN,2007,1.872,1.829,1.198,1.43,-0.49
CAN,2008,1.872,1.829,1.198,1.43,-0.49
CAN,2009,1.872,1.829,1.198,1.43,-0.49
CAN,2010,1.872,1.829,1.198,1.43,-0.49
CAN,2011,1.872,1.829,1.198,1.43,-0.49
CAN,2012,1.872,1.829,1.198,1.43,-0.49
CAN,2013,1.872,1.829,1.198,1.43,-0.49
CAN,2014,1.872,1.829,1.198,1.43,-0.49
CAN,2015,1.872,1.829,1.198,1.43,-0.49
CAN,2016,1.872,1.394,1.198,1.43,-0.49
CAN,2017,1.872,1.394,1.198,1.43,-0.49
CAN,2018,1.872,1.394,1.198,1.43,-0.49
CAN,2019,2.156,1.049,0.99,1.43,-0.657
CAN,2020,2.156,1.449,0.224,1.43,-0.582
CAN,2021,2.156,1.449,0.733,1.43,-0.433
CAN,2022,1.554,0.708,0.232,0.996,-0.642
CAN,2023,1.554,0.708,0.232,0.996,-0.642
CAN,2024,1.554,0.708,0.232,0.996,-0.642
CAN,2025,1.554,0.708,0.232,0.996,-0.642
AUS,2000,1.577,1.435,2.223,2.056,2.331
AUS,2001,1.124,1.325,2.223,2.056,2.083
AUS,2002,1.575,1.325,2.223,2.056,2.083
AUS,2003,1.575,1.371,2.223,2.056,2.187
AUS,2004,1.575,1.371,2.223,2.056,2.187
AUS,2005,1.575,1.371,2.223,2.456,2.187
AUS,2006,1.575,1.371,2.223,2.456,2.187
AUS,2007,1.575,1.371,2.223,2.456,2.187
AUS,2008,2.063,1.371,2.223,2.456,2.187
AUS,2009,2.063,1.371,2.223,2.456,2.187
AUS,2010,1.57,1.277,2.223,2.189,2.187
AUS,2011,1.57,1.277,2.223,2.189,2.187
AUS,2012,1.57,1.277,2.223,2.189,2.187
AUS,2013,0.965,1.277,2.223,1.905,2.187
AUS,2014,0.759,1.277,2.223,1.905,2.187
AUS,2015,0.759,1.277,2.223,1.905,1.995
AUS,2016,0.759,1.277,2.223,1.905,1.995
AUS,2017,0.759,1.277,1.885,1.905,1.995
AUS,2018,0.759,1.277,1.777,1.905,1.995
AUS,2019,0.42,0.915,1.121,1.656,1.995
AUS,2020,0.58,1.025,1.116,1.967,2.188
AUS,2021,0.58,1.025,1.116,1.967,2.188
AUS,2022,1.79,1.025,1.116,1.479,0.659
AUS,2023,2.02,0.587,1.116,1.479,0.659
AUS,2024,2.02,0.587,1.116,1.479,0.659
AUS,2025,2.393,0.587,1.116,2.055,0.659
BWA,2000,1.726,1.951,2.245,1.973,0.774
BWA,2001,1.726,1.951,2.245,1.973,0.774
BWA,2002,1.726,1.951,2.245,1.973,0.774
BWA,2003,1.726,1.951,2.245,1.973,0.774
BWA,2004,1.726,1.951,2.245,1.973,0.774
BWA,2005,1.726,1.951,2.245,1.973,0.774
BWA,2006,1.726,1.951,2.245,1.973,0.774
BWA,2007,1.726,1.951,2.245,1.973,0.774
BWA,2008,1.58,1.951,2.245,1.973,0.774
BWA,2009,1.58,1.951,2.245,1.973,0.774
BWA,2010,1.533,1.471,2.245,1.973,0.774
BWA,2011,1.533,1.471,2.245,1.973,0.774
BWA,2012,1.533,1.471,2.245,1.973,0.774
BWA,2013,1.533,1.273,2.245,1.973,0.774
BWA,2014,1.533,1.273,2.245,1.973,0.774
BWA,2015,1.533,1.273,2.245,1.973,0.774
BWA,2016,1.533,1.273,2.245,1.973,0.774
BWA,2017,1.533,1.273,2.245,1.973,0.774
BWA,2018,1.627,1.273,2.245,1.973,0.534
BWA,2019,1.382,0.999,2.245,1.617,0.702
BWA,2020,1.313,1.105,2.245,1.617,0.752
BWA,2021,0.824,0.201,2.245,0.815,-0.262
BWA,2022,1.03,0.201,2.245,1.014,-0.262
BWA,2023,1.03,0.201,2.245,1.424,-0.262
BWA,2024,1.394,0.51,1.911,1.424,-0.262
BWA,2025,1.953,0.51,1.911,2.022,-0.262
BDI,2000,-0.583,-0.525,1.375,-1.418,-0.705
BDI,2001,-0.583,-0.525,1.375,-1.418,-0.705
BDI,2002,-0.583,-0.525,1.375,-1.418,-0.705
BDI,2003,-0.583,-0.525,1.375,-1.418,-0.705
BDI,2004,-0.583,-0.525,1.375,-1.418,-0.705
BDI,2005,-0.741,-0.198,1.493,-1.151,-0.559
BDI,2006,-0.741,-0.198,1.493,-1.151,-0.559
BDI,2007,-0.941,-0.374,1.283,-0.957,-0.989
BDI,2008,-0.941,-0.374,1.283,-0.957,-0.989
BDI,2009,-0.941,-0.374,1.283,-0.957,-0.989
BDI,2010,-1.197,-1.159,1.283,-1.724,-1.375
BDI,2011,-1.197,-1.159,1.283,-1.724,-1.375
BDI,2012,-1.264,-1.159,1.283,-1.724,-1.375
BDI,2013,-1.264,-1.159,1.283,-1.776,-1.375
BDI,2014,-1.463,-1.159,1.283,-1.867,-1.375
BDI,2015,-1.959,-1.63,1.498,-2.809,-2.247
BDI,2016,-1.959,-1.675,1.498,-2.809,-2.247
BDI,2017,-1.959,-1.675,1.498,-2.809,-2.247
BDI,2018,-1.959,-1.675,1.498,-2.809,-2.247
BDI,2019,-2.065,-1.83,1.498,-2.573,-1.547
BDI,2020,-1.53,-1.83,1.579,-1.552,-1.838
BDI,2021,-1.14,-1.664,2.011,-1.198,-1.4
BDI,2022,-0.897,-1.664,2.011,-0.967,-1.129
BDI,2023,-1.174,-1.999,2.011,-1.265,-1.548
BDI,2024,-1.174,-1.773,2.011,-1.265,-1.548
BDI,2025,-1.601,-1.773,2.011,-1.712,-1.548
CPV,2000,1.147,1.347,1.139,1.464,1.362
CPV,2001,1.147,1.347,1.139,1.464,1.362
CPV,2002,1.147,1.347,1.139,1.464,1.362
CPV,2003,1.147,1.347,1.139,1.464,1.362
CPV,2004,1.147,1.347,1.139,1.464,1.362
CPV,2005,1.147,1.347,1.139,1.464,1.362
CPV,2006,1.147,1.347,1.139,1.464,1.362
CPV,2007,1.147,1.347,1.139,1.464,1.362
CPV,2008,1.147,1.347,1.139,1.464,1.362
CPV,2009,1.147,1.347,1.139,1.464,1.362
CPV,2010,1.335,1.347,1.139,1.464,1.362
CPV,2011,1.335,1.347,1.139,1.464,1.362
CPV,2012,1.335,1.347,1.139,1.464,1.362
CPV,2013,1.335,1.347,1.139,1.464,1.362
CPV,2014,1.335,1.347,1.139,1.464,1.362
CPV,2015,1.335,1.347,1.139,1.464,1.362
CPV,2016,1.335,1.347,1.139,1.464,1.362
CPV,2017,1.335,1.347,1.139,1.464,1.362
CPV,2018,1.335,1.347,1.139,1.464,1.362
CPV,2019,1.335,1.347,1.139,1.464,1.362
CPV,2020,1.335,1.122,1.139,1.464,1.362
CPV,2021,1.335,1.122,1.139,1.464,1.362
CPV,2022,1.335,1.122,1.139,1.464,1.362
CPV,2023,1.335,1.122,1.139,1.464,1.362
CPV,2024,0.362,0.755,1.455,1.464,1.362
CPV,2025,0.362,0.755,1.973,1.464,1.362
CAF,2000,-1.407,-2.207,-0.242,0.148,-1.145
CAF,2001,-1.407,-2.207,-0.242,0.148,-1.145
CAF,2002,-1.407,-2.207,-1.38,0.148,-1.145
CAF,2003,-1.313,-2.207,-1.38,-0.096,-1.145
CAF,2004,-1.313,-2.207,-1.38,-0.096,-1.145
CAF,2005,-1.313,-2.207,-0.952,-0.096,-1.145
CAF,2006,-1.313,-2.207,-0.7,-0.096,-1.145
CAF,2007,-1.313,-2.207,-0.7,-0.096,-1.145
CAF,2008,-1.313,-2.207,-0.7,-0.096,-1.145
CAF,2009,-1.313,-2.207,-0.7,-0.096,-1.145
CAF,2010,-1.313,-2.207,-0.7,-0.096,-1.145
CAF,2011,-1.313,-2.207,-0.7,-0.096,-1.145
CAF,2012,-1.313,-2.499,-1.429,-0.79,-1.145
CAF,2013,-1.491,-2.499,-1.429,-1.088,-1.145
CAF,2014,-1.32,-2.172,-1.155,-0.822,-1.145
CAF,2015,-1.32,-1.628,-1.155,-0.476,-1.145
CAF,2016,-1.109,-1.628,-1.155,-0.179,-1.145
CAF,2017,-1.109,-1.628,-1.155,-0.492,-1.145
CAF,2018,-1.109,-1.628,-1.155,-0.492,-1.145
CAF,2019,-1.109,-1.217,-1.155,0.268,-0.959
CAF,2020,-1.603,-1.569,-2.061,-0.334,-1.166
CAF,2021,-1.246,-1.569,-2.061,-0.334,-1.166
CAF,2022,-1.998,-2.188,-1.951,-1.549,-1.943
CAF,2023,-2.534,-2.188,-1.951,-2.344,-1.943
CAF,2024,-2.534,-1.302,-1.951,-2.344,-1.294
CAF,2025,-2.098,-1.763,-2.292,-2.344,-1.581
CHL,2000,2.248,2.398,2.223,2.281,1.669
CHL,2001,2.248,2.398,2.223,2.281,1.669
CHL,2002,2.248,2.398,2.223,2.281,1.669
CHL,2003,2.248,2.398,2.223,2.281,1.669
CHL,2004,2.248,2.398,2.223,2.281,1.669
CHL,2005,2.248,2.398,2.223,2.281,1.669
CHL,2006,2.248,2.398,2.223,2.281,1.669
CHL,2007,2.248,2.398,2.223,2.281,1.669
CHL,2008,2.248,2.398,2.223,2.281,1.669
CHL,2009,1.975,2.024,2.223,1.954,1.669
CHL,2010,2.352,1.743,1.57,1.954,1.464
CHL,2011,2.352,1.743,1.57,1.954,1.144
CHL,2012,2.352,1.743,1.57,1.954,1.144
CHL,2013,2.352,1.743,1.57,1.954,1.144
CHL,2014,2.352,1.305,1.57,1.954,0.777
CHL,2015,2.352,1.305,1.57,1.954,0.777
CHL,2016,2.352,1.305,1.57,1.954,0.777
CHL,2017,2.352,1.305,1.405,1.954,0.777
CHL,2018,2.352,1.305,1.55,1.954,0.777
CHL,2019,0.655,1.21,1.482,1.044,0.736
CHL,2020,1.196,0.762,1.669,1.731,1.284
CHL,2021,1.377,0.731,1.981,1.731,0.61
CHL,2022,1.2,0.343,2.117,0.987,0.61
CHL,2023,0.924,0.343,2.117,1.14,0.61
CHL,2024,1.272,0.343,2.025,1.14,0.61
CHL,2025,0.952,0.343,1.649,1.14,0.61
CRI,2000,2.681,2.976,1.063,2.127,2.025
CRI,2001,2.681,2.976,1.063,2.127,2.025
CRI,2002,2.681,2.976,1.063,2.127,2.025
CRI,2003,2.681,2.976,1.063,2.127,2.025
CRI,2004,2.681,2.976,1.063,2.127,2.025
CRI,2005,2.681,2.976,1.063,2.127,2.025
CRI,2006,2.681,2.976,1.063,2.127,2.025
CRI,2007,2.681,2.976,1.063,2.127,2.025
CRI,2008,2.681,2.976,1.063,2.127,2.025
CRI,2009,2.681,2.976,1.063,2.127,2.025
CRI,2010,2.681,2.976,1.063,2.127,2.025
CRI,2011,2.681,2.976,1.063,2.127,2.025
CRI,2012,2.681,2.976,1.063,2.127,2.025
CRI,2013,2.681,2.976,1.063,2.127,2.025
CRI,2014,2.681,2.976,1.063,2.127,2.025
CRI,2015,2.681,2.976,1.063,2.127,2.025
CRI,2016,2.681,2.976,1.063,2.127,2.025
CRI,2017,2.681,2.976,1.063,2.127,2.025
CRI,2018,2.681,2.976,1.063,2.127,2.025
CRI,2019,2.681,2.038,1.063,2.127,1.559
CRI,2020,2.681,2.038,1.063,2.127,1.559
CRI,2021,2.083,2.573,1.147,2.127,1.559
CRI,2022,0.906,2.573,1.147,1.484,1.559
CRI,2023,0.425,2.573,1.357,1.247,1.559
CRI,2024,0.01,2.573,1.357,0.456,1.559
CRI,2025,-0.728,0.785,1.357,0.373,1.559
TLS,2000,1.369,0.457,1.057,1.053,-0.794
TLS,2001,1.369,0.457,1.057,1.053,-0.794
TLS,2002,1.369,0.457,1.057,1.053,-0.794
TLS,2003,1.072,0.457,1.057,1.053,-0.794
TLS,2004,1.072,0.457,1.057,1.053,-0.794
TLS,2005,1.072,0.457,1.057,1.053,-0.794
TLS,2006,1.072,0.824,1.057,1.053,-0.263
TLS,2007,1.072,1.435,1.057,1.053,0.545
TLS,2008,1.072,1.435,1.057,1.053,0.545
TLS,2009,1.072,1.435,1.057,1.053,0.545
TLS,2010,0.948,1.074,1.057,1.053,1.135
TLS,2011,0.948,0.967,1.057,1.053,1.135
TLS,2012,0.948,0.967,1.057,1.053,1.135
TLS,2013,0.948,1.669,0.8,1.053,1.135
TLS,2014,0.948,1.669,0.8,1.053,1.135
TLS,2015,0.948,1.669,0.8,1.053,1.135
TLS,2016,0.717,1.498,0.8,0.856,1.135
TLS,2017,0.717,1.35,0.896,0.71,1.135
TLS,2018,0.593,1.207,0.896,0.71,1.135
TLS,2019,0.716,1.473,0.745,1.055,1.033
TLS,2020,0.959,1.473,0.745,1.055,1.033
TLS,2021,0.959,1.473,0.745,1.055,1.033
TLS,2022,0.959,1.473,1.422,1.055,1.033
TLS,2023,0.959,1.473,1.213,1.055,1.457
TLS,2024,0.959,0.258,1.927,1.055,1.457
TLS,2025,0.959,0.258,1.522,1.055,1.457
ECU,2000,-0.405,-0.429,0.276,-0.802,-0.326
ECU,2001,-0.24,-0.269,0.618,-0.802,-0.035
ECU,2002,-0.24,-0.269,0.618,-0.413,-0.035
ECU,2003,-0.24,-0.772,0.618,-0.733,-0.329
ECU,2004,-0.5,-0.27,0.618,-0.733,-0.056
ECU,2005,-0.5,-0.27,0.618,-1.096,-0.332
ECU,2006,-0.454,-0.27,0.618,-0.962,-0.024
ECU,2007,-0.454,-0.426,0.534,-0.962,-0.27
ECU,2008,-0.648,-0.732,0.534,-1.129,-0.495
ECU,2009,-0.648,-0.433,0.534,-1.129,-0.261
ECU,2010,-0.769,-0.56,0.214,-1.23,-0.478
ECU,2011,-0.726,-0.296,0.523,-1.134,-0.273
ECU,2012,-0.726,-0.296,0.523,-1.134,-0.273
ECU,2013,-0.726,-0.713,0.523,-1.134,-0.273
ECU,2014,-0.726,-0.278,0.523,-1.035,-0.273
ECU,2015,-0.726,-0.278,0.523,-1.235,-0.273
ECU,2016,-0.77,-0.278,0.523,-1.127,-0.273
ECU,2017,-0.323,-0.798,0.523,-0.191,-0.373
ECU,2018,-0.217,-0.621,0.292,-0.277,-0.161
ECU,2019,-0.217,-0.621,0.292,-0.277,-0.161
ECU,2020,-0.217,-0.621,0.292,-0.648,-0.437
ECU,2021,-0.217,-0.621,0.292,-0.648,-0.437
ECU,2022,-0.217,-0.621,-0.08,-0.648,-0.436
ECU,2023,-0.217,-0.729,-0.32,-0.648,-0.713
ECU,2024,-0.732,-0.729,-0.32,-1.36,-0.531
ECU,2025,-0.154,0.136,-0.32,-0.225,-0.531
FRA,2000,1.656,1.579,0.705,1.263,0.811
FRA,2001,1.387,1.579,0.454,1.195,0.811
FRA,2002,1.387,1.579,0.454,1.195,0.811
FRA,2003,1.387,1.579,0.454,1.195,0.811
FRA,2004,1.387,1.579,0.454,1.195,0.811
FRA,2005,1.387,1.579,0.454,1.195,0.811
FRA,2006,1.387,1.579,0.454,1.195,0.811
FRA,2007,1.387,1.579,0.454,1.195,0.811
FRA,2008,1.387,1.579,0.454,1.195,0.811
FRA,2009,1.387,1.579,0.454,1.195,0.811
FRA,2010,1.387,1.579,0.454,1.195,0.811
FRA,2011,1.387,1.501,0.454,1.195,0.811
FRA,2012,1.387,1.501,0.454,1.195,0.811
FRA,2013,1.387,1.501,0.454,1.195,0.811
FRA,2014,1.387,1.501,0.372,1.195,0.811
FRA,2015,1.387,1.501,0.372,1.195,0.811
FRA,2016,1.387,1.501,0.372,1.195,0.811
FRA,2017,1.387,1.501,0.184,1.195,0.811
FRA,2018,1.387,1.391,0.26,1.195,0.743
FRA,2019,1.69,1.522,0.421,1.526,0.723
FRA,2020,1.333,1.453,0.421,1.526,0.723
FRA,2021,1.333,1.162,0.421,1.526,0.651
FRA,2022,1.611,1.162,-0.13,1.37,0.598
FRA,2023,1.283,1.162,-0.13,1.006,0.598
FRA,2024,1.541,1.162,-0.13,1.006,0.598
FRA,2025,1.541,1.162,-0.654,1.006,0.598
DEU,2000,2.909,2.24,-0.672,2.349,2.01
DEU,2001,2.909,2.24,-0.672,2.349,2.01
DEU,2002,2.909,2.24,-0.672,2.349,2.01
DEU,2003,2.909,2.24,-0.672,2.349,2.01
DEU,2004,2.909,2.24,-0.672,2.349,2.01
DEU,2005,2.909,2.24,-0.672,2.349,2.01
DEU,2006,2.909,2.072,-0.672,2.349,2.01
DEU,2007,2.909,2.072,-0.672,2.349,2.01
DEU,2008,2.909,2.072,-0.672,2.349,2.01
DEU,2009,2.909,2.072,-0.672,2.349,2.01
DEU,2010,2.909,1.942,-0.672,2.349,2.01
DEU,2011,2.909,1.942,-0.672,2.349,2.01
DEU,2012,2.909,1.942,-0.672,2.349,2.01
DEU,2013,2.909,1.942,-0.672,2.349,2.01
DEU,2014,2.909,1.942,-0.672,2.349,2.01
DEU,2015,2.909,1.248,-0.672,2.349,1.692
DEU,2016,2.909,1.149,-0.733,2.349,1.692
DEU,2017,2.366,1.149,-0.809,2.349,1.247
DEU,2018,2.366,1.149,-0.724,2.349,1.247
DEU,2019,2.366,1.149,-0.82,2.349,1.247
DEU,2020,2.366,0.728,-0.733,2.349,1.247
DEU,2021,2.366,1.305,0.163,2.349,1.247
DEU,2022,2.366,1.305,0.163,2.349,1.247
DEU,2023,2.366,1.305,0.163,2.349,1.247
DEU,2024,2.366,1.305,0.114,2.349,1.247
DEU,2025,2.366,2.054,0.117,2.349,1.047
GTM,2000,0.587,0.761,1.661,1.401,1.707
GTM,2001,0.587,0.761,1.661,1.401,1.524
GTM,2002,0.587,0.761,1.661,1.401,1.524
GTM,2003,0.587,0.761,1.661,1.401,1.524
GTM,2004,0.587,0.761,1.661,1.401,1.524
GTM,2005,0.587,0.761,1.661,1.401,1.524
GTM,2006,0.587,0.761,1.661,1.158,1.524
GTM,2007,0.587,0.761,1.452,1.158,1.524
GTM,2008,0.587,0.761,1.452,1.158,1.524
GTM,2009,0.587,0.761,1.452,1.158,1.524
GTM,2010,0.587,0.761,0.923,1.158,1.296
GTM,2011,0.587,0.761,0.923,1.158,1.296
GTM,2012,0.089,0.586,0.923,0.969,1.296
GTM,2013,0.089,0.166,0.923,0.969,1.082
GTM,2014,0.089,0.166,0.923,0.822,1.082
GTM,2015,-0.782,0.166,0.923,0.822,1.082
GTM,2016,-0.949,-0.108,0.923,0.102,0.761
GTM,2017,-0.949,-0.108,0.923,0.102,0.761
GTM,2018,-0.949,-0.108,0.923,-0.187,0.541
GTM,2019,-0.949,-0.261,0.923,-0.187,0.541
GTM,2020,-0.949,-0.002,1.42,-0.187,0.772
GTM,2021,-1.262,-0.702,1.495,-0.396,-0.028
GTM,2022,-1.755,-1.336,1.495,-1.571,-0.576
GTM,2023,-2.21,-1.125,1.928,-1.224,-0.037
GTM,2024,0.882,-0.969,1.928,1.383,-0.037
GTM,2025,0.882,-0.969,1.115,1.383,-0.037
IRN,2000,-1.0,-0.626,-1.103,-1.242,-0.438
IRN,2001,-1.0,-0.626,-1.103,-1.242,-0.438
IRN,2002,-1.0,-0.626,-1.103,-1.242,-0.438
IRN,2003,-1.0,-0.626,-1.103,-1.242,-0.438
IRN,2004,-1.0,-0.626,-1.103,-1.242,-0.438
IRN,2005,-1.19,-0.973,-1.299,-1.242,-0.805
IRN,2006,-1.19,-0.973,-1.299,-1.242,-0.978
IRN,2007,-1.19,-0.973,-1.299,-1.242,-0.978
IRN,2008,-1.19,-0.973,-1.299,-1.242,-0.978
IRN,2009,-1.19,-0.973,-1.299,-1.242,-0.978
IRN,2010,-1.612,-1.328,-1.214,-1.274,-1.193
IRN,2011,-1.612,-1.328,-1.214,-1.274,-1.193
IRN,2012,-1.612,-1.328,-1.214,-1.274,-1.193
IRN,2013,-1.612,-1.328,-1.214,-1.274,-1.193
IRN,2014,-1.471,-1.305,-1.214,-1.091,-1.053
IRN,2015,-1.471,-1.305,-1.214,-1.225,-1.053
IRN,2016,-1.471,-1.305,-1.214,-1.225,-1.053
IRN,2017,-1.471,-1.305,-1.558,-1.225,-1.053
IRN,2018,-1.471,-1.305,-2.123,-1.225,-1.053
IRN,2019,-1.485,-1.575,-2.585,-1.518,-1.374
IRN,2020,-1.648,-1.853,-2.585,-1.849,-1.743
IRN,2021,-1.948,-1.853,-2.592,-1.974,-1.679
IRN,2022,-2.143,-1.967,-2.058,-2.149,-1.949
IRN,2023,-2.267,-1.496,-2.517,-2.149,-2.096
IRN,2024,-2.267,-1.496,-2.517,-1.594,-1.849
IRN,2025,-2.267,-1.496,-2.55,-1.969,-1.849
IRQ,2000,-2.078,-1.533,-1.228,-1.799,-2.15
IRQ,2001,-2.078,-1.533,-1.228,-1.799,-2.15
IRQ,2002,-2.078,-1.533,-1.228,-1.799,-2.15
IRQ,2003,-0.817,-1.533,-1.543,-0.065,-1.173
IRQ,2004,-0.817,-1.323,-1.543,-0.065,-1.173
IRQ,2005,-0.817,-1.323,-1.543,-0.065,-1.173
IRQ,2006,-0.817,-1.323,-1.271,-0.065,-1.173
IRQ,2007,-0.817,-1.323,-1.271,-0.065,-1.173
IRQ,2008,-0.817,-1.323,-1.271,-0.065,-1.173
IRQ,2009,-0.817,-1.323,-2.04,-0.065,-1.173
IRQ,2010,-1.298,-1.434,-2.555,-0.615,-1.173
IRQ,2011,-1.298,-1.434,-2.029,-0.615,-1.173
IRQ,2012,-1.334,-1.434,-2.029,-0.678,-1.173
IRQ,2013,-1.334,-1.434,-2.029,-0.678,-1.173
IRQ,2014,-1.334,-1.434,-2.544,-0.678,-1.224
IRQ,2015,-1.233,-1.6,-2.036,-0.678,-1.224
IRQ,2016,-1.233,-1.6,-2.036,-0.678,-1.224
IRQ,2017,-1.233,-1.6,-2.036,-0.678,-1.224
IRQ,2018,-1.031,-1.6,-2.557,-0.417,-1.224
IRQ,2019,-1.573,-2.28,-2.557,-0.979,-1.224
IRQ,2020,-1.659,-2.128,-2.557,-0.979,-1.224
IRQ,2021,-1.605,-1.501,-2.557,-0.979,-1.66
IRQ,2022,-1.605,-1.501,-2.027,-0.979,-1.66
IRQ,2023,-1.483,-1.501,-2.027,-0.979,-1.66
IRQ,2024,-1.483,-0.693,-1.399,-0.71,-1.136
IRQ,2025,-1.483,-0.693,-1.434,-0.498,-1.136
IRL,2000,2.564,3.202,0.706,2.042,2.014
IRL,2001,2.564,3.202,0.706,2.042,2.014
IRL,2002,2.564,3.202,0.706,2.042,2.014
IRL,2003,2.564,3.202,0.706,2.042,2.014
IRL,2004,2.564,3.202,0.706,2.042,2.014
IRL,2005,2.564,3.202,0.706,2.042,2.014
IRL,2006,2.564,3.202,0.706,2.042,2.014
IRL,2007,2.564,3.202,0.706,2.042,2.014
IRL,2008,2.564,3.202,0.706,2.042,2.014
IRL,2009,2.564,3.202,0.706,2.042,2.014
IRL,2010,2.564,3.202,0.706,2.042,2.014
IRL,2011,2.564,2.697,0.706,2.042,2.014
IRL,2012,2.564,2.697,0.706,2.042,2.014
IRL,2013,2.564,2.697,0.706,2.042,1.53
IRL,2014,2.564,2.697,0.706,2.042,1.53
IRL,2015,2.564,2.326,0.432,2.042,1.53
IRL,2016,2.564,2.326,0.432,2.042,1.53
IRL,2017,2.053,2.326,0.432,2.042,1.53
IRL,2018,2.053,2.326,0.432,2.042,1.53
IRL,2019,2.053,1.98,0.432,2.042,1.53
IRL,2020,2.053,1.704,0.338,2.042,1.382
IRL,2021,2.053,2.089,0.596,2.042,1.507
IRL,2022,2.053,2.089,0.596,2.042,1.507
IRL,2023,2.053,2.089,0.596,2.042,1.507
IRL,2024,2.053,2.089,0.596,2.042,1.507
IRL,2025,2.053,2.089,0.596,2.042,1.507
ITA,2000,1.651,1.285,1.986,2.238,1.791
ITA,2001,1.651,1.285,1.986,2.238,1.791
ITA,2002,1.651,1.285,1.986,2.238,1.791
ITA,2003,1.651,1.285,1.986,2.238,1.791
ITA,2004,1.651,1.285,1.986,2.238,1.791
ITA,2005,1.651,1.285,1.986,2.238,1.791
ITA,2006,1.651,1.285,1.986,2.238,1.791
ITA,2007,1.651,1.285,1.986,2.238,1.791
ITA,2008,1.651,1.285,1.986,2.238,1.791
ITA,2009,1.651,1.285,1.986,2.238,1.791
ITA,2010,1.651,1.053,1.986,2.238,1.791
ITA,2011,1.505,1.053,1.847,2.268,1.717
ITA,2012,1.505,1.053,1.847,2.268,1.717
ITA,2013,1.505,0.873,1.388,2.268,1.441
ITA,2014,1.505,0.873,1.388,2.268,1.441
ITA,2015,1.505,0.873,1.388,2.268,1.441
ITA,2016,1.505,0.873,1.388,2.268,1.441
ITA,2017,1.505,0.873,1.082,2.268,1.441
ITA,2018,1.307,0.678,0.859,2.132,1.441
ITA,2019,1.094,0.787,1.066,1.934,1.301
ITA,2020,1.645,1.177,1.066,2.45,1.534
ITA,2021,1.645,1.21,1.066,2.45,1.534
ITA,2022,1.645,0.996,1.066,2.45,1.534
ITA,2023,1.645,1.094,1.066,1.201,0.937
ITA,2024,0.97,0.369,0.564,1.201,0.937
ITA,2025,0.729,0.369,0.124,1.144,0.745
JOR,2000,-0.742,0.235,0.246,1.003,0.496
JOR,2001,-0.742,0.235,0.246,1.003,0.496
JOR,2002,-0.742,0.235,0.246,1.003,0.496
JOR,2003,-0.742,0.235,0.246,1.003,0.496
JOR,2004,-0.742,0.235,0.246,1.003,0.496
JOR,2005,-0.742,0.235,0.246,1.003,0.496
JOR,2006,-0.742,0.235,0.246,1.003,0.496
JOR,2007,-0.742,0.235,0.246,1.003,0.496
JOR,2008,-0.742,0.235,0.246,1.003,0.496
JOR,2009,-0.742,0.235,0.246,1.003,0.496
JOR,2010,-1.254,0.235,0.246,1.003,0.496
JOR,2011,-1.305,0.235,0.202,0.772,0.496
JOR,2012,-1.305,0.235,0.202,0.772,0.496
JOR,2013,-1.305,0.235,0.202,0.772,0.496
JOR,2014,-1.305,0.235,0.202,0.772,0.496
JOR,2015,-1.305,0.235,0.019,0.772,0.496
JOR,2016,-1.305,0.235,0.019,0.772,0.496
JOR,2017,-1.305,0.235,0.019,0.772,0.496
JOR,2018,-1.305,0.235,0.019,0.772,0.496
JOR,2019,-1.365,0.344,-0.231,0.772,0.906
JOR,2020,-1.301,0.344,-0.04,1.074,0.906
JOR,2021,-1.301,0.575,-0.214,1.346,1.018
JOR,2022,-0.813,0.432,0.247,1.173,0.795
JOR,2023,-0.813,1.06,0.555,1.173,0.795
JOR,2024,-0.813,1.301,0.624,0.862,0.913
JOR,2025,-0.813,1.301,0.624,0.862,0.913
LVA,2000,2.226,1.748,-1.015,2.688,1.748
LVA,2001,2.226,1.748,-1.015,2.688,1.748
LVA,2002,2.226,1.748,-1.015,2.688,1.748
LVA,2003,2.226,1.748,-1.11,2.688,1.748
LVA,2004,2.226,1.748,-1.11,2.688,1.748
LVA,2005,2.226,1.355,-1.377,2.688,1.748
LVA,2006,2.226,1.355,-1.377,2.688,1.748
LVA,2007,2.226,1.355,-1.281,2.688,1.748
LVA,2008,1.848,1.355,-1.654,2.688,1.748
LVA,2009,1.848,1.355,-1.824,2.688,1.748
LVA,2010,2.26,1.355,-2.682,2.688,1.748
LVA,2011,2.93,1.355,-2.682,2.688,1.748
LVA,2012,2.93,1.355,-2.682,2.688,1.748
LVA,2013,2.93,1.355,-2.682,2.688,1.748
LVA,2014,2.93,1.093,-2.682,2.688,1.428
LVA,2015,2.93,1.093,-2.785,2.688,1.428
LVA,2016,2.93,1.093,-2.785,2.688,1.428
LVA,2017,2.93,1.093,-2.785,2.688,1.428
LVA,2018,2.93,1.093,-3.218,2.688,1.428
LVA,2019,2.93,1.093,-3.218,2.688,1.428
LVA,2020,2.93,0.774,-2.884,2.688,1.428
LVA,2021,2.93,1.085,-2.884,2.688,1.428
LVA,2022,2.93,1.085,-3.311,2.688,0.863
LVA,2023,2.93,0.748,-3.311,2.688,0.863
LVA,2024,2.93,0.748,-3.311,2.688,1.129
LVA,2025,2.93,0.748,-3.311,2.688,0.879
LSO,2000,0.063,0.87,1.217,0.551,-0.465
LSO,2001,0.063,0.87,1.217,0.551,-0.465
LSO,2002,0.063,0.87,1.217,0.551,-0.465
LSO,2003,0.063,0.87,1.217,0.551,-0.465
LSO,2004,0.063,0.87,1.217,0.551,-0.465
LSO,2005,0.063,0.87,1.217,0.551,-0.465
LSO,2006,0.063,0.87,1.217,0.551,-0.465
LSO,2007,0.063,0.87,1.217,0.551,-0.465
LSO,2008,0.063,0.87,1.217,0.551,-0.465
LSO,2009,0.063,0.87,1.217,0.551,-0.465
LSO,2010,0.238,0.87,1.7,0.551,-0.465
LSO,2011,0.238,0.87,1.7,0.551,-0.465
LSO,2012,0.238,0.87,1.7,0.551,-0.465
LSO,2013,0.238,0.112,1.7,0.551,-0.722
LSO,2014,0.238,0.112,1.7,0.551,-0.722
LSO,2015,0.238,0.112,1.7,0.551,-0.722
LSO,2016,0.238,0.112,1.7,0.551,-0.722
LSO,2017,0.238,0.112,1.7,0.551,-0.722
LSO,2018,0.238,0.112,1.7,0.551,-0.722
LSO,2019,0.238,-0.14,1.149,0.424,-0.931
LSO,2020,0.238,-0.14,1.149,0.424,-0.931
LSO,2021,0.058,0.266,1.149,0.252,-0.931
LSO,2022,-0.061,0.253,1.149,0.492,-0.179
LSO,2023,-0.076,0.253,1.149,0.492,-0.179
LSO,2024,-0.142,0.253,1.149,0.33,-0.345
LSO,2025,-0.142,0.253,1.149,0.33,0.31
LBR,2000,1.115,1.565,1.212,1.457,0.87
LBR,2001,1.115,1.565,1.212,1.457,0.87
LBR,2002,1.115,1.565,1.212,1.457,0.87
LBR,2003,1.115,1.565,1.395,1.457,0.87
LBR,2004,1.115,1.565,1.395,1.457,0.87
LBR,2005,0.954,1.405,0.979,1.37,0.71
LBR,2006,0.954,1.405,0.979,1.37,0.71
LBR,2007,0.954,1.405,0.979,1.37,0.71
LBR,2008,0.954,1.405,0.979,1.37,0.71
LBR,2009,0.954,1.405,0.979,1.37,0.71
LBR,2010,0.954,1.405,0.979,0.938,0.71
LBR,2011,0.954,1.405,0.979,0.938,0.71
LBR,2012,0.954,1.405,0.979,0.938,0.71
LBR,2013,0.954,1.405,0.979,0.938,0.71
LBR,2014,0.954,1.405,0.979,0.938,0.71
LBR,2015,0.954,1.405,0.979,0.938,0.71
LBR,2016,0.954,1.405,0.979,0.938,0.71
LBR,2017,0.457,0.32,0.979,0.863,0.71
LBR,2018,-0.457,0.233,0.979,0.797,0.56
LBR,2019,-0.449,0.561,0.979,0.797,0.56
LBR,2020,-0.449,1.327,1.548,1.15,0.56
LBR,2021,-0.449,1.327,1.548,1.15,0.56
LBR,2022,-0.449,1.327,1.548,1.15,0.56
LBR,2023,-0.449,1.327,1.548,1.504,0.56
LBR,2024,-0.449,1.327,1.548,1.144,0.56
LBR,2025,-0.449,1.327,0.111,1.144,0.56
MWI,2000,1.278,0.934,1.829,1.298,-0.911
MWI,2001,1.278,0.886,1.829,1.298,-0.911
MWI,2002,1.278,0.933,1.829,1.298,-0.911
MWI,2003,1.278,0.885,1.829,1.298,-0.911
MWI,2004,1.278,0.885,1.829,1.298,-0.911
MWI,2005,1.278,0.859,1.829,1.298,-0.911
MWI,2006,1.278,0.859,1.829,1.298,-0.911
MWI,2007,1.278,0.859,1.829,1.298,-0.911
MWI,2008,1.278,0.477,1.829,1.298,-0.935
MWI,2009,1.091,0.477,1.829,1.298,-0.935
MWI,2010,0.862,0.303,1.829,1.241,-1.209
MWI,2011,0.709,0.303,1.829,1.241,-1.209
MWI,2012,0.709,0.303,1.829,1.241,-1.209
MWI,2013,1.175,0.303,1.829,1.241,-1.209
MWI,2014,1.175,0.303,1.829,1.241,-1.209
MWI,2015,0.981,0.303,1.829,0.934,-0.751
MWI,2016,1.095,0.303,1.829,0.934,-0.751
MWI,2017,1.095,0.351,2.358,0.934,-1.0
MWI,2018,1.095,0.374,2.358,0.934,-0.875
MWI,2019,0.658,0.368,2.454,1.055,-1.141
MWI,2020,0.611,0.363,2.454,1.932,-1.097
MWI,2021,0.649,0.417,1.258,0.851,-0.74
MWI,2022,0.709,0.068,1.82,1.565,-1.08
MWI,2023,0.709,0.102,1.677,1.033,-0.925
MWI,2024,-0.346,-0.039,2.289,1.767,-1.405
MWI,2025,0.265,-0.285,1.504,0.792,-1.549
MDV,2000,0.088,0.469,1.207,0.123,-1.276
MDV,2001,0.088,0.469,1.207,0.123,-1.276
MDV,2002,0.088,0.469,1.207,0.123,-1.276
MDV,2003,0.088,0.469,1.207,0.123,-1.276
MDV,2004,0.088,0.469,1.207,0.123,-1.276
MDV,2005,0.088,0.469,1.207,0.123,-1.276
MDV,2006,0.088,0.469,1.207,0.123,-1.276
MDV,2007,0.088,0.469,1.207,0.123,-1.276
MDV,2008,1.844,0.736,1.207,1.693,-1.276
MDV,2009,1.844,0.736,1.207,2.186,-0.717
MDV,2010,1.844,0.736,1.207,2.475,-0.717
MDV,2011,1.844,0.736,1.207,2.475,-0.717
MDV,2012,-1.684,-1.624,1.207,-1.127,-2.336
MDV,2013,-1.758,-1.624,1.207,-1.244,-2.336
MDV,2014,-1.173,-0.648,1.207,-0.863,-1.23
MDV,2015,-1.173,-0.648,1.207,-0.863,-1.23
MDV,2016,-1.173,-0.648,1.207,-0.863,-1.23
MDV,2017,-1.173,-0.648,1.207,-0.863,-1.23
MDV,2018,-0.242,-0.648,1.207,-0.225,-1.23
MDV,2019,0.658,-0.252,1.207,1.137,-0.636
MDV,2020,0.776,-0.252,1.207,1.137,-0.984
MDV,2021,1.087,-0.252,0.952,1.335,-0.984
MDV,2022,1.853,-0.245,1.391,1.335,0.251
MDV,2023,0.528,-0.245,0.55,0.739,0.142
MDV,2024,0.528,-0.245,0.55,0.739,1.427
MDV,2025,0.528,-0.245,0.55,0.739,0.962
MNG,2000,0.904,1.026,-0.139,1.556,0.502
MNG,2001,0.904,1.026,-0.139,1.556,0.502
MNG,2002,0.904,1.026,-0.139,1.556,0.502
MNG,2003,0.904,1.026,-0.139,1.556,0.502
MNG,2004,0.904,1.041,-0.139,1.692,0.502
MNG,2005,0.904,1.041,-0.139,1.692,0.502
MNG,2006,0.904,1.041,-0.139,1.692,0.502
MNG,2007,0.904,1.041,-0.139,1.692,0.502
MNG,2008,0.904,1.041,-0.139,1.639,0.358
MNG,2009,0.904,1.041,-0.139,1.639,0.358
MNG,2010,0.567,0.912,-0.803,1.639,0.358
MNG,2011,0.567,0.912,-0.803,1.541,0.358
MNG,2012,0.567,0.616,-0.803,1.581,-0.396
MNG,2013,0.567,0.616,-1.158,1.581,-0.396
MNG,2014,0.567,0.616,-1.158,1.581,-0.396
MNG,2015,0.567,0.616,-1.158,1.581,-0.396
MNG,2016,0.567,0.531,-1.158,1.708,-0.645
MNG,2017,0.781,0.565,-1.158,1.708,-0.525
MNG,2018,0.781,0.565,-1.158,1.708,-0.525
MNG,2019,0.729,0.305,-0.787,1.616,-0.559
MNG,2020,0.592,0.305,-0.787,1.616,-0.419
MNG,2021,0.284,-0.044,-0.787,1.479,-0.246
MNG,2022,0.284,-0.044,-0.787,1.479,-0.246
MNG,2023,0.284,-0.037,-0.787,1.091,-0.51
MNG,2024,-1.287,-0.037,-0.979,1.003,-0.691
MNG,2025,-0.835,-0.037,-0.606,1.003,-0.691
MAR,2000,-0.517,0.798,1.412,-0.392,-0.575
MAR,2001,-0.517,0.798,1.412,-0.392,-0.575
MAR,2002,-0.517,0.798,1.412,-0.392,-0.575
MAR,2003,-0.517,0.798,1.412,-0.392,-0.575
MAR,2004,-0.517,0.798,1.412,-0.392,-0.575
MAR,2005,-0.517,0.798,1.412,-0.392,-0.575
MAR,2006,-0.517,0.798,1.412,-0.392,-0.575
MAR,2007,-0.517,0.798,1.412,-0.392,-0.575
MAR,2008,-0.517,0.798,1.412,-0.392,-0.575
MAR,2009,-0.517,0.798,1.412,-0.392,-0.575
MAR,2010,-0.517,0.798,1.412,-0.392,-0.575
MAR,2011,-0.63,0.48,0.849,-0.52,-0.575
MAR,2012,-0.63,0.48,0.849,-0.52,-0.575
MAR,2013,-0.63,0.48,0.849,-0.52,-0.575
MAR,2014,-0.63,0.48,0.849,-0.52,-0.575
MAR,2015,-0.63,0.48,0.849,-0.52,-0.575
MAR,2016,-0.63,0.48,0.849,-0.52,-0.575
MAR,2017,-0.63,0.48,0.849,-0.52,-0.575
MAR,2018,-0.63,0.48,0.849,-0.52,-0.575
MAR,2019,-0.63,0.48,0.849,-0.52,-0.575
MAR,2020,-0.63,0.48,0.849,-0.52,-0.789
MAR,2021,-0.776,1.159,0.849,-0.519,-0.703
MAR,2022,-0.776,1.159,0.849,-0.519,-0.703
MAR,2023,-0.776,1.159,0.849,-0.519,-0.703
MAR,2024,-0.776,1.159,0.526,-0.519,-0.703
MAR,2025,-0.776,1.159,-0.153,-0.519,-0.703
NLD,2000,2.551,2.378,1.544,2.864,2.4
NLD,2001,2.551,2.378,1.544,2.864,2.4
NLD,2002,2.551,2.378,1.544,2.864,2.4
NLD,2003,2.551,2.378,1.544,2.864,2.4
NLD,2004,2.551,2.378,1.544,2.864,2.4
NLD,2005,1.795,2.378,1.544,2.864,2.4
NLD,2006,2.568,2.378,1.544,2.864,2.4
NLD,2007,2.568,2.378,1.544,2.864,2.4
NLD,2008,2.568,2.378,1.544,2.864,2.4
NLD,2009,2.568,2.378,1.544,2.864,2.4
NLD,2010,2.568,1.063,1.544,2.864,1.712
NLD,2011,2.568,1.063,1.544,2.864,1.712
NLD,2012,2.568,1.063,1.544,2.864,1.712
NLD,2013,2.568,1.063,1.544,2.864,1.712
NLD,2014,2.568,1.063,1.085,2.864,1.712
NLD,2015,2.568,1.063,1.085,2.864,1.712
NLD,2016,2.568,1.063,1.085,2.864,0.823
NLD,2017,2.568,1.063,1.085,2.864,0.823
NLD,2018,2.568,1.063,1.085,2.864,0.823
NLD,2019,2.568,1.063,0.418,2.864,0.823
NLD,2020,1.943,1.063,0.418,2.864,1.696
NLD,2021,1.943,1.737,0.418,2.864,1.696
NLD,2022,2.488,1.239,0.418,2.864,0.595
NLD,2023,1.941,1.084,0.418,2.864,0.595
NLD,2024,1.476,0.918,0.26,2.864,0.595
NLD,2025,1.476,0.24,-0.607,2.864,0.368
PAN,2000,1.338,0.647,0.321,2.747,1.299
PAN,2001,1.338,0.647,0.321,2.747,1.299
PAN,2002,1.338,0.647,0.321,2.747,1.299
PAN,2003,1.338,0.647,0.321,2.747,1.299
PAN,2004,1.338,0.647,0.321,2.747,1.299
PAN,2005,1.338,0.647,0.321,2.747,1.299
PAN,2006,1.338,0.647,0.321,2.747,1.299
PAN,2007,1.338,0.647,0.321,2.747,1.299
PAN,2008,1.285,0.647,0.321,2.747,1.299
PAN,2009,1.218,-0.179,0.321,2.1,1.299
PAN,2010,1.218,-0.179,0.321,2.1,1.299
PAN,2011,1.218,-0.179,0.321,2.1,1.299
PAN,2012,1.218,-0.179,0.321,2.1,1.299
PAN,2013,1.218,-0.179,0.321,2.1,1.299
PAN,2014,1.218,-0.179,0.321,2.1,1.299
PAN,2015,1.218,-0.179,0.321,2.1,1.299
PAN,2016,1.218,-0.179,0.321,2.1,1.299
PAN,2017,1.218,-0.179,0.321,2.1,1.299
PAN,2018,1.218,-0.179,0.321,2.1,1.299
PAN,2019,1.922,-0.179,0.321,2.1,1.299
PAN,2020,1.314,-0.53,0.52,2.1,1.066
PAN,2021,1.314,-0.679,0.52,2.1,1.066
PAN,2022,1.379,-0.679,0.676,2.1,1.066
PAN,2023,1.174,-0.679,0.676,1.908,1.066
PAN,2024,1.283,-0.872,0.243,0.989,1.066
PAN,2025,1.587,0.708,0.243,0.989,1.066
PNG,2000,1.614,1.576,1.382,1.725,0.794
PNG,2001,1.614,1.576,1.382,1.725,0.794
PNG,2002,1.614,1.576,1.382,1.725,0.794
PNG,2003,1.614,1.576,1.382,1.725,0.794
PNG,2004,1.614,1.576,1.382,1.725,0.794
PNG,2005,1.614,1.576,1.382,1.725,0.794
PNG,2006,1.614,1.576,1.382,1.725,0.794
PNG,2007,1.614,1.576,1.382,1.725,0.794
PNG,2008,1.614,1.576,1.382,1.725,0.794
PNG,2009,1.614,1.576,1.382,1.725,0.794
PNG,2010,1.614,1.576,1.382,1.576,0.794
PNG,2011,1.614,1.576,1.382,1.576,0.794
PNG,2012,1.504,1.576,1.141,1.454,0.794
PNG,2013,1.504,1.576,1.141,1.454,0.794
PNG,2014,1.504,1.576,1.141,1.454,0.794
PNG,2015,1.504,1.576,0.781,1.454,0.794
PNG,2016,1.504,1.576,0.781,1.454,0.794
PNG,2017,1.504,1.576,0.781,1.454,0.794
PNG,2018,1.519,1.576,0.724,1.771,0.794
PNG,2019,1.519,1.576,0.724,1.771,0.794
PNG,2020,1.519,1.397,0.724,1.771,0.794
PNG,2021,1.519,1.397,0.724,1.771,0.794
PNG,2022,1.636,1.477,1.35,1.574,0.794
PNG,2023,1.896,1.559,1.35,1.387,1.924
PNG,2024,1.896,1.645,1.35,1.387,1.373
PNG,2025,1.896,1.645,0.65,1.387,1.588
QAT,2000,-0.284,0.824,-1.287,0.773,-1.144
QAT,2001,-0.284,0.824,-1.287,0.773,-1.144
QAT,2002,-0.284,0.824,-1.287,0.773,-1.144
QAT,2003,-0.284,0.824,-1.287,0.773,-1.144
QAT,2004,-0.284,0.824,-1.287,0.773,-1.144
QAT,2005,-0.284,0.824,-1.287,0.773,-1.144
QAT,2006,-0.284,0.824,-1.474,0.773,-1.144
QAT,2007,-0.284,0.824,-1.474,0.773,-1.144
QAT,2008,-0.284,0.824,-1.474,0.773,-1.144
QAT,2009,-0.284,0.824,-1.474,0.773,-1.144
QAT,2010,-0.284,0.824,-1.474,0.773,-1.294
QAT,2011,-0.284,0.824,-2.308,0.52,-1.294
QAT,2012,-0.284,0.824,-2.308,0.52,-1.113
QAT,2013,-0.284,0.824,-2.308,0.52,-1.113
QAT,2014,-0.217,0.824,-2.308,0.52,-1.113
QAT,2015,-0.217,0.824,-2.308,0.52,-1.113
QAT,2016,-0.217,0.824,-2.308,0.652,-1.113
QAT,2017,-0.217,0.824,-2.869,0.652,-1.506
QAT,2018,-0.217,0.824,-2.615,0.652,-1.304
QAT,2019,-0.217,0.686,-2.11,0.811,-1.115
QAT,2020,-0.175,1.256,-1.86,0.666,-1.292
QAT,2021,-0.277,1.435,-1.86,0.713,-1.093
QAT,2022,-0.344,1.231,-1.86,0.139,-1.283
QAT,2023,-0.344,1.564,-1.86,0.139,-1.283
QAT,2024,-0.255,1.564,-1.643,0.243,-1.283
QAT,2025,-0.255,1.564,-1.868,0.365,-0.843
SLE,2000,0.318,0.758,2.624,0.877,-0.248
SLE,2001,0.001,0.758,2.624,0.877,-0.248
SLE,2002,0.001,0.758,2.624,0.877,-0.248
SLE,2003,0.001,0.758,2.624,0.877,-0.248
SLE,2004,0.001,0.758,2.624,0.877,-0.248
SLE,2005,0.001,0.758,2.624,0.877,-0.248
SLE,2006,0.001,0.758,2.624,0.877,-0.248
SLE,2007,0.001,0.758,2.624,0.877,-0.248
SLE,2008,0.001,0.758,2.624,0.877,-0.248
SLE,2009,0.001,0.758,2.624,0.877,-0.248
SLE,2010,0.001,0.524,2.19,0.829,-0.324
SLE,2011,0.001,0.524,2.19,0.829,-0.324
SLE,2012,0.001,0.269,2.114,0.753,-0.766
SLE,2013,0.001,0.269,2.114,0.753,-0.766
SLE,2014,0.001,0.269,2.114,0.753,-0.766
SLE,2015,0.001,0.269,2.114,0.753,-0.766
SLE,2016,0.001,0.008,2.114,0.753,-0.766
SLE,2017,0.001,0.008,2.114,0.753,-0.766
SLE,2018,0.001,0.008,2.114,0.753,-0.766
SLE,2019,0.001,-0.371,1.312,0.394,-1.143
SLE,2020,-0.334,-0.452,1.312,0.586,-1.069
SLE,2021,-0.247,-0.11,1.554,0.822,-0.894
SLE,2022,-0.247,-0.11,1.006,0.822,-1.072
SLE,2023,-0.674,-0.501,1.006,0.429,-1.167
SLE,2024,-0.674,-0.501,1.006,0.429,-1.397
SLE,2025,-0.7,-0.501,1.078,0.429,-1.033
ESP,2000,2.154,1.941,1.478,1.989,2.067
ESP,2001,2.154,1.941,1.478,1.989,2.067
ESP,2002,2.154,1.762,1.478,1.989,2.067
ESP,2003,1.521,1.532,1.478,1.368,1.546
ESP,2004,1.32,1.367,1.478,1.508,1.546
ESP,2005,1.706,1.571,1.478,2.698,2.416
ESP,2006,1.938,1.571,1.478,2.698,2.416
ESP,2007,1.938,1.571,1.478,2.698,2.416
ESP,2008,1.938,1.571,1.478,2.698,2.416
ESP,2009,1.938,1.571,1.478,2.698,2.416
ESP,2010,1.938,1.965,1.374,2.698,2.088
ESP,2011,1.938,1.585,1.124,2.698,2.088
ESP,2012,1.582,1.439,1.124,1.597,2.088
ESP,2013,1.582,1.344,1.124,1.597,1.587
ESP,2014,1.582,1.344,1.124,1.597,1.587
ESP,2015,1.582,1.344,1.187,1.597,1.587
ESP,2016,1.582,1.344,1.187,1.597,1.587
ESP,2017,1.373,1.268,1.116,1.43,1.496
ESP,2018,1.949,1.35,1.218,1.569,1.496
ESP,2019,1.949,1.131,1.218,1.918,1.496
ESP,2020,1.717,1.206,1.091,2.261,1.926
ESP,2021,1.693,1.229,1.091,2.655,2.138
ESP,2022,1.61,1.195,0.914,2.188,1.397
ESP,2023,1.61,1.195,0.914,2.188,0.9
ESP,2024,1.61,1.195,0.346,2.188,0.672
ESP,2025,1.61,1.195,-0.197,2.188,0.672
SYR,2000,-0.625,-0.638,-0.591,-0.717,-1.041
SYR,2001,-0.625,-0.638,-0.591,-0.717,-1.041
SYR,2002,-0.625,-0.638,-0.591,-0.717,-1.041
SYR,2003,-0.625,-0.638,-0.591,-0.717,-1.041
SYR,2004,-0.625,-0.638,-0.591,-0.717,-1.041
SYR,2005,-0.625,-0.659,-0.591,-0.717,-1.041
SYR,2006,-0.625,-0.659,-0.591,-0.717,-1.041
SYR,2007,-0.625,-0.659,-0.591,-0.792,-1.041
SYR,2008,-0.625,-0.659,-0.591,-0.792,-1.041
SYR,2009,-0.625,-0.659,-0.591,-0.792,-1.041
SYR,2010,-0.625,-0.659,-0.591,-0.72,-1.041
SYR,2011,-2.453,-2.756,-2.163,-1.871,-2.946
SYR,2012,-3.07,-2.756,-2.163,-2.472,-2.946
SYR,2013,-3.158,-2.756,-2.163,-2.472,-2.946
SYR,2014,-3.158,-2.756,-2.163,-2.472,-2.946
SYR,2015,-3.158,-2.756,-2.018,-2.472,-2.946
SYR,2016,-3.158,-2.756,-2.018,-2.472,-2.946
SYR,2017,-3.158,-2.756,-2.018,-2.472,-2.946
SYR,2018,-3.158,-2.756,-2.018,-2.472,-2.946
SYR,2019,-3.158,-2.756,-2.135,-2.728,-2.946
SYR,2020,-3.158,-3.126,-2.135,-2.636,-2.799
SYR,2021,-2.927,-2.647,-2.002,-2.542,-2.799
SYR,2022,-3.117,-3.188,-2.002,-2.646,-2.836
SYR,2023,-2.271,-2.352,-2.171,-2.393,-2.58
SYR,2024,-2.456,-2.924,-2.332,-2.997,-2.954
SYR,2025,-0.764,-0.063,-1.734,-0.687,-0.715
TUN,2000,-1.063,-0.206,0.427,0.449,-0.31
TUN,2001,-1.063,-0.206,0.427,0.449,-0.31
TUN,2002,-1.063,-0.206,0.427,0.449,-0.31
TUN,2003,-1.063,-0.206,0.427,0.449,-0.31
TUN,2004,-1.063,-0.206,0.427,0.449,-0.31
TUN,2005,-1.063,-0.206,0.427,0.449,-0.31
TUN,2006,-1.063,-0.206,0.427,0.449,-0.31
TUN,2007,-1.063,-0.206,0.427,0.449,-0.31
TUN,2008,-1.063,-0.206,0.427,0.449,-0.31
TUN,2009,-1.063,-0.206,-0.094,0.449,-0.31
TUN,2010,-1.403,-1.117,-0.094,0.449,-0.31
TUN,2011,0.45,0.011,-0.662,1.03,0.04
TUN,2012,0.578,0.011,-0.56,1.13,0.04
TUN,2013,0.578,0.011,-0.56,1.13,0.04
TUN,2014,0.578,0.011,-0.56,1.13,0.04
TUN,2015,0.578,0.011,-0.56,1.13,0.04
TUN,2016,0.578,0.011,-0.56,1.13,0.04
TUN,2017,0.578,0.011,-0.56,1.13,0.04
TUN,2018,0.578,0.011,-0.56,1.13,0.04
TUN,2019,0.578,0.011,-0.56,1.13,0.04
TUN,2020,0.578,0.011,-0.56,1.13,0.04
TUN,2021,0.061,0.382,-1.231,0.035,0.008
TUN,2022,0.003,-0.189,-1.231,0.574,-0.114
TUN,2023,0.003,-0.189,-1.077,0.545,-0.114
TUN,2024,0.0,-0.189,-1.077,0.493,-0.114
TUN,2025,0.0,-0.189,-1.077,0.493,-0.114
TUR,2000,0.317,0.18,0.672,-0.203,-0.374
TUR,2001,0.317,0.18,0.672,-0.203,-0.374
TUR,2002,0.317,0.18,0.672,-0.203,-0.374
TUR,2003,0.317,0.18,0.672,-0.203,-0.374
TUR,2004,0.317,0.18,0.672,-0.203,-0.374
TUR,2005,0.317,0.18,0.672,-0.203,-0.374
TUR,2006,0.242,0.18,0.672,-0.203,-0.374
TUR,2007,-0.334,-0.195,0.672,-0.298,-0.79
TUR,2008,-0.334,-0.255,0.672,-0.523,-0.79
TUR,2009,-0.334,-0.255,0.672,-0.523,-0.79
TUR,2010,-0.403,-0.5,0.672,-0.523,-0.79
TUR,2011,-0.403,-0.5,0.672,-0.523,-0.79
TUR,2012,-1.167,-0.598,0.672,-0.698,-0.79
TUR,2013,-1.777,-0.962,0.513,-1.414,-1.628
TUR,2014,-2.018,-1.055,0.409,-1.739,-1.768
TUR,2015,-2.141,-1.055,0.305,-1.739,-1.768
TUR,2016,-2.141,-1.055,0.305,-1.778,-1.768
TUR,2017,-1.727,-0.831,0.305,-1.778,-1.491
TUR,2018,-1.727,-0.831,0.305,-1.517,-1.491
TUR,2019,-1.669,-0.831,0.305,-1.707,-1.449
TUR,2020,-2.037,-0.761,-1.201,-1.492,-1.345
TUR,2021,-2.147,-0.761,-0.768,-1.492,-1.345
TUR,2022,-2.487,-0.476,-0.028,-1.668,-1.335
TUR,2023,-1.913,-0.476,-0.817,-1.353,-1.062
TUR,2024,-1.913,-0.476,-0.082,-1.353,-1.062
TUR,2025,-1.913,-0.476,-0.35,-1.724,-0.637
UKR,2000,1.364,2.148,0.954,1.532,0.269
UKR,2001,1.702,2.148,0.954,1.532,0.269
UKR,2002,1.498,2.148,0.954,1.532,0.269
UKR,2003,1.363,1.876,0.954,1.532,0.269
UKR,2004,1.05,1.73,0.954,1.268,0.044
UKR,2005,1.301,1.73,0.954,1.182,0.044
UKR,2006,1.301,1.855,0.954,1.396,0.046
UKR,2007,1.272,1.374,0.301,1.213,-0.424
UKR,2008,1.019,1.445,0.256,0.997,-0.652
UKR,2009,1.256,1.445,0.256,1.203,-0.652
UKR,2010,1.286,1.053,-0.476,1.304,-0.652
UKR,2011,1.271,0.293,-0.358,1.214,-0.652
UKR,2012,1.117,0.293,-0.358,1.214,-0.652
UKR,2013,1.117,0.271,-0.598,1.198,-0.659
UKR,2014,-0.513,-0.454,-1.815,-0.255,-1.528
UKR,2015,-0.206,-0.205,-1.201,-0.169,-1.844
UKR,2016,-0.206,-0.137,-1.257,-0.169,-1.844
UKR,2017,-0.186,-0.233,-1.257,-0.169,-1.601
UKR,2018,-0.2,-0.233,-1.197,-0.169,-1.601
UKR,2019,-0.116,-0.623,-1.248,-0.076,-1.386
UKR,2020,-0.432,-0.44,-1.46,-0.317,-1.597
UKR,2021,-0.456,-0.275,-1.46,-0.317,-1.871
UKR,2022,-0.359,0.122,-1.949,-0.127,-1.681
UKR,2023,-0.129,0.219,-1.949,-0.115,-1.573
UKR,2024,-0.326,0.182,-1.971,0.045,-1.573
UKR,2025,-0.326,0.202,-1.971,-0.09,-1.768
GBR,2000,0.971,2.14,-0.494,0.962,1.571
GBR,2001,0.971,2.14,-0.494,0.962,1.571
GBR,2002,0.849,2.14,-0.494,0.842,1.571
GBR,2003,0.849,2.14,-0.494,0.842,1.571
GBR,2004,0.849,2.14,-0.494,0.842,1.571
GBR,2005,0.849,2.14,-0.494,0.842,1.571
GBR,2006,0.849,2.14,-0.494,0.842,1.571
GBR,2007,0.849,2.14,-0.494,0.842,1.571
GBR,2008,0.849,2.14,-0.494,0.842,1.571
GBR,2009,0.849,2.14,-0.494,0.842,1.571
GBR,2010,0.849,1.782,-0.494,0.842,1.571
GBR,2011,0.849,1.782,-0.494,0.842,1.571
GBR,2012,0.849,1.782,-0.494,0.842,1.571
GBR,2013,0.849,1.782,-0.494,0.842,1.571
GBR,2014,0.849,1.782,-0.494,0.842,1.571
GBR,2015,0.849,1.782,-0.494,0.842,1.571
GBR,2016,0.849,1.615,-0.716,0.842,1.571
GBR,2017,0.849,1.615,-0.716,0.842,1.571
GBR,2018,0.849,1.615,-0.716,0.842,1.571
GBR,2019,0.849,1.297,-0.528,0.842,1.571
GBR,2020,0.67,1.297,-0.738,0.842,1.571
GBR,2021,0.67,1.297,-0.738,0.842,1.571
GBR,2022,0.67,1.297,-0.725,0.691,1.154
GBR,2023,0.5,1.107,-0.572,0.691,1.146
GBR,2024,0.848,1.433,-0.572,0.691,1.146
GBR,2025,0.848,1.433,-0.572,0.691,1.146
URY,2000,2.285,2.311,1.93,1.95,1.823
URY,2001,2.285,2.311,1.93,1.95,1.823
URY,2002,2.285,2.311,1.93,1.95,1.823
URY,2003,2.285,2.311,1.93,1.95,1.823
URY,2004,2.285,2.311,1.93,1.95,1.823
URY,2005,2.679,2.179,1.93,2.239,1.828
URY,2006,2.679,2.179,1.93,2.239,1.828
URY,2007,2.679,2.179,1.93,2.239,1.828
URY,2008,2.679,2.179,1.93,2.239,1.828
URY,2009,2.679,1.277,1.93,2.239,1.828
URY,2010,2.271,1.144,1.93,1.892,1.623
URY,2011,2.271,1.144,1.93,1.892,1.623
URY,2012,2.271,1.144,1.93,1.892,1.623
URY,2013,2.271,1.144,1.93,1.892,1.623
URY,2014,2.271,1.144,1.93,1.892,1.623
URY,2015,2.271,1.144,1.93,1.892,1.623
URY,2016,2.271,1.144,1.93,1.892,1.261
URY,2017,2.271,0.929,1.93,1.892,1.261
URY,2018,2.271,0.929,1.93,1.892,1.261
URY,2019,2.271,0.58,1.93,1.892,1.036
URY,2020,1.947,0.79,2.543,2.49,2.079
URY,2021,1.947,0.632,1.374,2.182,1.704
URY,2022,1.947,0.774,1.374,2.182,1.507
URY,2023,2.093,0.774,2.552,1.834,1.972
URY,2024,2.522,1.262,1.829,2.412,1.632
URY,2025,2.003,1.384,2.588,2.197,1.384
DZA,2000,-0.877,-0.385,-0.388,-0.361,-1.389
DZA,2001,-0.877,-0.385,-0.388,-0.361,-1.389
DZA,2002,-0.877,-0.385,-0.388,-0.361,-1.389
DZA,2003,-0.877,-0.385,-0.388,-0.361,-1.389
DZA,2004,-0.877,-0.385,-0.388,-0.361,-1.389
DZA,2005,-0.877,-0.385,-0.388,-0.361,-1.389
DZA,2006,-0.877,-0.385,-0.388,-0.361,-1.389
DZA,2007,-0.877,-0.385,-0.388,-0.361,-1.389
DZA,2008,-0.877,-0.824,-0.388,-0.361,-1.389
DZA,2009,-0.877,-0.824,-0.388,-0.361,-1.389
DZA,2010,-0.877,-0.824,-0.388,-0.361,-1.389
DZA,2011,-0.877,-0.824,-0.388,-0.361,-1.389
DZA,2012,-1.085,-0.824,-0.388,-0.361,-1.389
DZA,2013,-1.085,-0.824,-0.388,-0.361,-1.389
DZA,2014,-0.971,-0.824,-0.388,-0.361,-1.389
DZA,2015,-0.971,-0.824,-0.388,-0.361,-1.389
DZA,2016,-0.971,-0.824,-0.388,-0.361,-1.389
DZA,2017,-0.971,-0.824,-0.388,-0.361,-1.389
DZA,2018,-0.971,-0.824,-0.388,-0.361,-1.389
DZA,2019,-1.11,-0.79,-0.388,-1.223,-1.344
DZA,2020,-1.433,-0.446,-1.032,-1.036,-1.176
DZA,2021,-1.665,-0.446,-1.254,-1.036,-1.285
DZA,2022,-1.078,-0.992,-1.72,-1.171,-1.727
DZA,2023,-1.078,-0.992,-1.72,-1.171,-1.727
DZA,2024,-1.078,-0.992,-1.72,-1.171,-1.727
DZA,2025,-1.078,-0.992,-1.72,-1.171,-1.727
AGO,2000,1.143,0.402,0.332,1.289,1.22
AGO,2001,1.143,0.402,0.332,1.289,1.22
AGO,2002,1.143,0.402,0.332,1.289,1.22
AGO,2003,1.143,0.402,0.332,1.289,1.22
AGO,2004,1.143,0.402,0.332,1.289,1.22
AGO,2005,1.143,0.402,0.332,1.289,1.22
AGO,2006,1.143,0.402,0.332,1.289,1.22
AGO,2007,1.143,0.402,0.332,1.289,1.22
AGO,2008,1.143,0.402,0.332,1.289,1.22
AGO,2009,1.143,0.402,0.332,1.289,1.22
AGO,2010,1.143,0.402,0.332,1.289,0.945
AGO,2011,1.143,0.402,0.332,1.289,0.945
AGO,2012,1.034,0.402,0.332,1.289,0.945
AGO,2013,1.034,0.402,0.332,1.289,0.945
AGO,2014,1.034,0.402,0.332,1.289,0.945
AGO,2015,1.034,0.402,0.332,1.001,0.802
AGO,2016,1.034,0.402,0.332,1.001,0.802
AGO,2017,1.189,0.402,0.332,1.129,0.802
AGO,2018,1.189,0.402,0.332,1.129,0.802
AGO,2019,1.131,0.402,0.332,0.995,0.963
AGO,2020,1.131,0.402,0.332,0.995,0.963
AGO,2021,1.131,0.402,0.452,0.995,0.963
AGO,2022,1.131,0.769,0.452,0.995,0.963
AGO,2023,0.72,0.337,0.452,0.682,0.545
AGO,2024,0.673,0.315,0.61,0.735,0.4
AGO,2025,0.673,0.315,1.005,0.735,0.4
ARM,2000,-0.169,0.906,0.16,1.366,0.977
ARM,2001,-0.169,0.906,0.16,1.366,0.977
ARM,2002,-0.169,0.906,0.16,1.366,0.977
ARM,2003,-0.169,0.906,0.16,1.366,0.977
ARM,2004,-0.169,0.906,0.16,1.366,0.977
ARM,2005,-0.169,0.906,0.16,1.366,0.977
ARM,2006,-0.169,0.906,0.16,1.366,0.977
ARM,2007,-0.719,0.702,0.16,1.366,0.977
ARM,2008,-0.719,0.349,0.16,1.366,0.977
ARM,2009,-0.824,0.349,0.16,1.366,0.977
ARM,2010,-0.544,0.349,0.16,1.366,0.977
ARM,2011,-0.867,-0.772,-0.363,1.366,0.28
ARM,2012,-0.867,-0.772,-0.363,0.636,0.28
ARM,2013,-0.867,-0.772,-0.363,0.636,0.28
ARM,2014,-0.867,-0.772,-0.363,0.636,0.28
ARM,2015,-1.045,-0.772,-0.363,0.636,0.28
ARM,2016,-1.045,-0.772,-0.363,0.636,0.28
ARM,2017,-1.045,-0.772,-0.363,0.636,0.28
ARM,2018,1.242,0.048,-0.363,1.11,1.132
ARM,2019,0.707,-0.106,-0.363,1.087,0.635
ARM,2020,-0.133,-0.816,-1.587,0.147,-0.334
ARM,2021,-0.744,-0.646,-1.284,0.419,-0.29
ARM,2022,-0.744,-0.646,-1.284,0.419,-0.29
ARM,2023,-1.092,-0.583,-2.622,0.445,-0.352
ARM,2024,-1.257,-0.865,-2.622,0.445,-0.352
ARM,2025,-1.699,-0.831,-2.298,0.445,-1.139
AZE,2000,-2.38,-0.581,-0.477,-1.771,-0.615
AZE,2001,-2.38,-0.581,-0.477,-1.771,-0.615
AZE,2002,-2.38,-0.581,-0.477,-1.771,-0.615
AZE,2003,-2.38,-0.672,-0.498,-1.815,-0.676
AZE,2004,-2.38,-0.672,-0.468,-1.815,-0.676
AZE,2005,-2.38,-0.672,-0.468,-1.815,-0.755
AZE,2006,-2.38,-0.672,-0.468,-1.815,-0.687
AZE,2007,-2.38,-0.672,-0.468,-1.815,-0.687
AZE,2008,-2.466,-0.672,-0.642,-1.815,-0.758
AZE,2009,-2.466,-0.672,-0.642,-1.815,-0.758
AZE,2010,-3.179,-1.065,-0.642,-1.815,-0.82
AZE,2011,-3.179,-1.065,-0.642,-1.854,-0.745
AZE,2012,-3.179,-1.065,-0.642,-1.854,-0.745
AZE,2013,-3.179,-1.065,-0.609,-1.854,-0.817
AZE,2014,-3.179,-1.065,-0.572,-1.854,-0.753
AZE,2015,-3.179,-1.065,-0.572,-1.874,-0.822
AZE,2016,-3.179,-1.094,-0.572,-1.874,-0.822
AZE,2017,-3.179,-1.094,-0.572,-1.874,-0.753
AZE,2018,-3.179,-1.094,-0.572,-1.874,-0.819
AZE,2019,-2.28,-1.427,-0.418,-1.608,-0.819
AZE,2020,-2.28,-1.492,-0.566,-2.035,-0.703
AZE,2021,-3.265,-1.548,-0.566,-2.035,-1.032
AZE,2022,-3.265,-1.434,-1.072,-2.017,-1.115
AZE,2023,-3.033,-1.254,-1.072,-2.916,-1.082
AZE,2024,-3.033,-1.791,-1.028,-2.916,-1.381
AZE,2025,-3.033,-1.791,-1.028,-2.916,-1.927
BLR,2000,1.182,3.042,2.012,2.452,2.51
BLR,2001,1.182,3.042,2.012,2.452,2.51
BLR,2002,1.182,3.042,2.012,2.452,2.51
BLR,2003,1.182,3.042,2.012,2.452,2.51
BLR,2004,1.182,2.542,2.012,2.058,2.51
BLR,2005,1.182,2.542,2.012,2.058,2.51
BLR,2006,1.182,2.542,2.012,2.058,2.51
BLR,2007,1.182,2.542,2.012,2.058,2.51
BLR,2008,0.976,2.369,2.012,1.593,2.046
BLR,2009,0.976,2.369,2.012,1.593,1.675
BLR,2010,0.619,2.369,1.262,1.593,1.675
BLR,2011,0.619,2.369,1.262,1.131,1.675
BLR,2012,0.619,2.369,1.262,1.131,1.675
BLR,2013,0.619,1.897,1.262,1.131,1.675
BLR,2014,0.619,1.897,0.783,1.131,1.675
BLR,2015,0.333,1.897,0.783,0.786,1.675
BLR,2016,0.333,1.539,0.717,0.786,1.675
BLR,2017,0.333,1.539,0.717,0.786,1.675
BLR,2018,0.333,1.539,0.524,0.786,1.675
BLR,2019,0.333,1.539,-0.321,0.786,1.675
BLR,2020,-2.426,0.301,-0.563,-0.546,0.222
BLR,2021,-2.426,-0.817,-2.187,-2.074,-2.099
BLR,2022,-2.426,-0.728,-2.187,-2.074,-1.658
BLR,2023,-2.426,-1.097,-2.187,-2.074,-2.027
BLR,2024,-3.299,-1.773,-3.319,-2.074,-3.135
BLR,2025,-3.299,-2.506,-3.319,-3.385,-3.135
CMR,2000,-0.619,1.548,1.361,1.732,-0.432
CMR,2001,-0.619,1.548,1.361,1.732,-0.432
CMR,2002,-0.619,1.548,1.361,1.732,-0.432
CMR,2003,-0.619,1.548,1.361,1.732,-0.432
CMR,2004,-0.619,1.548,1.361,1.732,-0.432
CMR,2005,-0.619,1.548,1.361,1.732,-0.432
CMR,2006,-0.619,1.548,1.249,1.732,-0.432
CMR,2007,-0.619,1.548,1.249,1.732,-0.432
CMR,2008,-0.619,1.548,1.249,1.732,-0.432
CMR,2009,-0.619,1.548,1.249,1.732,-0.432
CMR,2010,-0.619,1.447,1.249,1.732,-0.566
CMR,2011,-0.619,1.125,1.249,1.732,-0.566
CMR,2012,-0.619,1.125,1.249,1.732,-0.566
CMR,2013,-0.619,1.125,1.249,1.732,-0.63
CMR,2014,-0.619,1.125,1.249,1.732,-0.63
CMR,2015,-0.275,1.125,1.249,1.732,-0.63
CMR,2016,-0.536,0.8,1.249,1.589,-0.863
CMR,2017,-0.536,0.8,1.249,1.033,-0.887
CMR,2018,-0.536,0.75,1.249,1.033,-0.887
CMR,2019,-0.651,0.312,1.692,0.651,-1.107
CMR,2020,-0.59,0.409,1.692,0.77,-0.866
CMR,2021,-0.903,0.409,1.692,0.652,-0.774
CMR,2022,-1.032,0.409,1.356,0.652,-0.774
CMR,2023,-1.032,0.409,1.356,0.585,-0.87
CMR,2024,-0.932,0.409,1.046,0.585,-0.79
CMR,2025,-1.022,0.409,0.489,0.761,-0.955
TCD,2000,-0.382,-0.259,-0.204,-0.496,-0.307
TCD,2001,-0.382,-0.259,-0.204,-0.496,-0.307
TCD,2002,-0.382,-0.259,-0.204,-0.496,-0.307
TCD,2003,-0.382,-0.259,-0.204,-0.496,-0.307
TCD,2004,-0.382,-0.259,-0.204,-0.496,-0.307
TCD,2005,-0.382,-0.259,-0.204,-0.496,-0.307
TCD,2006,-0.382,-0.259,-0.204,-0.496,-0.307
TCD,2007,-0.382,-0.259,-0.204,-0.496,-0.307
TCD,2008,-0.382,-0.259,-0.204,-0.496,-0.307
TCD,2009,-0.382,-0.259,-0.204,-0.496,-0.307
TCD,2010,-1.047,-0.883,-1.052,-1.133,-1.41
TCD,2011,-1.047,-0.883,-1.052,-1.133,-1.41
TCD,2012,-1.047,-0.883,-1.052,-1.133,-1.41
TCD,2013,-1.047,-0.883,-1.052,-1.133,-1.41
TCD,2014,-1.047,-0.883,-1.052,-1.133,-1.41
TCD,2015,-1.047,-0.883,-1.052,-1.133,-1.41
TCD,2016,-1.047,-1.143,-1.322,-1.38,-1.662
TCD,2017,-1.305,-1.143,-1.322,-1.38,-1.662
TCD,2018,-1.305,-1.143,-1.322,-1.38,-1.662
TCD,2019,-1.305,-0.824,-1.286,-1.38,-1.364
TCD,2020,-1.806,-1.168,-1.67,-2.009,-1.656
TCD,2021,-1.806,-1.168,-1.67,-2.009,-1.656
TCD,2022,-1.806,-1.168,-1.67,-2.009,-1.656
TCD,2023,-1.806,-1.168,-1.67,-2.009,-1.656
TCD,2024,-1.806,-1.168,-1.67,-2.009,-1.656
TCD,2025,-1.806,-1.168,-1.336,-2.009,-1.656
CHN,2000,-1.106,-0.885,-0.78,-1.554,-1.663
CHN,2001,-1.106,-0.885,-0.78,-1.554,-1.663
CHN,2002,-1.106,-0.885,-0.78,-1.554,-1.663
CHN,2003,-1.106,-0.885,-0.78,-1.554,-1.663
CHN,2004,-1.106,-0.885,-0.78,-1.554,-1.663
CHN,2005,-1.106,-0.885,-0.78,-1.112,-1.29
CHN,2006,-1.106,-0.885,-0.78,-1.112,-1.29
CHN,2007,-1.106,-0.885,-0.78,-1.112,-1.29
CHN,2008,-1.106,-0.885,-0.78,-1.112,-1.29
CHN,2009,-1.106,-0.885,-0.78,-1.527,-1.604
CHN,2010,-1.269,-1.036,-0.78,-1.527,-1.604
CHN,2011,-1.328,-1.129,-0.78,-1.571,-1.623
CHN,2012,-1.328,-1.129,-0.826,-1.571,-1.623
CHN,2013,-2.201,-1.951,-0.826,-2.094,-2.195
CHN,2014,-2.201,-1.951,-0.882,-2.094,-2.374
CHN,2015,-2.201,-1.951,-0.882,-2.156,-2.427
CHN,2016,-2.201,-1.853,-0.882,-2.156,-2.427
CHN,2017,-2.422,-2.112,-0.929,-2.156,-2.427
CHN,2018,-2.422,-2.112,-0.929,-2.156,-2.427
CHN,2019,-2.422,-2.112,-0.846,-2.653,-2.427
CHN,2020,-2.422,-2.346,-0.846,-2.748,-2.708
CHN,2021,-2.552,-2.535,-0.389,-2.932,-2.853
CHN,2022,-2.373,-2.516,-0.829,-3.084,-3.042
CHN,2023,-2.527,-2.539,-0.788,-3.084,-3.042
CHN,2024,-2.331,-2.834,-0.862,-3.084,-3.421
CHN,2025,-2.202,-2.568,0.856,-2.881,-3.522
COD,2000,-1.218,-0.865,-0.551,-1.158,-0.733
COD,2001,-1.218,-0.865,-0.551,-1.158,-0.733
COD,2002,-1.218,-0.865,-0.551,-1.158,-0.733
COD,2003,-1.218,-0.865,-0.551,-1.158,-0.733
COD,2004,-1.218,-0.865,-0.551,-1.158,-0.733
COD,2005,-1.218,-0.865,-0.551,-1.158,-0.733
COD,2006,-1.218,-0.865,-0.551,-1.158,-0.733
COD,2007,-1.218,-0.865,-0.551,-1.158,-0.733
COD,2008,-1.534,-0.865,-0.551,-1.158,-0.733
COD,2009,-1.534,-0.865,-0.551,-1.158,-0.733
COD,2010,-1.566,-0.865,-0.551,-1.158,-0.733
COD,2011,-1.566,-0.865,-0.551,-1.158,-0.733
COD,2012,-1.566,-0.865,-0.551,-1.397,-0.733
COD,2013,-1.566,-1.252,-0.551,-1.397,-0.856
COD,2014,-1.566,-1.252,-0.551,-1.397,-0.856
COD,2015,-1.566,-1.252,-0.551,-1.397,-0.856
COD,2016,-1.566,-1.252,-0.551,-1.397,-0.856
COD,2017,-1.566,-1.252,-0.551,-1.397,-0.856
COD,2018,-1.566,-1.252,-0.551,-1.397,-0.856
COD,2019,-0.974,-0.685,-0.997,-0.59,-0.473
COD,2020,-1.04,-0.94,-0.763,-0.641,-1.111
COD,2021,-0.146,-0.241,-0.37,-0.214,-0.648
COD,2022,-0.441,-0.241,-0.62,-0.487,-1.133
COD,2023,-0.441,-0.241,-0.62,-0.487,-1.133
COD,2024,-0.441,-0.241,-0.867,-0.25,-0.548
COD,2025,-0.786,-0.096,-0.658,-0.605,-0.604
COG,2000,-0.887,-0.687,-0.272,-0.847,-0.557
COG,2001,-0.887,-0.687,-0.272,-0.847,-0.557
COG,2002,-0.887,-0.687,-0.272,-0.847,-0.557
COG,2003,-0.887,-0.687,-0.272,-0.847,-0.557
COG,2004,-0.887,-0.687,-0.272,-0.847,-0.661
COG,2005,-0.887,-0.687,-0.272,-0.847,-0.661
COG,2006,-0.887,-0.687,-0.272,-0.847,-0.661
COG,2007,-0.887,-0.687,-0.272,-0.847,-0.661
COG,2008,-0.887,-0.687,-0.272,-0.847,-0.661
COG,2009,-0.887,-0.687,-0.272,-0.847,-0.661
COG,2010,-0.887,-0.953,-0.272,-0.847,-0.76
COG,2011,-0.887,-0.953,-0.272,-0.847,-0.76
COG,2012,-0.887,-0.953,-0.272,-0.847,-0.76
COG,2013,-0.887,-0.953,-0.272,-0.847,-0.76
COG,2014,-0.887,-0.953,-0.272,-0.847,-0.76
COG,2015,-0.887,-0.953,-0.272,-0.847,-0.76
COG,2016,-0.887,-0.953,-0.272,-0.847,-0.76
COG,2017,-0.887,-1.751,-0.272,-0.847,-0.847
COG,2018,-0.887,-1.751,-0.272,-0.847,-0.847
COG,2019,-1.582,-1.751,-0.73,-1.638,-0.847
COG,2020,-0.922,-1.1,-0.092,-0.354,-0.676
COG,2021,-0.922,-1.734,0.206,-1.029,-0.925
COG,2022,-0.922,-1.06,0.206,-1.435,-0.68
COG,2023,-0.922,-1.06,0.206,-1.435,-0.68
COG,2024,-0.922,-1.06,-0.318,-1.015,-0.82
COG,2025,-0.922,-1.06,-0.318,-1.015,-0.82
DJI,2000,-1.463,-0.702,-0.204,-0.699,-0.421
DJI,2001,-1.275,-0.702,-0.204,-0.699,-0.421
DJI,2002,-1.133,-0.702,-0.204,-1.201,-0.421
DJI,2003,-1.133,-0.702,-0.204,-1.201,-0.421
DJI,2004,-1.133,-0.702,-0.204,-1.201,-0.421
DJI,2005,-1.062,-0.775,-0.322,-1.281,-0.5
DJI,2006,-1.199,-0.775,-0.322,-1.281,-0.5
DJI,2007,-1.199,-0.775,-0.322,-1.281,-0.5
DJI,2008,-1.34,-0.775,-0.322,-1.281,-0.5
DJI,2009,-1.191,-0.809,-0.322,-1.279,-0.565
DJI,2010,-1.188,-0.809,-0.322,-1.279,-0.565
DJI,2011,-0.953,-0.713,-0.322,-1.113,-0.536
DJI,2012,-1.007,-0.713,-0.322,-1.113,-0.536
DJI,2013,-1.142,-0.713,-0.322,-1.113,-0.536
DJI,2014,-1.013,-0.713,-0.322,-1.113,-0.536
DJI,2015,-1.013,-0.713,-0.322,-1.113,-0.536
DJI,2016,-0.785,-0.713,-0.322,-1.113,-0.536
DJI,2017,-0.99,-0.713,-0.388,-1.113,-0.536
DJI,2018,-0.99,-0.713,-0.388,-1.113,-0.536
DJI,2019,-0.99,-0.713,-0.388,-1.113,-0.536
DJI,2020,-0.99,-0.713,-0.388,-1.113,-0.423
DJI,2021,-0.99,-0.713,-0.31,-0.571,-0.286
DJI,2022,-0.407,-0.569,-0.31,-0.571,-0.286
DJI,2023,-0.407,-0.569,-0.31,-0.571,-0.286
DJI,2024,-0.407,-0.569,-0.31,-0.571,-0.286
DJI,2025,-0.407,-0.569,-0.31,-0.571,-0.286
DOM,2000,-0.194,0.246,1.265,2.051,0.049
DOM,2001,-0.194,0.246,1.265,2.051,0.049
DOM,2002,-0.194,0.246,1.265,2.051,0.049
DOM,2003,-0.194,0.246,1.265,2.051,0.049
DOM,2004,-0.534,-0.658,1.265,2.051,-1.85
DOM,2005,-0.936,-1.242,1.265,1.67,-1.85
DOM,2006,-0.936,-1.242,1.265,1.67,-1.85
DOM,2007,-0.936,-1.242,1.265,1.67,-1.85
DOM,2008,-0.936,-1.242,1.265,1.67,-1.85
DOM,2009,-0.936,-1.242,1.265,1.67,-1.85
DOM,2010,-0.936,-1.242,1.265,1.67,-1.955
DOM,2011,-0.936,-1.242,1.265,1.67,-1.955
DOM,2012,-0.936,-1.242,1.265,1.67,-1.955
DOM,2013,-0.936,-1.357,0.888,1.67,-1.955
DOM,2014,-0.936,-1.357,0.888,1.67,-1.955
DOM,2015,-0.936,-1.357,0.888,1.67,-1.955
DOM,2016,-0.936,-1.357,0.888,1.524,-1.955
DOM,2017,-0.964,-1.357,0.679,1.524,-1.955
DOM,2018,-0.964,-1.357,0.679,1.524,-1.955
DOM,2019,-0.964,-1.477,0.827,1.155,-2.046
DOM,2020,1.596,0.099,0.968,2.7,-1.149
DOM,2021,1.596,0.099,1.291,2.7,-0.305
DOM,2022,1.596,0.099,1.291,2.7,-0.305
DOM,2023,1.596,0.099,1.291,1.426,-0.305
DOM,2024,1.596,0.099,0.367,1.077,-0.725
DOM,2025,1.596,0.099,0.367,1.077,-0.725
ERI,2000,-1.958,-2.29,-1.044,-1.384,-2.146
ERI,2001,-1.958,-2.29,-1.044,-1.384,-2.146
ERI,2002,-2.816,-2.29,-1.044,-1.802,-2.448
ERI,2003,-2.816,-2.29,-1.044,-1.802,-2.448
ERI,2004,-2.816,-2.29,-1.044,-1.802,-2.448
ERI,2005,-2.816,-2.29,-1.044,-1.802,-2.448
ERI,2006,-2.816,-2.29,-1.044,-1.802,-3.006
ERI,2007,-2.816,-2.29,-1.044,-1.802,-3.006
ERI,2008,-2.816,-2.29,-1.044,-1.802,-3.006
ERI,2009,-2.816,-2.29,-1.044,-1.802,-3.006
ERI,2010,-2.816,-2.29,-1.044,-1.802,-3.006
ERI,2011,-2.816,-2.29,-0.957,-1.802,-3.006
ERI,2012,-2.816,-2.29,-0.957,-1.802,-3.006
ERI,2013,-2.816,-2.29,-0.957,-1.802,-3.006
ERI,2014,-2.816,-2.29,-0.957,-1.802,-3.006
ERI,2015,-2.816,-2.29,-0.957,-1.802,-3.006
ERI,2016,-2.816,-2.29,-0.957,-1.802,-3.006
ERI,2017,-2.816,-2.29,-0.957,-1.802,-3.006
ERI,2018,-2.816,-2.29,-0.957,-1.802,-3.006
ERI,2019,-2.816,-2.29,-0.764,-1.802,-3.006
ERI,2020,-1.834,-1.491,-0.358,-1.715,-2.302
ERI,2021,-2.43,-2.401,-0.583,-2.366,-3.086
ERI,2022,-2.689,-2.401,-1.221,-2.366,-3.086
ERI,2023,-3.043,-2.669,-1.139,-2.9,-3.456
ERI,2024,-2.127,-0.999,0.647,-2.9,-3.058
ERI,2025,-2.127,-2.296,0.647,-2.527,-3.058
GAB,2000,-0.242,-0.254,-0.47,-0.353,-0.855
GAB,2001,-0.242,-0.254,-0.47,-0.353,-0.855
GAB,2002,-0.242,-0.254,-0.47,-0.353,-0.855
GAB,2003,-0.242,-0.254,-0.47,-0.353,-0.855
GAB,2004,-0.242,-0.254,-0.47,-0.353,-0.855
GAB,2005,-0.242,-0.254,-0.47,-0.353,-0.855
GAB,2006,-0.242,-0.254,-0.47,-0.353,-0.855
GAB,2007,-0.242,-0.254,-0.47,-0.353,-0.855
GAB,2008,-0.242,-0.254,-0.47,-0.353,-0.855
GAB,2009,-0.242,-0.254,-0.47,-0.353,-0.855
GAB,2010,-0.68,-0.254,-0.47,-0.353,-0.855
GAB,2011,-0.68,-0.254,-0.47,-0.353,-0.855
GAB,2012,-0.68,-0.254,-0.47,-0.353,-0.855
GAB,2013,-0.68,-0.254,-0.47,-0.353,-0.855
GAB,2014,-0.68,-0.254,-0.47,0.182,-0.855
GAB,2015,-0.68,-0.254,-0.47,-0.363,-0.855
GAB,2016,-0.68,-0.254,-0.47,-0.363,-0.855
GAB,2017,-0.68,-0.254,-0.47,-0.363,-0.855
GAB,2018,-0.68,-0.254,-0.47,-0.363,-0.855
GAB,2019,-0.68,-0.254,-0.795,-0.363,-1.7
GAB,2020,-0.823,-0.254,-0.483,-0.363,-1.387
GAB,2021,-0.893,-0.254,-0.483,-0.363,-1.387
GAB,2022,-0.893,-0.254,-0.795,-0.363,-1.387
GAB,2023,-0.893,-0.254,-0.795,-0.363,-1.387
GAB,2024,0.008,-0.075,-0.463,0.182,-1.141
GAB,2025,0.008,-0.075,-0.463,0.182,-1.141
GMB,2000,-1.277,-0.858,1.108,-0.118,-1.375
GMB,2001,-1.277,-0.858,1.108,-0.118,-1.375
GMB,2002,-1.277,-0.858,1.108,-0.118,-1.375
GMB,2003,-1.277,-0.858,1.108,-0.118,-1.375
GMB,2004,-1.277,-0.858,1.108,-0.118,-1.375
GMB,2005,-1.277,-0.858,1.108,-0.118,-1.375
GMB,2006,-1.277,-0.858,1.108,-0.118,-1.375
GMB,2007,-1.277,-0.858,1.108,-0.118,-1.375
GMB,2008,-1.277,-0.858,1.108,-0.118,-1.375
GMB,2009,-1.277,-0.858,1.108,-0.118,-1.375
GMB,2010,-1.277,-0.858,1.108,-0.118,-1.375
GMB,2011,-1.277,-0.858,1.108,-0.118,-1.375
GMB,2012,-1.277,-0.858,1.108,-0.118,-1.375
GMB,2013,-1.277,-0.858,1.108,-0.118,-1.375
GMB,2014,-1.277,-0.858,1.108,-0.118,-1.375
GMB,2015,-1.277,-0.858,1.108,-0.118,-1.375
GMB,2016,-1.222,-0.858,1.108,-0.111,-1.375
GMB,2017,1.296,0.926,2.207,1.77,-0.059
GMB,2018,1.296,0.926,2.207,1.77,-0.059
GMB,2019,1.212,0.821,2.029,1.442,0.593
GMB,2020,1.212,0.848,1.364,1.442,0.063
GMB,2021,1.212,0.599,1.364,1.442,0.036
GMB,2022,1.212,0.599,1.364,1.593,0.197
GMB,2023,1.212,0.599,1.364,1.623,0.197
GMB,2024,1.212,0.599,1.364,1.934,0.538
GMB,2025,1.859,0.599,1.364,1.934,0.538
GEO,2000,0.463,1.699,0.64,0.922,0.783
GEO,2001,0.463,1.699,0.64,0.922,0.783
GEO,2002,0.463,1.699,0.64,0.922,0.572
GEO,2003,0.463,1.699,0.64,0.922,1.059
GEO,2004,0.716,1.874,0.77,1.212,1.059
GEO,2005,0.716,1.874,0.924,1.212,1.059
GEO,2006,0.716,1.253,0.924,1.212,1.059
GEO,2007,0.716,1.253,0.924,1.212,1.059
GEO,2008,0.716,1.79,0.486,1.055,1.059
GEO,2009,0.265,1.194,-0.473,0.775,0.763
GEO,2010,-0.307,0.834,-0.658,0.309,0.551
GEO,2011,-0.307,0.726,-1.336,0.036,0.551
GEO,2012,-0.079,1.308,-1.336,0.319,0.591
GEO,2013,0.161,1.594,-0.745,1.134,0.591
GEO,2014,0.161,1.051,-0.745,1.134,0.63
GEO,2015,0.01,0.792,-0.745,1.134,0.63
GEO,2016,-0.104,0.792,-1.392,0.028,0.63
GEO,2017,-0.37,0.089,-1.392,0.028,0.63
GEO,2018,-0.601,0.089,-1.392,0.337,0.63
GEO,2019,-1.014,-0.361,-1.392,-0.062,-0.066
GEO,2020,-1.102,-0.128,-1.554,-0.106,-0.878
GEO,2021,-0.723,0.08,-1.788,0.089,-1.393
GEO,2022,-0.723,0.301,-1.788,-0.107,-1.052
GEO,2023,-0.83,-0.067,-1.703,-0.427,-0.883
GEO,2024,-1.383,-0.897,-2.455,-0.754,-1.32
GEO,2025,-1.913,-2.221,-3.164,-2.577,-2.133
GNB,2000,1.281,0.999,1.537,1.633,0.58
GNB,2001,1.281,0.999,1.537,1.633,0.58
GNB,2002,1.281,0.999,1.537,1.633,0.58
GNB,2003,1.281,0.999,1.537,1.633,0.58
GNB,2004,1.386,0.999,1.537,1.633,0.58
GNB,2005,1.386,0.999,1.537,1.633,0.58
GNB,2006,1.386,0.999,1.537,1.633,0.58
GNB,2007,1.386,0.999,1.537,1.633,0.58
GNB,2008,1.386,0.999,1.537,1.633,0.58
GNB,2009,1.386,0.999,1.537,1.633,0.58
GNB,2010,1.091,0.517,1.537,1.213,0.164
GNB,2011,1.091,0.517,1.537,1.213,0.164
GNB,2012,1.021,0.517,1.399,1.213,0.164
GNB,2013,1.021,0.517,1.399,1.213,0.164
GNB,2014,1.151,0.517,1.399,1.213,0.164
GNB,2015,1.03,0.517,1.399,1.213,0.164
GNB,2016,0.808,0.356,1.399,1.213,0.164
GNB,2017,0.808,0.356,1.399,1.213,0.164
GNB,2018,0.808,0.356,1.399,1.213,0.164
GNB,2019,0.784,-0.136,0.376,1.0,-0.475
GNB,2020,0.596,-0.238,0.376,0.892,-0.448
GNB,2021,0.596,-0.238,0.376,0.891,-0.448
GNB,2022,0.492,-0.386,0.376,0.768,-0.673
GNB,2023,0.745,-0.12,0.376,1.096,-0.254
GNB,2024,-0.616,0.052,0.145,0.553,0.345
GNB,2025,-1.518,-0.408,-0.253,-0.398,-0.052
JAM,2000,1.413,1.424,1.423,1.624,0.864
JAM,2001,1.413,1.424,1.423,1.624,0.864
JAM,2002,1.413,1.424,1.423,1.624,0.864
JAM,2003,1.413,1.424,1.423,1.624,0.864
JAM,2004,1.413,1.424,1.423,1.624,0.864
JAM,2005,1.413,1.424,1.423,1.624,0.864
JAM,2006,1.413,1.424,1.423,1.624,0.864
JAM,2007,1.413,1.424,1.423,1.624,0.864
JAM,2008,1.413,1.424,1.423,1.624,0.864
JAM,2009,1.413,1.424,1.423,1.624,0.864
JAM,2010,1.413,1.424,1.423,1.624,0.864
JAM,2011,1.413,1.424,1.423,1.624,0.864
JAM,2012,1.413,1.424,1.423,1.624,0.864
JAM,2013,1.413,1.424,1.423,1.624,0.864
JAM,2014,1.413,1.424,1.423,1.624,0.864
JAM,2015,1.413,1.424,1.423,1.624,0.864
JAM,2016,1.413,1.424,1.423,1.624,0.864
JAM,2017,1.413,1.424,1.423,1.624,0.864
JAM,2018,1.413,1.424,1.423,1.624,0.864
JAM,2019,1.413,1.664,1.423,1.624,0.864
JAM,2020,2.092,1.664,1.866,2.487,1.449
JAM,2021,2.092,1.664,1.866,2.487,1.449
JAM,2022,2.092,1.664,1.866,2.487,1.449
JAM,2023,2.092,1.664,1.866,1.577,1.449
JAM,2024,2.092,1.664,1.866,1.577,1.449
JAM,2025,2.092,1.664,1.866,1.577,1.449
KAZ,2000,-0.77,-0.357,-1.033,-0.908,-0.267
KAZ,2001,-0.77,-0.357,-1.033,-0.908,-0.267
KAZ,2002,-0.77,-0.357,-1.033,-0.908,-0.267
KAZ,2003,-0.855,-0.456,-1.033,-0.908,-0.267
KAZ,2004,-0.855,-0.456,-1.033,-0.908,-0.267
KAZ,2005,-0.855,-0.456,-1.033,-0.908,-0.267
KAZ,2006,-0.855,-0.456,-1.033,-0.908,-0.267
KAZ,2007,-0.855,-0.456,-1.033,-0.908,-0.267
KAZ,2008,-0.979,-0.656,-1.124,-0.908,-0.319
KAZ,2009,-0.979,-0.656,-1.124,-0.908,-0.319
KAZ,2010,-1.079,-0.908,-1.114,-0.977,-0.851
KAZ,2011,-1.097,-0.908,-1.114,-0.977,-0.851
KAZ,2012,-1.205,-0.908,-1.114,-0.977,-0.851
KAZ,2013,-1.205,-1.456,-1.114,-0.977,-0.851
KAZ,2014,-1.205,-1.456,-1.253,-0.977,-1.2
KAZ,2015,-1.205,-1.456,-1.174,-0.977,-1.2
KAZ,2016,-1.205,-1.553,-1.174,-0.977,-1.023
KAZ,2017,-1.205,-1.553,-1.327,-0.977,-1.023
KAZ,2018,-1.205,-1.553,-1.446,-0.977,-1.023
KAZ,2019,-1.102,-1.53,-1.324,-0.977,-1.407
KAZ,2020,-1.292,-1.449,-1.274,-1.303,-1.559
KAZ,2021,-1.438,-1.277,-1.274,-1.37,-1.435
KAZ,2022,-1.302,-1.277,-1.18,-1.346,-1.435
KAZ,2023,-1.302,-1.277,-1.399,-1.346,-1.031
KAZ,2024,-1.706,-1.277,-0.929,-1.599,-0.819
KAZ,2025,-1.357,-1.277,-0.929,-1.553,-0.943
KGZ,2000,-0.414,0.001,0.341,0.82,0.657
KGZ,2001,-0.414,0.001,0.341,0.82,0.657
KGZ,2002,-0.414,0.001,0.341,0.82,0.657
KGZ,2003,-0.414,0.001,0.341,0.82,0.657
KGZ,2004,-0.414,0.001,0.117,0.82,0.657
KGZ,2005,-0.414,0.001,0.117,0.82,0.657
KGZ,2006,-0.414,0.001,0.343,0.82,0.657
KGZ,2007,-0.495,-0.54,0.343,0.82,0.657
KGZ,2008,-0.495,-0.54,-0.169,0.82,0.657
KGZ,2009,-0.593,-0.664,-0.169,0.82,0.657
KGZ,2010,-0.516,-0.531,-0.987,0.873,0.73
KGZ,2011,-0.516,-0.531,-0.838,0.873,0.73
KGZ,2012,-0.516,-0.531,-0.668,0.873,0.73
KGZ,2013,-0.516,-0.531,-0.668,0.873,0.73
KGZ,2014,-0.516,-0.531,-0.668,0.873,0.73
KGZ,2015,-0.516,-0.531,-0.668,0.873,0.73
KGZ,2016,-0.516,-0.389,-0.668,0.873,0.73
KGZ,2017,-0.62,-0.389,-0.668,0.873,0.73
KGZ,2018,-0.62,-0.389,-0.668,0.873,0.73
KGZ,2019,-0.62,-0.389,0.194,0.83,0.764
KGZ,2020,-0.581,-0.199,-0.044,0.421,0.505
KGZ,2021,-0.28,0.156,-0.459,0.255,0.592
KGZ,2022,-0.386,0.029,-0.459,0.255,0.592
KGZ,2023,-0.862,0.029,-0.448,0.111,0.329
KGZ,2024,-1.086,0.432,-0.808,-0.096,0.475
KGZ,2025,-1.283,0.558,-1.333,-0.261,0.268
LAO,2000,0.008,1.823,1.55,1.18,0.631
LAO,2001,0.008,1.823,1.55,1.18,0.631
LAO,2002,0.008,1.823,1.55,1.18,0.631
LAO,2003,0.008,1.823,1.55,1.18,0.631
LAO,2004,0.008,1.823,1.55,1.18,0.631
LAO,2005,0.008,1.823,1.55,1.18,0.631
LAO,2006,0.008,1.823,1.55,1.18,0.631
LAO,2007,0.008,1.823,1.55,1.18,0.631
LAO,2008,0.008,1.823,1.55,1.18,0.631
LAO,2009,0.008,1.823,1.55,1.18,0.631
LAO,2010,0.008,1.823,1.55,1.18,0.631
LAO,2011,0.008,1.823,1.55,1.18,0.631
LAO,2012,0.008,1.823,1.55,1.18,0.631
LAO,2013,0.008,1.823,1.55,1.18,0.631
LAO,2014,0.008,1.823,1.55,1.18,0.631
LAO,2015,0.008,1.488,1.55,1.085,0.631
LAO,2016,0.008,1.488,1.55,1.085,0.631
LAO,2017,0.008,1.488,1.55,1.085,0.631
LAO,2018,0.008,1.488,1.55,1.085,0.631
LAO,2019,-0.244,1.488,1.423,1.085,0.631
LAO,2020,0.066,1.38,1.423,1.154,0.656
LAO,2021,-0.218,1.279,1.034,0.536,0.589
LAO,2022,0.12,1.279,1.438,1.034,0.589
LAO,2023,0.312,1.376,1.438,1.132,0.909
LAO,2024,0.312,1.508,1.438,1.132,1.055
LAO,2025,0.239,1.389,1.773,1.172,0.845
LBY,2000,-1.656,-1.493,-0.678,-1.39,-1.694
LBY,2001,-1.656,-1.493,-0.678,-1.39,-1.694
LBY,2002,-1.656,-1.493,-0.678,-1.39,-1.694
LBY,2003,-1.656,-1.493,-0.678,-1.39,-1.694
LBY,2004,-1.656,-1.493,-0.678,-1.39,-1.694
LBY,2005,-1.656,-1.493,-0.678,-1.39,-1.694
LBY,2006,-1.656,-1.493,-0.678,-1.39,-1.694
LBY,2007,-1.741,-1.493,-0.678,-1.792,-1.694
LBY,2008,-1.741,-1.493,-0.678,-1.792,-1.694
LBY,2009,-2.208,-1.493,-0.678,-1.792,-1.694
LBY,2010,-2.208,-1.493,-0.584,-1.792,-1.694
LBY,2011,-0.719,-0.753,-1.595,-0.883,-1.325
LBY,2012,-0.149,-0.288,-1.687,-0.36,-0.84
LBY,2013,-0.149,-0.288,-2.121,-0.36,-0.84
LBY,2014,-0.149,-0.4,-2.121,-0.36,-0.84
LBY,2015,-0.464,-0.4,-2.121,-0.558,-0.84
LBY,2016,-0.464,-0.4,-2.121,-0.558,-0.45
LBY,2017,-0.464,-0.4,-2.121,-0.558,-0.45
LBY,2018,-0.464,-0.4,-2.121,-0.558,-0.45
LBY,2019,-0.635,-0.867,-2.488,-0.783,-0.62
LBY,2020,-0.635,-0.686,-2.488,-0.783,-0.62
LBY,2021,-0.549,-0.859,-1.719,-0.922,-0.865
LBY,2022,-0.639,-1.036,-1.719,-0.613,-0.865
LBY,2023,-0.639,-1.446,-1.353,-0.613,-0.865
LBY,2024,-0.639,-1.065,-0.385,-0.613,-0.865
LBY,2025,-0.556,-1.065,-0.861,-0.153,-0.865
MDG,2000,-0.711,-0.893,1.617,0.594,-0.306
MDG,2001,-0.711,-0.893,1.617,0.594,-0.306
MDG,2002,-0.09,-0.893,1.332,1.234,-0.306
MDG,2003,-0.09,-0.893,1.332,1.234,-0.306
MDG,2004,-0.09,-0.893,1.332,1.234,-0.306
MDG,2005,-0.09,-0.893,1.332,1.234,-0.306
MDG,2006,-0.09,-0.893,1.332,1.234,-0.306
MDG,2007,-0.09,-0.893,1.332,1.234,-0.306
MDG,2008,-0.09,-0.893,1.332,1.234,-0.306
MDG,2009,-0.986,-1.118,0.923,0.658,-0.306
MDG,2010,-1.638,-1.118,0.923,0.817,-0.542
MDG,2011,-1.638,-1.118,0.923,0.817,-0.542
MDG,2012,-1.638,-1.118,0.923,0.817,-0.542
MDG,2013,-1.821,-1.254,0.97,0.817,-0.592
MDG,2014,-0.182,-1.254,0.84,1.118,-0.592
MDG,2015,-0.182,-1.254,0.84,1.118,-0.592
MDG,2016,-0.182,-1.254,0.84,1.118,-0.592
MDG,2017,-0.182,-1.254,0.84,1.118,-0.592
MDG,2018,-1.191,-1.367,0.564,0.684,-0.757
MDG,2019,-0.486,-1.367,0.59,0.627,-0.757
MDG,2020,-0.486,-1.218,0.59,0.627,-0.707
MDG,2021,-0.486,-1.218,0.59,0.627,-0.707
MDG,2022,-0.486,-1.218,0.59,0.627,-0.707
MDG,2023,-0.638,-1.218,0.59,0.459,-0.707
MDG,2024,-0.638,-1.218,0.59,0.459,-0.707
MDG,2025,-0.638,-1.218,0.59,0.459,-0.707
MDA,2000,1.416,1.725,-0.88,2.178,1.885
MDA,2001,1.416,1.725,-0.88,2.178,1.885
MDA,2002,1.416,1.725,-0.88,2.178,1.885
MDA,2003,1.416,1.725,-0.88,2.178,1.885
MDA,2004,1.416,1.725,-0.88,2.178,1.885
MDA,2005,1.416,1.354,-0.88,1.644,1.885
MDA,2006,1.416,1.67,-0.88,1.644,1.885
MDA,2007,1.416,1.474,-0.88,1.644,1.55
MDA,2008,1.416,1.766,-1.177,1.644,1.55
MDA,2009,1.416,0.753,-1.358,1.644,1.335
MDA,2010,1.355,0.983,-1.358,1.644,1.547
MDA,2011,1.355,0.983,-1.358,1.644,1.547
MDA,2012,1.355,0.752,-1.358,1.644,1.547
MDA,2013,1.142,0.752,-1.358,1.463,1.547
MDA,2014,1.142,0.752,-1.358,1.463,1.547
MDA,2015,1.142,0.199,-1.358,1.041,0.766
MDA,2016,1.142,0.199,-1.358,1.041,0.766
MDA,2017,1.142,0.199,-1.358,1.041,0.766
MDA,2018,1.142,0.199,-1.358,1.041,0.766
MDA,2019,0.871,0.954,-1.314,1.507,0.766
MDA,2020,1.09,0.793,-1.314,1.031,0.404
MDA,2021,1.823,1.77,-1.314,2.057,1.718
MDA,2022,1.823,1.051,-2.367,2.057,0.183
MDA,2023,1.823,1.051,-1.44,2.057,0.333
MDA,2024,0.36,0.157,-0.531,1.543,0.333
MDA,2025,0.36,-0.464,-0.531,1.543,-0.853
NAM,2000,1.276,2.386,1.759,2.496,2.111
NAM,2001,1.276,2.386,1.759,2.496,2.111
NAM,2002,1.276,2.386,1.759,2.496,2.111
NAM,2003,1.276,2.386,1.759,2.496,2.111
NAM,2004,1.276,2.386,1.759,2.496,2.111
NAM,2005,1.276,2.386,1.759,2.496,2.111
NAM,2006,1.276,2.386,1.759,2.496,2.111
NAM,2007,1.276,2.386,1.759,2.496,2.111
NAM,2008,1.276,2.386,1.759,2.496,2.111
NAM,2009,1.276,2.386,1.759,2.496,2.111
NAM,2010,1.276,2.386,1.759,1.936,2.111
NAM,2011,1.276,2.386,1.759,1.936,2.111
NAM,2012,1.276,2.386,1.463,1.936,2.111
NAM,2013,1.276,2.386,1.766,1.936,2.111
NAM,2014,1.276,1.306,1.766,1.936,1.697
NAM,2015,1.276,1.893,1.47,1.936,2.151
NAM,2016,1.276,1.322,1.47,1.438,1.688
NAM,2017,0.626,1.322,1.47,1.438,1.688
NAM,2018,0.626,1.322,1.47,1.438,1.688
NAM,2019,0.626,0.943,1.801,1.438,2.089
NAM,2020,0.331,0.498,1.742,1.438,1.355
NAM,2021,0.59,0.498,2.233,1.797,1.146
NAM,2022,0.59,0.946,2.586,1.797,1.381
NAM,2023,0.59,0.946,1.309,1.432,1.381
NAM,2024,0.59,0.723,0.608,1.177,1.054
NAM,2025,0.59,0.723,0.608,1.177,1.054
PSE,2000,0.949,0.552,-1.588,1.535,-0.06
PSE,2001,0.949,0.552,-1.588,1.535,-0.06
PSE,2002,0.949,0.552,-1.588,1.535,-0.06
PSE,2003,0.949,0.552,-1.588,1.535,-0.06
PSE,2004,0.949,0.552,-1.588,1.535,-0.06
PSE,2005,0.949,0.552,-1.588,1.535,-0.06
PSE,2006,0.767,-0.001,-1.588,1.535,-0.133
PSE,2007,0.767,0.455,-1.588,1.329,-0.954
PSE,2008,0.62,0.146,-1.588,1.055,-1.073
PSE,2009,0.62,0.146,-1.588,1.055,-1.073
PSE,2010,0.62,0.146,-1.588,1.213,-0.929
PSE,2011,0.62,0.146,-1.588,1.213,-0.929
PSE,2012,0.62,0.146,-1.588,1.213,-0.929
PSE,2013,0.62,0.146,-1.588,1.213,-0.929
PSE,2014,0.62,0.146,-1.588,1.213,-0.929
PSE,2015,0.62,0.146,-1.588,1.213,-0.929
PSE,2016,0.62,0.146,-1.588,1.213,-0.929
PSE,2017,0.62,0.146,-1.588,1.213,-0.929
PSE,2018,0.62,0.146,-1.588,1.032,-0.929
PSE,2019,0.62,0.033,-2.579,1.226,-0.951
PSE,2020,0.62,-0.023,-1.566,0.081,-0.558
PSE,2021,0.62,-0.023,-1.789,0.081,-0.68
PSE,2022,0.62,-0.023,-1.789,0.081,-0.508
PSE,2023,-0.239,-0.023,-1.59,0.081,-0.657
PSE,2024,-0.239,-0.023,-1.59,0.081,-0.657
PSE,2025,-0.239,0.974,-1.59,0.081,-0.657
RWA,2000,0.127,1.219,-0.171,-0.297,-0.421
RWA,2001,0.127,1.219,-0.171,-0.297,-0.421
RWA,2002,0.127,1.219,-0.171,-0.297,-0.421
RWA,2003,0.127,1.219,-0.171,-0.297,-0.421
RWA,2004,0.127,1.219,-0.171,-0.297,-0.421
RWA,2005,0.127,1.219,-0.171,-0.297,-0.421
RWA,2006,0.127,1.219,-0.171,-0.297,-0.421
RWA,2007,0.127,1.219,-0.171,-0.297,-0.421
RWA,2008,0.127,1.219,-0.171,-0.297,-0.421
RWA,2009,0.127,1.219,-0.171,-0.297,-0.421
RWA,2010,0.196,1.219,-0.092,-0.091,-0.674
RWA,2011,0.196,1.219,-0.092,-0.091,-0.674
RWA,2012,0.196,1.219,-0.092,-0.091,-0.674
RWA,2013,0.196,1.219,-0.092,-0.091,-0.674
RWA,2014,0.196,1.219,-0.092,-0.091,-0.674
RWA,2015,0.196,1.219,-0.092,-0.091,-0.674
RWA,2016,0.196,1.219,-0.092,-0.091,-0.674
RWA,2017,0.196,1.219,-0.092,-0.091,-0.674
RWA,2018,0.196,1.219,-0.092,-0.091,-0.674
RWA,2019,0.453,1.374,0.17,0.252,-0.349
RWA,2020,0.275,1.374,0.17,0.252,-0.349
RWA,2021,0.275,1.374,0.17,0.083,-0.349
RWA,2022,0.162,1.253,0.128,0.083,-0.209
RWA,2023,0.162,1.253,0.128,0.083,-0.831
RWA,2024,0.162,1.253,0.128,0.083,-0.831
RWA,2025,0.162,1.253,0.128,0.083,-0.831
SOM,2000,-1.002,-0.823,-1.308,-0.315,-1.278
SOM,2001,-1.002,-0.823,-1.308,-0.315,-1.278
SOM,2002,-1.002,-0.823,-1.308,-0.315,-1.278
SOM,2003,-1.002,-0.823,-1.308,-0.315,-1.278
SOM,2004,-1.002,-0.823,-1.308,-0.315,-1.278
SOM,2005,-1.002,-1.381,-0.967,-0.315,-1.626
SOM,2006,-1.002,-1.381,-0.967,-0.315,-1.626
SOM,2007,-1.002,-1.381,-0.967,-0.315,-1.626
SOM,2008,-1.002,-1.381,-0.967,-0.315,-1.626
SOM,2009,-1.002,-1.381,-0.967,-0.315,-1.626
SOM,2010,-1.002,-1.381,-0.967,-0.686,-1.626
SOM,2011,-1.002,-1.381,-0.967,-0.686,-1.626
SOM,2012,-1.699,-0.888,-0.783,-0.586,-1.375
SOM,2013,-1.699,-0.888,-0.783,-0.586,-1.375
SOM,2014,-1.699,-0.888,-0.783,-0.586,-1.375
SOM,2015,-1.699,-0.888,-0.783,-0.586,-1.375
SOM,2016,-1.699,-0.888,-0.783,-0.586,-1.375
SOM,2017,-1.666,-0.938,-1.287,-0.56,-1.814
SOM,2018,-1.666,-0.938,-1.287,-0.56,-1.814
SOM,2019,-1.428,-0.938,-1.287,-0.909,-1.514
SOM,2020,-2.292,-1.932,-1.287,-1.505,-2.249
SOM,2021,-1.294,-1.932,-0.725,-1.278,-1.305
SOM,2022,-1.48,-1.236,-0.725,-1.568,-1.305
SOM,2023,-0.557,-1.135,-0.613,-0.14,-0.962
SOM,2024,-0.526,-0.323,-0.868,-0.14,-0.962
SOM,2025,-0.526,-0.323,-0.868,-0.14,-0.962
LKA,2000,-0.733,-0.918,1.427,1.23,-0.858
LKA,2001,-0.733,-0.918,1.427,1.23,-0.858
LKA,2002,-0.733,-0.918,1.427,1.23,-0.858
LKA,2003,-0.733,-0.918,1.427,1.23,-0.858
LKA,2004,-0.733,-0.918,1.427,1.23,-0.858
LKA,2005,-0.733,-0.715,1.427,1.23,-0.858
LKA,2006,-0.733,-0.715,1.427,1.23,-0.858
LKA,2007,-0.733,-0.715,1.427,1.23,-0.858
LKA,2008,-0.733,-0.715,1.235,1.23,-0.858
LKA,2009,-0.733,-0.715,1.235,1.23,-0.858
LKA,2010,-1.162,-1.913,1.235,0.478,-1.553
LKA,2011,-1.162,-1.996,0.542,0.139,-1.646
LKA,2012,-1.162,-1.996,0.542,0.139,-1.646
LKA,2013,-1.214,-1.996,0.542,0.139,-1.646
LKA,2014,-1.214,-1.996,0.542,0.139,-1.646
LKA,2015,-1.085,-1.031,0.542,0.821,-1.078
LKA,2016,-0.368,-0.142,0.542,0.98,-0.277
LKA,2017,-0.368,-0.142,0.542,0.98,-0.277
LKA,2018,-0.368,-0.142,0.542,0.98,-0.277
LKA,2019,-0.368,-0.679,0.631,0.656,-0.409
LKA,2020,-0.629,-1.095,0.631,0.526,-1.413
LKA,2021,-1.5,-0.629,0.654,0.443,-0.943
LKA,2022,-1.143,-0.567,0.5,0.65,-0.754
LKA,2023,-0.546,-0.567,0.861,0.77,-0.365
LKA,2024,-0.064,0.003,0.861,1.313,-0.267
LKA,2025,0.073,-0.142,0.345,1.074,-0.267
SWZ,2000,0.641,0.268,1.253,0.521,-0.328
SWZ,2001,0.641,0.268,1.253,0.521,-0.328
SWZ,2002,0.641,0.268,1.253,0.521,-0.328
SWZ,2003,0.641,0.268,1.253,0.521,-0.328
SWZ,2004,0.641,0.268,1.253,0.521,-0.328
SWZ,2005,0.641,0.268,1.253,0.521,-0.328
SWZ,2006,0.641,0.268,1.253,0.521,-0.498
SWZ,2007,0.641,0.268,1.253,0.521,-0.498
SWZ,2008,0.641,0.268,1.253,0.521,-0.498
SWZ,2009,0.641,0.268,1.253,0.521,-0.498
SWZ,2010,0.641,-0.149,1.253,0.521,-0.498
SWZ,2011,0.641,-0.149,1.253,0.521,-0.498
SWZ,2012,0.641,-0.149,1.253,0.521,-0.657
SWZ,2013,0.641,-0.149,1.253,0.521,-0.657
SWZ,2014,0.641,-0.149,1.253,0.521,-0.657
SWZ,2015,0.641,-0.149,1.253,0.521,-0.657
SWZ,2016,0.641,-0.149,1.253,0.521,-0.657
SWZ,2017,0.641,-0.149,1.253,0.521,-0.657
SWZ,2018,0.641,-0.149,1.253,0.521,-0.657
SWZ,2019,0.049,-0.619,0.83,-0.105,-1.085
SWZ,2020,0.22,-0.619,0.948,0.37,-1.085
SWZ,2021,-0.465,-0.619,0.948,-0.408,-1.085
SWZ,2022,-0.465,-0.619,0.948,-0.408,-1.085
SWZ,2023,-0.465,-0.619,0.948,-0.408,-1.085
SWZ,2024,-0.162,-0.619,0.948,-0.408,-1.085
SWZ,2025,-0.162,-0.888,0.948,-0.408,-1.085
TJK,2000,-1.161,-0.7,-1.154,-0.702,-0.892
TJK,2001,-1.161,-0.7,-1.154,-0.702,-0.892
TJK,2002,-1.161,-0.7,-1.154,-0.702,-0.892
TJK,2003,-1.161,-0.7,-1.154,-0.702,-0.892
TJK,2004,-1.161,-0.7,-1.154,-0.702,-0.892
TJK,2005,-1.194,-0.7,-1.154,-0.702,-0.892
TJK,2006,-1.194,-0.7,-1.326,-0.702,-0.892
TJK,2007,-1.194,-0.7,-1.326,-0.702,-0.892
TJK,2008,-1.194,-0.7,-1.326,-0.702,-0.892
TJK,2009,-1.194,-0.7,-1.326,-0.702,-0.892
TJK,2010,-1.345,-0.777,-1.468,-0.702,-0.892
TJK,2011,-1.526,-0.777,-1.468,-0.702,-0.892
TJK,2012,-1.985,-1.108,-1.468,-0.836,-1.085
TJK,2013,-2.344,-1.375,-1.468,-0.836,-1.085
TJK,2014,-2.344,-1.375,-1.468,-0.836,-1.085
TJK,2015,-2.344,-1.375,-1.894,-0.836,-1.085
TJK,2016,-2.704,-1.842,-1.697,-0.836,-1.161
TJK,2017,-2.704,-1.842,-1.697,-0.836,-1.161
TJK,2018,-2.704,-1.842,-1.697,-0.836,-1.161
TJK,2019,-2.704,-2.146,-1.799,-1.189,-1.161
TJK,2020,-1.988,-2.253,-1.67,-1.086,-1.151
TJK,2021,-1.988,-2.253,-1.843,-1.121,-1.057
TJK,2022,-2.256,-2.253,-1.671,-1.033,-1.104
TJK,2023,-2.256,-2.253,-1.671,-1.033,-1.104
TJK,2024,-1.676,-2.253,-1.808,-1.178,-1.264
TJK,2025,-1.676,-2.253,-2.539,-1.331,-1.481
TGO,2000,-1.053,0.3,0.299,-0.423,-1.015
TGO,2001,-1.053,0.3,0.299,-0.423,-1.015
TGO,2002,-1.053,0.3,0.299,-0.423,-1.015
TGO,2003,-1.053,0.3,0.299,-0.423,-1.015
TGO,2004,-1.053,0.3,0.299,-0.423,-1.015
TGO,2005,-1.053,0.3,0.299,-0.423,-1.015
TGO,2006,-1.053,0.3,0.299,-0.423,-1.015
TGO,2007,-1.053,0.3,0.299,-0.423,-1.015
TGO,2008,-1.053,0.3,0.299,-0.423,-1.015
TGO,2009,-1.053,0.3,0.299,-0.423,-1.015
TGO,2010,-1.378,0.177,0.299,-0.56,-1.015
TGO,2011,-1.378,0.177,0.299,-0.685,-1.015
TGO,2012,-1.378,0.177,0.299,-0.685,-1.015
TGO,2013,-1.378,0.177,0.299,-0.685,-1.015
TGO,2014,-1.378,0.177,0.299,-0.685,-1.015
TGO,2015,-1.515,0.177,0.299,-0.685,-1.015
TGO,2016,-1.515,0.177,0.51,-0.685,-1.015
TGO,2017,-1.468,0.177,0.51,-0.685,-1.015
TGO,2018,-1.368,0.442,0.51,-0.564,-1.015
TGO,2019,-1.166,0.582,0.51,-0.408,-1.015
TGO,2020,-0.759,0.756,0.201,-0.099,-1.018
TGO,2021,-0.759,0.614,0.062,-0.099,-1.328
TGO,2022,-0.759,0.614,0.062,-0.099,-1.328
TGO,2023,-0.759,0.614,0.062,-0.099,-1.328
TGO,2024,-1.078,0.588,0.062,-0.099,-1.328
TGO,2025,-1.078,0.588,0.062,-0.099,-1.721
TTO,2000,1.402,1.531,2.759,2.382,1.566
TTO,2001,1.402,1.531,2.759,2.382,1.566
TTO,2002,1.402,1.531,2.759,2.382,1.566
TTO,2003,1.402,1.531,2.759,2.382,1.566
TTO,2004,1.402,1.531,2.759,2.382,1.566
TTO,2005,1.402,1.531,2.759,2.382,1.566
TTO,2006,1.402,1.531,2.759,2.382,1.566
TTO,2007,1.402,1.531,2.759,2.382,1.566
TTO,2008,1.402,1.531,2.759,2.382,1.566
TTO,2009,1.402,1.531,2.759,2.382,1.566
TTO,2010,0.834,0.758,2.37,1.072,0.611
TTO,2011,0.834,0.758,2.37,1.072,0.611
TTO,2012,0.834,0.758,2.37,1.072,0.611
TTO,2013,0.834,0.758,2.37,1.072,0.611
TTO,2014,0.834,0.758,2.37,1.072,0.611
TTO,2015,1.122,0.758,2.37,1.072,0.611
TTO,2016,1.942,1.393,1.938,1.981,1.285
TTO,2017,1.942,1.393,1.938,1.981,1.285
TTO,2018,1.942,1.393,1.938,1.981,1.285
TTO,2019,1.792,1.393,1.938,1.36,0.897
TTO,2020,1.624,1.262,2.513,1.36,1.29
TTO,2021,1.258,0.88,2.513,1.346,0.827
TTO,2022,1.258,0.789,2.513,1.346,1.19
TTO,2023,1.258,0.789,2.513,1.346,1.19
TTO,2024,0.989,0.789,1.834,1.167,0.611
TTO,2025,0.989,0.789,1.446,1.167,0.611
TKM,2000,-1.554,-1.156,1.956,-1.299,-0.969
TKM,2001,-1.554,-1.156,1.956,-1.299,-0.969
TKM,2002,-1.554,-1.156,1.956,-1.299,-0.969
TKM,2003,-1.554,-1.156,1.956,-1.299,-0.969
TKM,2004,-1.554,-1.156,1.956,-1.299,-0.969
TKM,2005,-1.554,-1.156,1.956,-1.299,-0.969
TKM,2006,-1.554,-1.156,1.956,-1.299,-0.969
TKM,2007,-1.945,-1.766,1.812,-1.277,-1.47
TKM,2008,-1.945,-1.766,1.812,-1.277,-1.47
TKM,2009,-2.236,-1.766,1.812,-1.277,-1.47
TKM,2010,-2.236,-1.766,1.812,-1.277,-1.47
TKM,2011,-2.236,-1.766,1.672,-1.277,-1.47
TKM,2012,-2.236,-1.766,1.672,-1.59,-1.353
TKM,2013,-2.236,-2.205,1.672,-1.59,-1.353
TKM,2014,-2.236,-2.205,1.476,-1.59,-1.353
TKM,2015,-2.294,-2.205,1.476,-1.655,-1.353
TKM,2016,-2.294,-2.205,1.304,-1.655,-1.353
TKM,2017,-2.792,-2.205,1.304,-2.122,-1.353
TKM,2018,-2.792,-2.205,1.304,-2.122,-1.353
TKM,2019,-2.425,-1.742,0.998,-2.122,-1.755
TKM,2020,-2.555,-1.742,0.998,-2.122,-2.125
TKM,2021,-3.305,-3.24,0.455,-2.96,-2.867
TKM,2022,-3.305,-3.24,0.856,-2.96,-2.867
TKM,2023,-2.521,-2.405,0.637,-2.04,-3.143
TKM,2024,-2.521,-2.044,0.912,-2.04,-2.862
TKM,2025,-2.521,-2.044,0.912,-2.04,-2.862
PSG,2007,-1.77,-0.721,-1.248,-2.239,-1.623
PSG,2008,-1.77,-0.721,-1.248,-2.239,-1.623
PSG,2009,-1.77,-0.721,-1.248,-2.239,-1.623
PSG,2010,-1.77,-0.721,-1.248,-1.973,-1.225
PSG,2011,-1.516,-0.721,-1.248,-1.973,-1.225
PSG,2012,-1.516,-0.721,-1.248,-1.973,-1.225
PSG,2013,-1.516,-0.721,-1.248,-1.973,-1.225
PSG,2014,-1.516,-0.721,-1.248,-1.973,-1.225
PSG,2015,-1.516,-0.721,-1.248,-1.973,-1.225
PSG,2016,-1.516,-0.721,-1.248,-1.973,-1.225
PSG,2017,-1.516,-0.721,-1.248,-1.973,-1.225
PSG,2018,-1.516,-0.721,-1.248,-1.973,-1.225
PSG,2019,-1.708,-1.165,-1.75,-1.796,-1.225
PSG,2020,-0.563,-1.165,-2.128,-0.843,-1.225
PSG,2021,-0.563,-1.165,-2.128,-0.759,-1.225
PSG,2022,-1.102,-1.008,-2.128,-1.583,-1.823
PSG,2023,-1.162,-1.008,-2.128,-1.583,-1.823
PSG,2024,-1.607,-1.372,-2.496,-2.069,-2.63
PSG,2025,-1.607,0.045,-2.496,-2.069,-0.281
SML,2000,-0.526,0.417,0.423,0.124,-0.27
SML,2001,-0.526,0.417,0.423,0.124,-0.27
SML,2002,-0.526,0.417,0.423,0.124,-0.27
SML,2003,-0.526,0.417,0.423,0.124,-0.27
SML,2004,-0.526,0.417,0.423,0.124,-0.27
SML,2005,-0.526,0.417,0.423,0.124,-0.27
SML,2006,-0.526,0.417,0.423,0.124,-0.27
SML,2007,-0.526,0.417,0.423,0.124,-0.27
SML,2008,-0.526,0.417,0.423,0.124,-0.27
SML,2009,-0.526,0.417,0.423,0.124,-0.27
SML,2010,-0.607,0.251,0.423,0.053,-0.458
SML,2011,-0.607,0.251,0.423,0.053,-0.458
SML,2012,-0.607,0.251,0.423,0.053,-0.458
SML,2013,-0.607,0.251,0.423,0.053,-0.458
SML,2014,-0.607,0.251,0.423,0.053,-0.458
SML,2015,-0.607,0.251,0.423,0.053,-0.458
SML,2016,-0.607,0.251,0.423,0.053,-0.458
SML,2017,-0.607,0.251,0.423,0.053,-0.458
SML,2018,-0.607,0.251,0.423,0.053,-0.458
SML,2019,-0.607,-0.129,0.423,0.053,-0.189
SML,2020,-0.607,-0.129,0.423,0.053,-0.189
SML,2021,-0.607,-0.129,0.423,0.053,-0.189
SML,2022,-0.607,-0.129,0.423,0.053,-0.189
SML,2023,-0.949,0.192,0.228,0.053,-0.189
SML,2024,-0.949,0.431,0.228,0.053,-0.189
SML,2025,-0.613,0.431,0.228,0.053,-0.189
UZB,2000,-1.623,-0.709,-0.988,-1.915,-1.172
UZB,2001,-1.623,-0.709,-0.988,-1.915,-1.172
UZB,2002,-1.623,-0.709,-0.988,-1.915,-1.172
UZB,2003,-1.623,-0.709,-0.988,-1.915,-1.172
UZB,2004,-1.623,-0.709,-0.988,-1.915,-1.172
UZB,2005,-1.623,-0.709,-0.988,-1.915,-1.172
UZB,2006,-1.623,-0.709,-0.988,-1.915,-1.172
UZB,2007,-1.623,-0.709,-0.988,-1.915,-1.172
UZB,2008,-1.623,-0.709,-0.988,-1.915,-1.172
UZB,2009,-1.623,-0.709,-0.988,-1.915,-1.172
UZB,2010,-1.623,-0.709,-0.988,-1.915,-1.172
UZB,2011,-1.623,-0.761,-1.021,-1.915,-1.246
UZB,2012,-1.623,-0.761,-1.021,-1.915,-1.246
UZB,2013,-1.623,-0.761,-1.021,-1.915,-1.246
UZB,2014,-1.623,-0.761,-1.021,-1.915,-1.246
UZB,2015,-1.623,-0.761,-1.021,-1.915,-1.246
UZB,2016,-1.623,-0.836,-1.021,-1.915,-1.328
UZB,2017,-1.244,-0.778,-0.992,-1.505,-1.259
UZB,2018,-1.127,-0.778,-0.992,-1.444,-1.259
UZB,2019,-1.48,-1.366,-0.902,-1.444,-1.742
UZB,2020,-1.48,-1.273,-0.813,-1.308,-1.595
UZB,2021,-1.893,-1.145,-0.982,-1.517,-1.7
UZB,2022,-1.706,-1.145,-0.558,-1.61,-1.515
UZB,2023,-1.706,-1.145,-0.558,-1.382,-1.515
UZB,2024,-1.706,-1.145,-0.87,-1.493,-1.515
UZB,2025,-1.4,-1.145,-0.742,-1.076,-1.515
AUT,2000,1.648,0.768,0.242,1.68,0.004
AUT,2001,1.648,0.768,0.242,1.68,0.004
AUT,2002,1.648,0.768,0.242,1.68,0.004
AUT,2003,1.648,0.768,0.242,1.68,0.004
AUT,2004,1.648,0.768,0.242,1.68,0.004
AUT,2005,1.648,0.768,0.242,1.68,0.004
AUT,2006,1.648,0.768,0.242,1.68,0.004
AUT,2007,1.648,0.768,0.242,1.68,0.004
AUT,2008,1.648,0.768,0.242,1.68,0.004
AUT,2009,1.648,0.768,0.242,1.68,0.004
AUT,2010,1.648,0.768,0.242,1.68,0.004
AUT,2011,1.85,0.768,0.242,1.68,0.004
AUT,2012,1.85,0.768,0.242,1.68,0.004
AUT,2013,1.85,0.645,0.242,1.68,0.004
AUT,2014,1.85,0.266,-0.038,0.892,0.004
AUT,2015,1.427,0.266,-0.038,0.892,-0.303
AUT,2016,1.427,0.266,-0.104,0.892,-0.303
AUT,2017,1.427,0.266,-0.104,0.892,-0.303
AUT,2018,1.427,0.266,-0.104,0.892,-0.303
AUT,2019,1.427,0.371,-0.104,0.892,-0.303
AUT,2020,1.427,0.316,-0.104,2.038,-0.198
AUT,2021,1.427,0.316,-0.104,2.038,-0.278
AUT,2022,1.427,-0.027,-0.573,1.41,-0.801
AUT,2023,1.427,-0.027,-0.573,1.93,-0.801
AUT,2024,1.178,0.264,-0.722,1.93,-0.679
AUT,2025,1.077,0.059,-0.722,1.739,-1.084
BHR,2000,-1.298,-0.532,-0.697,-1.45,-0.995
BHR,2001,-1.298,-0.532,-0.697,-1.45,-0.995
BHR,2002,-1.298,-0.532,-0.697,-1.45,-0.995
BHR,2003,-1.298,-0.532,-0.697,-1.45,-0.995
BHR,2004,-1.298,-0.532,-0.697,-1.45,-0.995
BHR,2005,-1.298,-0.532,-0.697,-1.45,-0.995
BHR,2006,-1.43,-0.763,-0.697,-1.45,-0.995
BHR,2007,-1.43,-0.763,-0.697,-1.52,-0.995
BHR,2008,-1.43,-0.763,-0.697,-1.52,-0.995
BHR,2009,-1.484,-0.843,-0.827,-1.52,-0.995
BHR,2010,-1.743,-1.115,-1.316,-1.797,-1.143
BHR,2011,-1.92,-1.214,-2.83,-2.287,-1.18
BHR,2012,-1.92,-1.214,-2.83,-2.464,-1.18
BHR,2013,-1.92,-1.214,-2.83,-2.464,-1.18
BHR,2014,-1.92,-1.214,-2.83,-2.464,-1.18
BHR,2015,-1.872,-1.214,-2.83,-2.464,-1.18
BHR,2016,-1.872,-1.214,-2.83,-2.464,-1.18
BHR,2017,-1.872,-1.214,-2.83,-2.464,-1.18
BHR,2018,-1.872,-1.214,-2.83,-2.464,-1.18
BHR,2019,-1.872,-1.534,-2.94,-2.288,-1.304
BHR,2020,-1.516,-1.197,-2.536,-1.777,-1.154
BHR,2021,-1.323,-1.197,-2.536,-1.777,-1.154
BHR,2022,-1.323,-1.036,-2.144,-1.621,-1.154
BHR,2023,-0.867,-0.478,-1.839,-1.447,-1.121
BHR,2024,-0.596,0.051,-1.839,-1.044,-0.721
BHR,2025,-0.596,0.051,-1.839,-1.044,-0.721
BRB,2000,1.423,1.667,1.012,1.557,2.585
BRB,2001,1.423,1.667,1.012,1.557,2.585
BRB,2002,1.423,1.667,1.012,1.557,2.585
BRB,2003,1.423,1.667,1.012,1.557,2.585
BRB,2004,1.423,1.667,1.012,1.557,2.585
BRB,2005,1.423,1.667,1.012,1.557,2.585
BRB,2006,1.423,1.667,1.012,1.557,2.585
BRB,2007,1.423,1.568,1.012,1.557,2.585
BRB,2008,1.423,1.568,1.012,1.557,2.585
BRB,2009,1.423,1.568,1.012,1.557,2.585
BRB,2010,1.423,1.568,1.012,1.557,2.585
BRB,2011,1.423,1.568,1.012,1.557,2.585
BRB,2012,1.423,1.568,1.012,1.557,2.585
BRB,2013,1.423,1.568,1.012,1.557,2.585
BRB,2014,1.423,1.568,1.012,1.557,2.585
BRB,2015,1.423,1.568,1.012,1.557,2.585
BRB,2016,1.319,1.568,1.012,1.557,2.585
BRB,2017,1.319,1.054,1.012,1.557,1.468
BRB,2018,1.435,0.978,1.012,1.557,1.468
BRB,2019,2.035,1.417,1.012,1.557,2.589
BRB,2020,1.252,1.586,1.012,1.557,2.376
BRB,2021,1.252,1.586,0.7,1.557,1.99
BRB,2022,1.252,1.586,0.7,1.557,1.99
BRB,2023,1.252,1.586,0.7,1.557,1.99
BRB,2024,1.252,1.586,0.7,1.557,1.99
BRB,2025,1.252,1.586,0.7,1.557,1.99
BEL,2000,2.957,2.636,3.206,2.649,2.228
BEL,2001,2.957,2.636,3.206,2.649,2.228
BEL,2002,2.957,2.636,3.206,2.649,2.228
BEL,2003,2.957,2.636,3.206,2.649,2.228
BEL,2004,2.957,2.636,3.206,2.649,2.228
BEL,2005,2.957,2.636,3.206,2.649,2.228
BEL,2006,2.957,2.636,3.206,2.649,2.228
BEL,2007,2.957,2.636,3.206,2.649,2.228
BEL,2008,2.957,2.636,3.206,2.649,2.228
BEL,2009,2.957,2.636,3.206,2.649,2.228
BEL,2010,2.957,2.267,3.206,2.649,2.228
BEL,2011,2.957,2.267,3.206,2.649,2.228
BEL,2012,2.957,2.267,3.206,2.649,2.228
BEL,2013,2.957,2.009,3.206,2.649,2.228
BEL,2014,2.044,2.009,3.206,2.649,2.228
BEL,2015,2.044,1.291,2.354,2.649,2.228
BEL,2016,2.044,1.291,2.354,2.649,2.228
BEL,2017,2.044,1.291,2.354,2.075,2.228
BEL,2018,2.044,0.814,2.354,2.075,2.228
BEL,2019,1.53,0.981,2.382,2.659,2.228
BEL,2020,2.485,1.215,2.162,2.659,1.586
BEL,2021,1.927,0.775,1.237,2.659,1.586
BEL,2022,2.316,0.775,1.237,2.659,1.586
BEL,2023,2.316,0.775,1.237,2.659,1.065
BEL,2024,2.316,0.775,0.828,2.659,1.065
BEL,2025,2.316,1.553,0.652,2.659,2.454
BIH,2000,1.427,1.546,-0.2,1.487,0.9
BIH,2001,1.427,1.546,-0.2,1.487,0.9
BIH,2002,1.427,1.546,-0.2,1.487,0.9
BIH,2003,1.427,1.546,-0.2,1.487,0.9
BIH,2004,1.427,1.546,-0.2,1.487,0.9
BIH,2005,1.427,1.546,-0.2,1.487,0.9
BIH,2006,1.427,1.546,-0.2,1.487,0.9
BIH,2007,1.079,1.546,-0.2,1.395,0.9
BIH,2008,0.79,1.546,-0.279,1.395,0.838
BIH,2009,0.79,1.188,-0.279,1.395,0.515
BIH,2010,0.599,0.415,-0.805,1.395,0.315
BIH,2011,0.599,0.415,-0.805,1.395,0.315
BIH,2012,0.599,0.166,-0.805,1.395,0.315
BIH,2013,0.53,0.166,-0.805,1.395,0.315
BIH,2014,0.134,-0.632,-0.805,1.395,0.315
BIH,2015,0.134,-0.632,-0.805,1.395,0.315
BIH,2016,0.134,-0.632,-0.987,1.395,0.315
BIH,2017,0.134,-0.632,-0.987,1.395,0.135
BIH,2018,0.134,-0.632,-0.987,1.395,0.135
BIH,2019,0.134,-0.632,-1.253,1.395,0.135
BIH,2020,0.06,-0.632,-1.253,0.77,-0.081
BIH,2021,0.06,-1.057,-1.253,0.77,-0.267
BIH,2022,0.06,-1.057,-1.601,0.77,-0.497
BIH,2023,0.06,-1.057,-1.257,0.704,-0.497
BIH,2024,0.06,-1.057,-1.616,0.704,-0.497
BIH,2025,0.06,-1.057,-1.616,0.187,-0.497
BGR,2000,2.273,1.94,1.038,2.541,0.281
BGR,2001,2.273,1.94,1.038,2.541,0.281
BGR,2002,2.273,1.94,1.038,2.541,0.281
BGR,2003,2.273,1.94,1.038,2.541,0.281
BGR,2004,2.273,1.94,0.779,2.541,0.281
BGR,2005,2.12,1.698,0.779,2.357,0.221
BGR,2006,2.12,1.698,0.779,2.357,0.221
BGR,2007,1.635,1.009,0.779,1.424,0.221
BGR,2008,1.635,1.009,0.779,1.424,0.221
BGR,2009,1.325,1.009,0.779,1.618,0.221
BGR,2010,1.493,0.613,0.477,1.794,-0.415
BGR,2011,1.493,0.613,0.477,1.794,-0.415
BGR,2012,1.493,0.613,0.352,1.794,-0.415
BGR,2013,0.469,0.073,0.352,1.165,-0.72
BGR,2014,0.536,0.073,0.352,1.531,-0.72
BGR,2015,1.235,0.623,-0.32,1.781,-0.426
BGR,2016,1.176,0.367,-0.443,1.781,-0.426
BGR,2017,1.086,-0.524,-0.443,1.636,-1.07
BGR,2018,1.086,-0.524,-0.443,1.636,-1.07
BGR,2019,1.086,-0.524,-0.443,1.636,-1.1
BGR,2020,0.898,-0.948,-0.443,1.636,-1.019
BGR,2021,0.425,0.125,0.644,0.81,-1.019
BGR,2022,0.924,-0.177,-0.16,0.71,-0.424
BGR,2023,0.924,-0.177,-0.16,0.799,-0.424
BGR,2024,0.924,-0.177,-0.16,0.799,-0.512
BGR,2025,0.924,-0.526,-1.253,0.799,-0.512
COM,2000,0.179,-0.088,0.16,-0.303,-0.579
COM,2001,0.179,-0.088,0.16,-0.303,-0.579
COM,2002,0.179,-0.088,0.16,-0.303,-0.579
COM,2003,0.179,-0.088,0.16,-0.303,-0.579
COM,2004,0.179,-0.088,0.16,-0.303,-0.579
COM,2005,0.179,-0.088,0.16,-0.303,-0.579
COM,2006,-0.138,0.068,0.16,-0.463,-0.851
COM,2007,-0.138,0.068,0.16,-0.463,-0.851
COM,2008,-0.138,0.068,0.16,-0.463,-0.851
COM,2009,-0.138,0.068,0.16,-0.463,-0.851
COM,2010,-0.138,0.068,0.16,-0.463,-0.851
COM,2011,-0.138,-0.067,0.16,-0.463,-1.178
COM,2012,-0.138,-0.067,0.16,-0.463,-1.178
COM,2013,-0.138,-0.067,0.16,-0.463,-1.178
COM,2014,-0.138,-0.067,0.16,-0.463,-1.178
COM,2015,-0.138,-0.067,0.16,-0.463,-1.178
COM,2016,-0.303,-0.067,0.16,-0.463,-1.261
COM,2017,-0.303,-0.067,0.16,-0.579,-1.261
COM,2018,-0.303,-0.067,0.16,-0.579,-1.261
COM,2019,-0.404,-0.007,0.278,-0.375,-1.221
COM,2020,-0.456,-0.007,0.278,-0.455,-1.221
COM,2021,-0.456,-0.007,0.278,-0.455,-1.221
COM,2022,-0.255,-0.007,0.278,-0.033,-1.221
COM,2023,-0.039,-0.007,0.278,-0.233,-0.986
COM,2024,-0.039,-0.007,0.278,-0.233,-0.986
COM,2025,-0.039,-0.414,0.278,-0.269,-0.986
HRV,2000,0.963,2.207,1.807,2.076,1.875
HRV,2001,0.963,2.207,1.807,2.076,1.875
HRV,2002,0.963,2.207,1.807,2.076,1.875
HRV,2003,0.963,2.207,1.807,2.076,1.875
HRV,2004,0.967,2.207,1.807,2.076,1.875
HRV,2005,0.967,2.207,1.807,2.076,1.875
HRV,2006,0.967,2.207,1.807,2.076,1.875
HRV,2007,0.967,1.888,1.807,2.076,1.875
HRV,2008,0.967,1.888,1.582,1.859,1.511
HRV,2009,0.967,1.673,1.582,1.859,1.511
HRV,2010,1.413,1.305,1.104,1.859,1.511
HRV,2011,1.413,1.305,1.104,1.859,1.511
HRV,2012,1.341,1.025,0.869,1.533,1.261
HRV,2013,1.341,0.813,0.869,1.533,1.261
HRV,2014,0.967,0.813,0.869,1.463,1.172
HRV,2015,0.864,0.686,0.869,1.463,1.172
HRV,2016,0.695,0.686,0.764,1.408,1.172
HRV,2017,1.181,0.812,0.764,1.408,1.172
HRV,2018,0.849,0.812,0.764,1.23,0.751
HRV,2019,0.849,1.04,0.764,0.864,1.307
HRV,2020,1.012,0.706,0.82,1.481,1.307
HRV,2021,1.281,0.461,0.572,1.217,1.299
HRV,2022,1.104,0.461,0.572,1.217,0.751
HRV,2023,0.714,0.536,0.572,1.217,1.362
HRV,2024,0.159,0.422,0.572,1.031,1.362
HRV,2025,-0.166,0.422,0.572,0.934,1.084
CUB,2000,-2.726,-2.243,0.66,-1.809,-2.242
CUB,2001,-2.726,-2.243,0.66,-1.809,-2.242
CUB,2002,-2.726,-2.243,0.66,-1.809,-2.242
CUB,2003,-2.726,-2.243,0.66,-1.809,-2.242
CUB,2004,-2.726,-2.243,0.66,-1.809,-2.242
CUB,2005,-2.726,-2.243,0.66,-1.809,-2.242
CUB,2006,-2.726,-2.243,0.66,-1.809,-2.242
CUB,2007,-2.726,-2.243,0.66,-1.809,-2.242
CUB,2008,-2.726,-2.243,0.66,-1.809,-2.242
CUB,2009,-2.726,-2.243,0.66,-1.809,-2.242
CUB,2010,-2.726,-2.243,0.66,-1.809,-2.242
CUB,2011,-2.726,-2.243,0.66,-1.809,-2.242
CUB,2012,-2.726,-2.243,0.66,-1.809,-2.242
CUB,2013,-2.726,-2.243,0.66,-1.809,-2.242
CUB,2014,-2.726,-2.243,0.66,-1.809,-2.242
CUB,2015,-2.726,-2.243,0.66,-1.809,-2.242
CUB,2016,-2.726,-2.243,0.66,-1.809,-2.242
CUB,2017,-2.726,-2.243,0.66,-1.958,-2.242
CUB,2018,-2.726,-2.243,0.66,-1.958,-2.242
CUB,2019,-2.204,-1.868,0.576,-1.632,-1.977
CUB,2020,-2.96,-2.919,0.576,-1.632,-1.977
CUB,2021,-2.96,-2.919,0.576,-2.326,-1.977
CUB,2022,-2.122,-2.919,0.576,-2.326,-1.977
CUB,2023,-2.122,-2.534,0.576,-2.326,-1.983
CUB,2024,-2.122,-2.534,0.576,-2.326,-2.22
CUB,2025,-2.122,-2.534,0.576,-2.326,-2.22
CYP,2000,1.738,2.101,1.387,2.249,1.99
CYP,2001,1.738,2.101,1.387,2.249,1.99
CYP,2002,1.738,2.283,1.387,2.249,1.99
CYP,2003,1.537,2.092,1.387,2.249,1.99
CYP,2004,1.537,2.092,1.387,2.249,1.99
CYP,2005,1.537,2.292,1.387,2.342,1.99
CYP,2006,1.752,2.292,1.387,2.342,1.99
CYP,2007,1.752,1.914,0.997,2.244,1.8
CYP,2008,1.912,1.761,0.695,2.244,1.8
CYP,2009,1.912,1.761,0.695,2.346,1.8
CYP,2010,1.573,1.516,0.998,1.809,1.273
CYP,2011,1.149,1.637,0.998,1.809,1.273
CYP,2012,1.149,1.637,0.998,1.809,1.622
CYP,2013,1.338,1.3,0.684,1.809,1.622
CYP,2014,1.249,1.518,0.684,1.76,1.622
CYP,2015,1.249,1.402,0.684,1.76,1.622
CYP,2016,1.249,1.31,0.684,1.76,1.267
CYP,2017,0.495,1.31,0.684,1.175,1.632
CYP,2018,0.678,1.097,0.684,1.175,1.632
CYP,2019,1.451,1.427,0.684,1.718,1.244
CYP,2020,0.942,1.282,0.479,1.718,1.39
CYP,2021,0.942,1.282,0.734,1.718,1.39
CYP,2022,0.942,1.282,0.734,1.718,1.39
CYP,2023,0.942,1.282,0.327,0.847,1.873
CYP,2024,0.942,1.282,0.327,0.885,1.873
CYP,2025,0.776,1.282,0.327,1.479,1.181
CZE,2000,2.544,2.617,-0.081,2.358,2.29
CZE,2001,2.544,2.617,-0.081,2.358,2.29
CZE,2002,2.544,2.617,-0.081,2.358,2.29
CZE,2003,2.433,2.617,-0.081,2.26,2.29
CZE,2004,2.548,2.617,-0.081,2.359,2.29
CZE,2005,2.027,2.617,-0.081,2.359,2.29
CZE,2006,2.027,2.617,-0.081,2.359,2.29
CZE,2007,2.556,2.617,-0.081,2.359,2.29
CZE,2008,2.556,2.617,-0.081,2.359,2.29
CZE,2009,2.556,2.617,-0.081,2.359,2.29
CZE,2010,2.042,2.617,-0.081,2.359,2.29
CZE,2011,2.042,2.195,-0.081,2.359,2.29
CZE,2012,2.042,2.195,-0.081,2.359,2.29
CZE,2013,1.246,1.739,-0.242,2.359,2.29
CZE,2014,1.246,1.82,-0.55,1.91,1.977
CZE,2015,1.246,1.42,-0.58,1.91,1.658
CZE,2016,1.246,1.42,-0.58,1.91,1.658
CZE,2017,0.979,1.079,-0.58,1.91,1.658
CZE,2018,0.503,0.807,-0.58,1.91,1.658
CZE,2019,0.505,1.189,-0.502,1.347,1.085
CZE,2020,0.559,1.01,-0.754,0.989,1.085
CZE,2021,0.647,0.704,-0.66,1.071,0.635
CZE,2022,2.726,0.764,-0.617,2.386,0.503
CZE,2023,3.206,0.629,-0.617,2.386,1.024
CZE,2024,2.79,0.578,-0.665,2.963,1.432
CZE,2025,1.873,0.578,-0.665,2.293,1.085
DNK,2000,2.743,3.141,2.514,2.561,2.807
DNK,2001,2.743,3.141,2.514,2.561,2.807
DNK,2002,2.743,3.141,2.514,2.561,2.807
DNK,2003,2.743,3.141,2.514,2.561,2.807
DNK,2004,2.743,3.141,2.514,2.561,2.807
DNK,2005,2.743,2.527,2.514,2.561,2.807
DNK,2006,2.743,2.527,2.514,2.561,2.807
DNK,2007,2.743,2.527,2.514,2.561,2.807
DNK,2008,2.743,2.527,2.514,2.561,2.807
DNK,2009,2.743,2.527,2.514,2.561,2.807
DNK,2010,2.743,2.527,2.514,2.561,2.807
DNK,2011,2.743,2.527,2.514,2.561,2.807
DNK,2012,2.743,2.527,2.514,2.561,2.807
DNK,2013,2.743,2.527,2.514,2.561,2.807
DNK,2014,2.743,2.527,2.514,2.561,2.807
DNK,2015,2.743,1.868,2.514,2.561,2.807
DNK,2016,2.743,1.868,2.033,1.929,2.807
DNK,2017,2.743,1.868,1.423,1.929,2.807
DNK,2018,2.743,1.868,1.423,1.929,2.807
DNK,2019,2.743,2.465,1.423,2.557,2.807
DNK,2020,2.743,3.087,1.994,2.557,2.807
DNK,2021,2.743,3.087,1.994,2.557,2.807
DNK,2022,2.743,3.087,0.369,2.557,2.807
DNK,2023,2.743,3.087,0.889,2.557,2.807
DNK,2024,2.743,2.509,-0.158,2.557,2.807
DNK,2025,2.743,3.253,-0.158,2.557,2.807
GNQ,2000,-0.657,-0.249,0.94,-0.912,-1.997
GNQ,2001,-0.657,-0.249,0.94,-0.912,-1.997
GNQ,2002,-0.657,-0.249,0.94,-0.912,-1.997
GNQ,2003,-0.657,-0.249,0.94,-0.912,-1.997
GNQ,2004,-0.657,-0.249,0.94,-0.912,-1.997
GNQ,2005,-0.657,-0.249,0.94,-0.912,-1.997
GNQ,2006,-1.013,-0.249,0.94,-0.912,-1.997
GNQ,2007,-1.013,-0.249,0.94,-0.912,-1.997
GNQ,2008,-1.013,-0.249,0.94,-0.912,-1.997
GNQ,2009,-1.013,-0.249,0.94,-0.912,-1.997
GNQ,2010,-1.013,-0.249,0.94,-0.912,-1.997
GNQ,2011,-1.013,-0.436,0.94,-1.002,-2.129
GNQ,2012,-1.013,-0.436,0.94,-1.002,-2.129
GNQ,2013,-1.013,-0.436,0.94,-1.002,-2.129
GNQ,2014,-1.013,-0.436,0.94,-1.002,-2.129
GNQ,2015,-1.013,-0.436,0.94,-1.002,-2.129
GNQ,2016,-1.013,-0.436,0.94,-1.002,-2.129
GNQ,2017,-1.013,-0.436,0.94,-1.002,-2.129
GNQ,2018,-1.013,-0.436,0.94,-1.002,-2.129
GNQ,2019,-1.013,-0.232,0.94,-0.88,-2.129
GNQ,2020,-1.013,-0.232,0.94,-0.88,-2.435
GNQ,2021,-1.013,-0.232,0.94,-0.88,-2.435
GNQ,2022,-1.716,-0.638,0.7,-0.88,-2.213
GNQ,2023,-1.716,-0.745,0.7,-0.88,-2.455
GNQ,2024,-1.716,-0.745,0.7,-0.88,-2.455
GNQ,2025,-1.716,-0.745,0.7,-0.88,-2.455
EST,2000,2.844,3.157,-0.328,2.667,2.936
EST,2001,2.844,3.157,-0.328,2.667,2.936
EST,2002,2.844,3.157,-0.328,2.667,2.936
EST,2003,2.844,3.157,-0.328,2.667,2.936
EST,2004,2.844,3.157,-0.328,2.667,2.936
EST,2005,2.844,3.157,-0.328,2.667,2.936
EST,2006,2.844,3.157,-0.641,2.667,2.936
EST,2007,2.844,3.157,-1.108,2.667,2.936
EST,2008,2.844,3.157,-0.862,2.667,2.936
EST,2009,2.844,3.157,-0.762,2.667,2.936
EST,2010,2.844,3.157,-0.211,2.667,2.936
EST,2011,2.844,3.157,-0.774,2.667,2.936
EST,2012,2.844,3.157,-0.774,2.667,2.936
EST,2013,2.844,3.157,-1.14,2.667,2.936
EST,2014,2.844,2.007,-1.75,2.667,2.936
EST,2015,2.844,2.007,-2.27,2.667,2.936
EST,2016,2.844,2.007,-1.538,2.667,2.936
EST,2017,2.844,1.769,-1.538,2.667,2.936
EST,2018,2.844,2.039,-1.538,2.667,2.936
EST,2019,1.742,1.297,-1.538,2.667,1.58
EST,2020,1.503,1.259,-1.28,2.035,1.309
EST,2021,2.223,1.259,-1.28,2.661,1.309
EST,2022,2.223,1.66,-1.66,2.661,2.103
EST,2023,2.223,1.66,-1.66,2.661,1.729
EST,2024,2.223,2.109,-1.476,2.661,1.996
EST,2025,2.223,2.109,-1.793,2.661,1.996
FJI,2000,1.564,1.62,1.357,1.105,-0.565
FJI,2001,1.564,1.62,1.357,1.105,-0.565
FJI,2002,1.564,1.62,1.357,1.105,-0.565
FJI,2003,1.564,1.299,1.357,1.105,-0.565
FJI,2004,1.564,1.299,1.357,1.105,-0.565
FJI,2005,1.564,1.299,1.357,1.105,-0.565
FJI,2006,0.473,1.299,1.357,0.922,-1.026
FJI,2007,0.473,1.299,1.357,0.922,-1.026
FJI,2008,0.473,1.299,1.357,0.922,-1.026
FJI,2009,0.473,1.299,1.357,0.922,-1.026
FJI,2010,0.473,0.843,1.634,0.922,-1.026
FJI,2011,0.473,0.44,1.634,0.922,-1.164
FJI,2012,0.473,0.503,1.634,0.922,-1.164
FJI,2013,0.027,0.503,1.634,0.922,-1.331
FJI,2014,0.027,0.075,1.634,0.922,-1.331
FJI,2015,0.328,0.075,0.967,0.922,-0.727
FJI,2016,0.106,0.075,0.967,0.922,-0.727
FJI,2017,0.106,0.075,0.967,0.922,-0.727
FJI,2018,0.106,0.075,0.967,0.922,-0.727
FJI,2019,-0.366,0.075,0.967,0.72,-0.285
FJI,2020,0.341,0.735,0.967,0.72,-0.285
FJI,2021,0.871,1.224,0.37,0.72,-0.285
FJI,2022,0.678,1.224,0.37,0.72,-0.285
FJI,2023,-0.133,0.037,0.37,-0.047,-0.746
FJI,2024,0.665,0.037,0.37,-0.047,0.141
FJI,2025,-0.158,0.037,0.37,-0.047,-0.771
FIN,2000,2.773,1.579,1.468,2.672,1.853
FIN,2001,2.773,1.579,1.468,2.672,1.853
FIN,2002,2.773,1.579,1.468,2.672,1.853
FIN,2003,2.773,1.579,1.468,2.672,1.853
FIN,2004,2.773,1.579,1.468,2.672,1.853
FIN,2005,2.773,1.579,1.468,2.672,1.853
FIN,2006,2.773,1.579,1.468,2.672,1.853
FIN,2007,2.773,1.579,1.468,2.672,1.853
FIN,2008,2.773,1.579,1.468,2.672,1.853
FIN,2009,2.773,1.579,1.468,2.672,1.853
FIN,2010,2.773,1.579,1.468,2.672,1.853
FIN,2011,2.773,1.579,1.468,2.672,1.853
FIN,2012,2.773,1.579,1.468,2.672,1.853
FIN,2013,2.773,1.579,1.468,2.672,1.853
FIN,2014,2.773,1.579,1.468,2.672,1.853
FIN,2015,2.773,1.579,1.468,2.672,1.853
FIN,2016,2.773,1.579,1.106,2.672,1.853
FIN,2017,2.773,1.579,1.106,2.672,1.853
FIN,2018,2.773,1.579,1.106,2.672,1.853
FIN,2019,2.773,1.3,1.511,2.672,2.299
FIN,2020,2.773,0.87,1.443,2.672,1.552
FIN,2021,2.773,0.87,1.094,2.672,1.834
FIN,2022,2.2,1.454,0.989,2.672,1.165
FIN,2023,2.03,1.832,0.608,2.025,0.994
FIN,2024,2.03,1.009,0.608,2.025,0.994
FIN,2025,2.03,1.009,0.608,2.025,0.994
GRC,2000,0.807,0.645,0.965,1.357,0.539
GRC,2001,0.807,0.645,0.965,1.357,0.539
GRC,2002,0.807,0.645,0.965,1.357,0.539
GRC,2003,0.807,0.645,0.965,1.357,0.539
GRC,2004,0.807,0.645,0.965,1.357,0.539
GRC,2005,0.807,0.761,0.965,1.357,0.539
GRC,2006,0.807,0.761,0.965,1.357,0.539
GRC,2007,0.807,0.761,0.965,1.357,0.539
GRC,2008,0.675,0.761,0.965,1.357,0.539
GRC,2009,0.675,0.761,0.965,1.357,0.539
GRC,2010,1.209,0.761,0.758,0.935,0.416
GRC,2011,1.209,0.704,0.758,0.935,0.416
GRC,2012,1.209,0.436,0.413,0.935,0.416
GRC,2013,0.978,0.436,0.413,0.935,0.416
GRC,2014,0.978,0.436,0.413,0.935,0.416
GRC,2015,0.798,0.152,0.413,0.935,0.416
GRC,2016,0.798,0.152,0.413,0.935,0.416
GRC,2017,0.798,0.152,0.413,0.935,0.416
GRC,2018,0.798,0.152,0.413,0.935,0.416
GRC,2019,1.032,0.379,0.757,1.044,0.416
GRC,2020,1.103,0.379,0.757,1.443,0.416
GRC,2021,1.103,0.379,0.757,1.443,0.416
GRC,2022,1.103,0.379,0.757,1.443,0.416
GRC,2023,1.103,0.379,0.757,1.443,0.416
GRC,2024,1.103,0.379,0.757,1.443,0.416
GRC,2025,1.103,0.379,0.757,1.443,0.416
GUY,2000,-0.039,-0.8,1.44,0.741,-0.834
GUY,2001,-0.039,-0.8,1.44,0.741,-0.834
GUY,2002,-0.039,-0.8,1.44,0.741,-0.834
GUY,2003,-0.039,-0.8,1.44,0.741,-0.834
GUY,2004,-0.039,-0.8,1.44,0.741,-0.834
GUY,2005,-0.039,-0.8,1.44,0.741,-0.834
GUY,2006,-0.039,-0.8,1.44,0.741,-0.834
GUY,2007,-0.039,-0.8,1.44,0.741,-0.834
GUY,2008,-0.039,-0.8,1.44,0.741,-0.834
GUY,2009,-0.039,-0.8,1.44,0.741,-0.834
GUY,2010,-0.039,-0.8,1.44,0.904,-0.834
GUY,2011,-0.039,-0.8,1.44,0.904,-0.834
GUY,2012,-0.039,-0.8,1.44,0.904,-0.834
GUY,2013,-0.039,-0.8,1.44,0.904,-0.834
GUY,2014,-0.039,-0.8,1.44,0.904,-0.834
GUY,2015,0.27,-0.8,1.44,0.904,-0.834
GUY,2016,0.27,-0.8,1.44,0.904,-0.834
GUY,2017,0.27,-0.8,1.44,0.904,-0.834
GUY,2018,0.27,-0.8,1.44,0.904,-0.834
GUY,2019,-0.275,-0.8,1.44,0.904,-1.12
GUY,2020,-0.469,-0.949,1.657,0.904,-1.74
GUY,2021,-0.905,-1.123,1.352,0.05,-1.589
GUY,2022,-1.514,-1.37,0.4,-1.374,-1.74
GUY,2023,-1.225,-1.547,0.313,-1.551,-2.308
GUY,2024,-1.225,-1.547,0.416,-1.551,-2.025
GUY,2025,-1.225,-1.547,0.416,-1.551,-2.025
HKG,2000,0.15,-0.126,1.35,0.355,-0.277
HKG,2001,0.15,-0.126,1.35,0.355,-0.277
HKG,2002,0.15,-0.126,1.35,0.355,-0.277
HKG,2003,0.15,-0.126,1.35,0.355,-0.277
HKG,2004,0.15,-0.126,1.35,0.355,-0.277
HKG,2005,0.15,-0.126,1.35,0.355,-0.277
HKG,2006,0.15,-0.126,1.35,0.355,-0.277
HKG,2007,0.15,-0.126,1.35,0.355,-0.277
HKG,2008,0.15,-0.126,1.35,0.355,-0.277
HKG,2009,0.15,-0.126,1.35,0.355,-0.277
HKG,2010,-0.772,-0.848,1.35,-0.327,-0.557
HKG,2011,-0.772,-0.848,1.35,-0.327,-0.557
HKG,2012,-1.168,-0.848,1.35,-0.85,-0.557
HKG,2013,-1.168,-0.848,1.35,-0.85,-0.557
HKG,2014,-1.168,-0.848,1.007,-0.85,-0.557
HKG,2015,-1.168,-0.848,1.007,-0.85,-0.557
HKG,2016,-1.493,-0.848,1.007,-1.071,-0.801
HKG,2017,-1.493,-0.848,1.007,-1.071,-0.801
HKG,2018,-1.493,-0.848,1.007,-1.071,-0.801
HKG,2019,-1.724,-0.884,0.795,-1.619,-0.588
HKG,2020,-1.962,-2.018,0.795,-1.856,-0.878
HKG,2021,-2.353,-2.018,1.239,-2.203,-1.658
HKG,2022,-2.353,-2.018,1.239,-1.987,-1.658
HKG,2023,-2.353,-2.018,1.065,-2.233,-1.844
HKG,2024,-2.353,-2.538,1.429,-2.233,-1.971
HKG,2025,-2.353,-2.538,1.429,-2.233,-2.188
ISL,2000,1.647,0.906,2.223,2.564,1.455
ISL,2001,1.647,0.906,2.223,2.564,1.455
ISL,2002,1.647,0.906,2.223,2.564,1.455
ISL,2003,1.647,0.906,2.223,2.564,1.455
ISL,2004,1.647,0.906,2.223,2.564,1.455
ISL,2005,1.647,0.906,2.223,2.564,1.455
ISL,2006,1.459,0.906,2.223,2.564,1.455
ISL,2007,1.459,0.906,2.223,2.564,1.455
ISL,2008,1.459,0.906,2.223,2.564,1.455
ISL,2009,1.459,0.906,2.223,2.564,1.455
ISL,2010,1.459,0.906,2.223,2.564,1.455
ISL,2011,1.459,0.906,2.223,2.564,1.455
ISL,2012,1.459,0.906,2.223,2.564,1.455
ISL,2013,1.459,0.906,2.223,2.564,1.455
ISL,2014,1.459,0.906,2.223,2.564,1.455
ISL,2015,1.459,0.906,2.223,2.564,1.455
ISL,2016,1.459,0.906,2.223,2.564,1.455
ISL,2017,1.459,0.906,2.223,2.564,1.455
ISL,2018,1.459,0.906,2.223,2.564,1.455
ISL,2019,2.091,1.473,1.455,2.564,2.245
ISL,2020,2.091,1.473,1.455,2.564,2.245
ISL,2021,2.091,0.987,2.21,2.564,1.469
ISL,2022,2.091,0.987,2.21,2.564,1.469
ISL,2023,1.129,0.987,2.21,2.564,1.469
ISL,2024,1.129,0.987,1.257,2.564,1.469
ISL,2025,1.129,0.818,1.257,2.564,1.371
ISR,2000,1.031,-0.067,-0.278,0.593,1.099
ISR,2001,1.031,-0.067,-0.278,0.593,1.099
ISR,2002,1.031,-0.067,-0.278,0.593,1.099
ISR,2003,1.031,-0.067,-0.278,0.593,1.099
ISR,2004,1.031,-0.067,-0.278,0.593,1.099
ISR,2005,1.031,-0.067,-0.278,0.593,1.099
ISR,2006,1.031,-0.067,-0.278,0.593,1.099
ISR,2007,1.031,-0.067,-0.278,0.593,1.099
ISR,2008,1.031,-0.067,-0.278,0.593,1.099
ISR,2009,1.031,-0.067,-0.278,0.593,1.099
ISR,2010,0.876,-0.532,-0.43,0.593,1.099
ISR,2011,0.876,-0.532,-0.43,0.593,1.099
ISR,2012,0.876,-0.532,-0.514,0.593,1.099
ISR,2013,0.876,-0.898,-0.514,0.593,0.785
ISR,2014,0.876,-0.898,-0.514,0.593,0.785
ISR,2015,0.876,-0.898,-0.514,0.357,0.785
ISR,2016,0.876,-1.14,-0.514,0.357,0.785
ISR,2017,0.876,-1.14,-0.514,0.357,0.785
ISR,2018,0.876,-1.14,-0.947,0.357,0.785
ISR,2019,0.876,-1.14,-0.947,0.408,0.785
ISR,2020,0.876,-0.091,-1.253,0.408,0.785
ISR,2021,0.876,-0.091,-1.253,0.408,0.785
ISR,2022,0.876,-0.579,-1.253,0.408,0.785
ISR,2023,0.756,-1.169,-2.315,0.33,0.627
ISR,2024,0.756,-1.169,-2.315,0.33,0.26
ISR,2025,0.432,-1.169,-2.315,0.33,0.26
KWT,2000,0.167,1.135,0.404,1.032,1.225
KWT,2001,0.167,1.135,0.404,1.032,1.225
KWT,2002,0.167,1.135,0.404,1.032,1.225
KWT,2003,0.167,1.135,0.404,1.032,1.225
KWT,2004,0.167,1.135,0.404,1.032,1.225
KWT,2005,-0.09,1.135,0.404,1.032,1.225
KWT,2006,-0.09,1.135,0.404,1.032,1.225
KWT,2007,-0.301,1.135,0.404,1.032,1.225
KWT,2008,-0.301,1.135,0.404,1.032,1.225
KWT,2009,-0.301,1.135,0.404,1.032,1.225
KWT,2010,-0.598,0.807,0.023,1.032,0.412
KWT,2011,-0.598,0.807,0.023,0.954,0.412
KWT,2012,-0.718,0.807,0.023,0.954,0.412
KWT,2013,-0.718,0.807,0.023,0.954,0.412
KWT,2014,-0.622,0.807,0.023,0.954,0.412
KWT,2015,-0.622,0.807,0.023,0.954,0.412
KWT,2016,-0.622,0.807,0.023,0.954,0.412
KWT,2017,-0.622,0.451,0.023,0.954,0.412
KWT,2018,-0.622,0.451,0.023,0.954,0.412
KWT,2019,-0.622,0.806,0.023,1.023,0.64
KWT,2020,-0.622,0.417,0.023,1.023,0.64
KWT,2021,-0.574,0.417,-0.038,1.235,0.64
KWT,2022,-0.481,0.455,-0.097,1.118,0.113
KWT,2023,-0.544,0.455,-0.097,0.942,-0.07
KWT,2024,-1.359,0.455,-0.097,0.942,-0.07
KWT,2025,-1.359,0.455,-0.097,0.942,-0.07
LTU,2000,2.714,2.41,1.189,2.668,2.849
LTU,2001,2.714,2.87,1.189,2.668,2.849
LTU,2002,2.714,2.87,1.189,2.668,2.849
LTU,2003,2.714,2.87,1.189,2.668,2.849
LTU,2004,2.714,2.392,1.189,2.668,2.849
LTU,2005,2.714,2.855,1.189,2.668,2.849
LTU,2006,2.714,2.855,1.189,2.668,2.849
LTU,2007,2.714,2.855,1.189,2.668,2.849
LTU,2008,2.714,2.401,1.404,2.668,2.849
LTU,2009,2.714,2.856,1.404,2.668,2.849
LTU,2010,2.714,2.856,1.294,2.668,2.849
LTU,2011,2.714,2.856,1.294,2.668,2.849
LTU,2012,2.714,2.378,1.041,2.668,2.849
LTU,2013,2.714,2.862,1.041,2.668,2.849
LTU,2014,2.714,2.862,1.001,2.668,2.849
LTU,2015,2.714,2.862,0.778,2.668,2.849
LTU,2016,2.714,2.39,0.778,2.668,2.849
LTU,2017,2.714,2.185,0.778,2.668,2.849
LTU,2018,2.714,2.185,0.778,2.668,2.849
LTU,2019,2.714,2.185,0.778,2.668,2.849
LTU,2020,2.714,1.771,0.723,2.079,2.849
LTU,2021,1.981,1.771,0.991,2.635,2.849
LTU,2022,1.981,1.771,0.703,2.635,2.849
LTU,2023,2.63,1.771,0.769,2.635,2.849
LTU,2024,2.63,1.771,0.458,2.635,2.849
LTU,2025,0.947,1.368,-0.087,1.414,0.898
LUX,2000,1.44,1.339,0.908,1.988,0.943
LUX,2001,1.44,1.339,0.908,1.988,0.943
LUX,2002,1.44,1.339,0.908,1.988,0.943
LUX,2003,1.44,1.339,0.908,1.988,0.943
LUX,2004,1.44,1.339,0.908,1.988,0.943
LUX,2005,1.44,1.339,0.908,1.988,0.943
LUX,2006,1.44,1.339,0.908,1.988,0.943
LUX,2007,1.44,1.339,0.908,1.988,0.943
LUX,2008,1.44,1.339,0.908,1.988,0.943
LUX,2009,1.44,1.339,0.908,1.988,0.943
LUX,2010,1.44,1.339,0.908,1.988,0.943
LUX,2011,1.44,1.339,0.908,1.988,0.943
LUX,2012,1.44,1.339,0.908,1.988,0.943
LUX,2013,1.44,1.339,0.908,1.988,0.943
LUX,2014,1.44,1.339,0.908,1.988,0.943
LUX,2015,1.44,1.339,0.908,1.988,0.943
LUX,2016,1.44,1.339,0.908,1.988,0.943
LUX,2017,1.44,1.339,0.908,1.988,0.943
LUX,2018,1.44,1.339,0.908,1.988,0.943
LUX,2019,1.44,1.339,0.154,1.988,1.715
LUX,2020,1.44,1.339,0.914,1.988,1.715
LUX,2021,1.44,1.339,0.229,1.988,1.715
LUX,2022,1.44,1.339,0.229,1.988,1.715
LUX,2023,1.44,1.339,0.546,1.988,1.715
LUX,2024,1.44,0.965,0.139,1.988,1.715
LUX,2025,1.44,1.332,0.543,1.988,2.416
MKD,2000,0.905,1.544,0.238,0.978,0.656
MKD,2001,0.905,1.544,0.238,0.978,0.656
MKD,2002,0.905,1.544,0.238,0.978,0.656
MKD,2003,0.905,1.544,0.238,0.978,0.656
MKD,2004,0.905,1.544,0.238,0.978,0.656
MKD,2005,0.905,1.544,0.238,0.978,0.656
MKD,2006,0.713,1.336,0.037,0.978,0.656
MKD,2007,0.713,1.336,0.037,0.978,0.656
MKD,2008,0.495,1.039,0.037,0.978,0.656
MKD,2009,0.495,1.039,0.037,0.978,0.656
MKD,2010,0.449,1.039,0.037,0.978,0.656
MKD,2011,0.449,0.669,-0.346,0.936,0.541
MKD,2012,0.449,0.669,-0.346,0.936,0.541
MKD,2013,0.301,0.29,-0.346,0.936,0.541
MKD,2014,0.301,-0.059,-0.346,0.936,0.541
MKD,2015,0.301,-0.287,-0.779,0.936,0.541
MKD,2016,0.057,-0.232,-0.779,0.559,0.541
MKD,2017,0.711,-0.115,-0.891,0.946,0.564
MKD,2018,0.395,-0.115,-0.745,0.946,0.564
MKD,2019,0.744,-0.406,-0.239,0.946,0.482
MKD,2020,0.743,-0.53,-0.465,0.952,0.271
MKD,2021,0.704,-0.392,-0.036,0.952,0.351
MKD,2022,0.372,-0.392,-0.127,0.952,0.453
MKD,2023,0.291,-0.392,-0.192,1.192,0.453
MKD,2024,0.706,-0.392,-0.296,0.966,0.453
MKD,2025,0.439,-0.392,-0.638,0.966,0.453
MYS,2000,0.228,1.151,1.636,0.482,1.165
MYS,2001,0.228,1.151,1.636,0.482,1.165
MYS,2002,0.228,1.151,1.636,0.482,1.165
MYS,2003,0.228,1.151,1.636,0.482,1.165
MYS,2004,0.228,1.151,1.636,0.482,1.165
MYS,2005,0.228,1.151,1.636,0.482,1.165
MYS,2006,0.228,1.151,1.636,0.482,1.165
MYS,2007,0.228,1.151,1.636,0.482,1.165
MYS,2008,0.228,1.151,1.636,0.482,1.165
MYS,2009,0.228,1.151,1.636,-0.186,1.165
MYS,2010,0.228,1.151,1.636,-0.264,0.737
MYS,2011,0.228,1.151,1.636,-0.264,0.737
MYS,2012,0.228,1.151,1.636,-0.264,0.737
MYS,2013,0.228,1.151,1.636,-0.264,0.737
MYS,2014,0.228,1.151,1.636,-0.264,0.737
MYS,2015,-0.055,0.954,1.636,-0.264,0.737
MYS,2016,-0.262,0.954,1.636,-0.264,0.737
MYS,2017,-0.262,0.954,1.636,-0.264,0.737
MYS,2018,0.661,1.182,1.636,0.498,0.737
MYS,2019,0.661,1.243,1.257,1.234,0.834
MYS,2020,0.401,0.932,1.638,0.795,0.762
MYS,2021,-0.046,1.004,1.638,0.088,0.848
MYS,2022,-0.046,0.79,1.638,0.641,0.925
MYS,2023,0.61,0.79,1.638,0.635,0.598
MYS,2024,0.684,0.956,1.638,0.635,0.444
MYS,2025,0.684,1.273,1.638,0.635,0.649
MLT,2000,1.103,-0.879,1.737,1.633,0.788
MLT,2001,1.103,-0.879,1.737,1.633,0.788
MLT,2002,1.103,-0.879,1.737,1.633,0.788
MLT,2003,1.103,-0.879,1.737,1.633,0.788
MLT,2004,0.597,-0.879,1.737,1.633,0.788
MLT,2005,0.597,-0.879,1.737,1.633,0.788
MLT,2006,0.597,-0.879,1.737,1.633,0.788
MLT,2007,0.597,-0.879,1.737,1.633,0.788
MLT,2008,0.597,-0.879,1.737,1.633,0.788
MLT,2009,0.597,-0.879,1.737,1.633,0.788
MLT,2010,0.597,-1.075,1.737,1.633,0.788
MLT,2011,0.597,-1.075,1.737,1.633,0.788
MLT,2012,0.597,-1.075,1.737,1.633,0.788
MLT,2013,-0.073,-1.075,1.737,1.337,0.788
MLT,2014,-0.073,-1.075,1.737,1.337,0.788
MLT,2015,-0.26,-1.075,1.737,1.337,0.788
MLT,2016,-0.26,-1.075,1.737,1.337,0.788
MLT,2017,-0.26,-1.075,1.737,1.337,0.788
MLT,2018,-0.26,-1.075,1.737,1.337,0.788
MLT,2019,-0.26,-1.075,1.737,1.337,0.788
MLT,2020,-0.452,-1.475,1.737,1.337,0.788
MLT,2021,-0.293,-1.475,1.737,1.337,0.788
MLT,2022,0.015,-1.06,1.154,1.337,1.177
MLT,2023,0.015,-1.06,1.76,1.337,1.177
MLT,2024,0.015,-1.06,1.76,1.337,1.177
MLT,2025,0.015,-1.06,1.76,1.337,1.177
MUS,2000,-0.268,1.294,1.706,1.163,-0.467
MUS,2001,-0.268,1.294,1.706,1.163,-0.467
MUS,2002,-0.268,1.294,1.706,1.163,-0.467
MUS,2003,-0.268,1.294,1.706,1.163,-0.467
MUS,2004,-0.268,1.294,1.706,1.163,-0.467
MUS,2005,-0.268,1.294,1.706,1.163,-0.467
MUS,2006,-0.268,1.294,1.706,1.163,-0.467
MUS,2007,-0.268,1.294,1.706,1.163,-0.467
MUS,2008,-0.268,1.294,1.706,1.163,-0.467
MUS,2009,-0.268,1.294,1.706,1.163,-0.467
MUS,2010,-0.268,1.294,1.706,1.163,-0.234
MUS,2011,-0.268,1.294,1.706,1.163,-0.234
MUS,2012,-0.268,1.294,1.706,1.163,-0.234
MUS,2013,-0.268,1.294,1.706,1.163,-0.234
MUS,2014,-0.473,1.165,1.022,0.932,-0.308
MUS,2015,-0.473,1.165,1.022,0.932,-0.308
MUS,2016,-0.473,1.165,1.022,0.932,-0.308
MUS,2017,-0.473,1.165,1.022,0.932,-0.308
MUS,2018,-0.473,1.165,1.022,0.932,-0.308
MUS,2019,-0.765,0.618,1.022,0.676,-0.308
MUS,2020,-1.034,0.493,1.022,0.624,-0.625
MUS,2021,-0.77,0.155,1.022,0.624,-0.657
MUS,2022,-1.071,0.155,1.022,0.624,-0.657
MUS,2023,-1.071,0.155,1.022,0.624,-0.657
MUS,2024,-1.105,0.126,1.447,1.047,-0.644
MUS,2025,0.554,1.102,1.911,1.518,0.409
MNE,2000,0.819,0.481,-0.314,1.451,0.489
MNE,2001,0.819,0.481,-0.314,1.451,0.489
MNE,2002,0.819,0.481,-0.314,1.451,0.489
MNE,2003,0.819,0.481,-0.314,1.451,0.489
MNE,2004,0.819,0.481,-0.314,1.451,0.489
MNE,2005,0.819,0.481,-0.314,1.451,0.489
MNE,2006,0.819,0.481,-0.314,1.451,0.489
MNE,2007,0.819,0.481,-0.314,1.451,0.489
MNE,2008,0.819,0.481,-0.314,1.451,0.489
MNE,2009,0.819,0.481,-0.314,1.451,0.489
MNE,2010,0.819,-0.005,-0.314,1.451,0.304
MNE,2011,0.819,-0.005,-0.314,1.451,0.304
MNE,2012,0.819,-0.005,-0.314,1.451,0.304
MNE,2013,0.754,-0.005,-0.621,1.36,0.304
MNE,2014,0.754,-0.17,-0.621,1.36,0.304
MNE,2015,0.754,-0.17,-0.859,1.36,0.188
MNE,2016,0.754,-0.17,-0.859,1.36,0.188
MNE,2017,0.62,-1.118,-0.859,1.36,0.188
MNE,2018,0.62,-1.118,-0.859,1.36,0.188
MNE,2019,0.208,-1.302,-1.059,0.243,-0.331
MNE,2020,0.247,-1.36,-1.442,0.095,-0.331
MNE,2021,0.266,-2.028,-2.093,0.095,-1.097
MNE,2022,0.403,-2.028,-2.903,0.388,-1.097
MNE,2023,0.433,-1.155,-2.308,0.608,-0.314
MNE,2024,0.433,-0.8,-1.662,0.608,-0.371
MNE,2025,0.433,-0.8,-1.662,0.608,-0.371
NZL,2000,2.097,2.093,1.662,2.707,2.792
NZL,2001,2.097,2.093,1.662,2.707,2.792
NZL,2002,2.097,2.093,1.662,2.707,2.792
NZL,2003,2.097,2.093,1.662,2.707,2.792
NZL,2004,2.097,2.093,1.662,2.707,2.792
NZL,2005,2.097,2.093,1.662,2.707,2.792
NZL,2006,2.097,2.093,1.662,2.707,2.792
NZL,2007,2.097,2.093,1.662,2.707,2.792
NZL,2008,2.097,2.093,1.662,2.707,2.792
NZL,2009,2.097,2.093,1.662,2.707,2.792
NZL,2010,2.097,2.093,1.662,2.707,2.792
NZL,2011,2.097,2.093,1.662,2.707,2.792
NZL,2012,2.097,2.093,1.662,2.707,2.792
NZL,2013,2.097,2.093,1.662,2.707,2.792
NZL,2014,2.097,2.093,1.662,2.707,2.792
NZL,2015,2.097,2.093,1.662,2.707,2.792
NZL,2016,2.097,2.093,1.662,2.707,2.792
NZL,2017,2.097,2.093,1.662,2.707,2.792
NZL,2018,2.097,2.093,1.662,2.707,2.792
NZL,2019,2.097,1.74,1.662,2.707,2.135
NZL,2020,2.097,1.457,1.027,2.707,2.135
NZL,2021,2.097,1.457,1.027,2.707,2.135
NZL,2022,2.097,0.886,0.835,2.707,1.496
NZL,2023,2.097,0.886,0.835,2.707,1.496
NZL,2024,2.555,0.886,0.835,2.707,1.496
NZL,2025,0.98,0.886,0.429,2.707,1.496
NOR,2000,1.813,1.632,0.755,1.963,2.396
NOR,2001,1.813,1.632,0.755,1.963,2.396
NOR,2002,1.813,1.632,0.755,1.963,2.396
NOR,2003,1.813,1.632,0.755,1.963,2.396
NOR,2004,1.813,1.632,0.755,1.963,2.396
NOR,2005,1.813,1.632,0.755,1.963,2.396
NOR,2006,1.813,1.632,0.755,1.963,2.396
NOR,2007,1.813,1.632,0.755,1.963,2.396
NOR,2008,1.813,1.632,0.755,1.963,2.396
NOR,2009,1.813,1.632,0.755,1.963,2.396
NOR,2010,1.813,1.632,0.755,1.963,2.396
NOR,2011,1.813,1.632,0.755,1.963,2.396
NOR,2012,1.813,1.632,0.755,1.963,2.396
NOR,2013,1.813,1.632,0.755,1.963,2.396
NOR,2014,1.813,1.269,0.459,1.963,2.396
NOR,2015,1.813,1.269,0.459,1.963,2.028
NOR,2016,1.813,1.269,0.459,1.963,2.028
NOR,2017,1.813,1.269,0.459,1.963,2.028
NOR,2018,1.813,1.269,0.459,1.963,2.028
NOR,2019,1.813,1.269,0.459,1.963,2.205
NOR,2020,2.558,1.335,0.368,1.963,1.488
NOR,2021,2.558,1.773,0.219,1.963,1.488
NOR,2022,2.558,1.773,0.157,1.963,1.097
NOR,2023,2.558,1.773,0.157,1.963,1.097
NOR,2024,2.558,1.773,0.211,2.607,1.097
NOR,2025,2.558,1.773,0.211,2.607,1.097
OMN,2000,-0.313,1.497,-0.006,0.283,-0.013
OMN,2001,-0.313,1.497,-0.006,0.283,-0.013
OMN,2002,-0.313,1.497,-0.006,0.283,-0.013
OMN,2003,-0.313,1.497,-0.006,0.283,-0.013
OMN,2004,-0.313,1.497,-0.006,0.283,-0.013
OMN,2005,-0.313,1.497,-0.006,0.283,-0.013
OMN,2006,-0.313,1.497,-0.006,0.283,-0.013
OMN,2007,-0.67,1.497,-0.006,0.283,-0.013
OMN,2008,-0.324,1.497,-0.006,0.283,-0.013
OMN,2009,-0.324,1.497,-0.006,0.283,-0.013
OMN,2010,-0.324,1.497,-0.006,0.283,-0.013
OMN,2011,-0.324,1.497,-0.006,0.283,-0.013
OMN,2012,-0.324,1.497,-0.006,0.283,-0.013
OMN,2013,-0.324,1.497,-0.006,0.283,-0.013
OMN,2014,-0.324,1.497,-0.006,0.283,-0.013
OMN,2015,-0.324,1.497,-0.006,0.283,-0.013
OMN,2016,-0.324,1.497,-0.006,0.283,-0.013
OMN,2017,-0.324,1.497,-0.006,0.283,-0.013
OMN,2018,-0.324,1.497,-0.006,0.283,-0.013
OMN,2019,-0.324,1.497,-0.006,0.283,-0.013
OMN,2020,-0.264,1.497,-0.006,0.283,-0.013
OMN,2021,-0.264,1.497,-0.006,0.283,-0.013
OMN,2022,-0.264,1.497,-0.006,0.616,0.083
OMN,2023,-0.264,1.497,-0.006,0.616,0.083
OMN,2024,-0.264,1.497,-0.006,0.616,0.083
OMN,2025,-0.264,1.497,-0.006,0.616,0.083
PRY,2000,1.194,1.275,1.778,0.835,0.748
PRY,2001,1.194,1.275,1.778,0.835,0.748
PRY,2002,1.194,1.275,1.778,0.835,0.748
PRY,2003,1.194,1.275,1.778,0.835,0.748
PRY,2004,1.194,1.275,1.778,0.835,0.748
PRY,2005,1.194,1.275,1.778,0.835,0.748
PRY,2006,1.194,1.275,1.778,0.835,0.748
PRY,2007,1.194,1.275,1.778,0.835,0.748
PRY,2008,0.676,0.56,1.907,1.382,0.748
PRY,2009,0.676,0.56,1.907,1.382,0.748
PRY,2010,0.676,0.56,1.907,1.382,0.748
PRY,2011,0.676,0.56,1.907,1.382,0.748
PRY,2012,0.213,0.56,1.768,1.267,0.748
PRY,2013,0.031,-0.724,1.768,0.82,0.748
PRY,2014,0.031,-0.724,1.768,0.82,0.748
PRY,2015,0.031,-0.724,1.768,0.82,0.748
PRY,2016,0.031,-0.724,1.768,0.82,0.748
PRY,2017,0.031,-0.724,1.768,0.82,0.748
PRY,2018,0.031,-0.724,1.768,0.82,0.748
PRY,2019,0.201,-0.29,1.106,0.976,0.748
PRY,2020,0.046,-0.29,1.774,0.826,0.443
PRY,2021,0.204,-0.618,1.774,0.489,1.2
PRY,2022,0.414,-0.252,1.774,1.159,1.2
PRY,2023,0.232,-0.591,1.774,1.159,0.741
PRY,2024,0.232,-0.591,1.774,1.159,0.741
PRY,2025,0.055,-0.591,1.774,1.159,1.366
ROU,2000,1.816,2.283,0.917,2.024,1.762
ROU,2001,1.816,2.283,0.917,2.024,1.762
ROU,2002,1.816,2.283,0.917,2.024,1.762
ROU,2003,1.816,2.283,0.917,2.024,1.762
ROU,2004,2.039,2.52,0.917,2.024,2.029
ROU,2005,2.039,2.52,0.917,2.024,2.029
ROU,2006,2.039,2.52,0.917,2.024,2.029
ROU,2007,2.039,2.52,0.917,2.024,2.029
ROU,2008,2.039,2.52,0.917,2.024,2.029
ROU,2009,2.039,2.046,0.917,2.346,2.029
ROU,2010,1.549,0.967,0.509,1.97,1.418
ROU,2011,1.549,0.967,0.509,1.97,1.418
ROU,2012,1.395,0.967,0.509,1.97,1.418
ROU,2013,1.395,0.967,0.509,1.97,1.418
ROU,2014,1.442,0.794,0.509,1.97,1.418
ROU,2015,1.372,0.694,0.428,1.97,1.418
ROU,2016,1.454,0.694,0.362,1.97,1.418
ROU,2017,0.774,0.507,0.362,1.215,0.805
ROU,2018,0.372,0.507,0.362,1.215,0.805
ROU,2019,0.788,0.507,0.18,1.215,0.805
ROU,2020,1.881,0.455,0.151,2.059,0.573
ROU,2021,1.881,0.073,0.151,2.059,0.629
ROU,2022,1.102,0.252,-0.05,2.059,0.629
ROU,2023,0.961,-0.208,-0.05,2.059,0.307
ROU,2024,0.562,-0.247,-1.621,1.198,-0.216
ROU,2025,1.229,-0.002,-1.295,1.437,0.211
STP,2000,2.038,1.214,1.896,2.334,1.664
STP,2001,2.038,1.214,1.896,2.334,1.664
STP,2002,2.038,1.214,1.896,2.334,1.664
STP,2003,2.038,1.214,1.896,2.334,1.664
STP,2004,2.038,1.214,1.896,2.334,1.664
STP,2005,2.038,1.214,1.896,2.334,1.664
STP,2006,2.038,1.214,1.896,2.334,1.664
STP,2007,2.038,1.214,1.896,2.334,1.664
STP,2008,2.038,1.214,1.896,2.334,1.664
STP,2009,2.038,1.214,1.896,2.334,1.664
STP,2010,2.038,1.214,1.896,2.334,1.664
STP,2011,2.038,1.214,1.896,2.334,1.664
STP,2012,2.038,1.214,1.896,2.334,1.664
STP,2013,2.038,1.214,1.896,2.334,1.664
STP,2014,2.038,1.214,1.896,2.334,1.664
STP,2015,2.038,1.214,1.896,2.334,1.664
STP,2016,2.038,1.214,1.896,2.334,1.664
STP,2017,2.038,1.214,1.896,2.334,1.664
STP,2018,2.038,1.214,1.896,2.334,1.664
STP,2019,2.038,1.214,1.896,2.334,1.664
STP,2020,2.038,1.214,1.896,2.334,1.664
STP,2021,2.038,1.214,1.896,2.334,1.664
STP,2022,2.038,1.214,1.896,2.334,1.664
STP,2023,2.038,1.214,1.896,1.627,1.664
STP,2024,1.256,0.874,1.521,1.759,1.202
STP,2025,1.256,0.874,1.521,1.759,1.202
SAU,2000,-0.804,1.308,1.011,0.027,-0.358
SAU,2001,-0.804,1.308,1.011,0.027,-0.358
SAU,2002,-0.804,1.308,1.011,0.027,-0.358
SAU,2003,-0.804,1.308,1.011,0.027,-0.358
SAU,2004,-0.804,1.308,1.011,0.027,-0.358
SAU,2005,-0.804,1.308,1.011,0.027,-0.358
SAU,2006,-0.804,1.308,1.011,0.027,-0.358
SAU,2007,-0.804,1.308,1.011,0.027,-0.358
SAU,2008,-0.804,1.308,1.011,0.027,-0.358
SAU,2009,-0.804,1.308,1.011,0.027,-0.358
SAU,2010,-0.804,1.308,1.011,0.027,-0.358
SAU,2011,-1.865,1.308,0.224,-0.878,-0.358
SAU,2012,-1.865,1.308,0.224,-0.878,-0.358
SAU,2013,-1.865,1.308,0.224,-0.878,-0.358
SAU,2014,-1.865,1.308,0.224,-0.878,-0.358
SAU,2015,-2.363,1.308,0.224,-1.113,-0.358
SAU,2016,-2.312,1.308,0.224,-1.768,-0.358
SAU,2017,-2.312,1.308,0.224,-1.768,-0.358
SAU,2018,-2.555,1.308,0.224,-2.195,-0.358
SAU,2019,-2.555,1.308,0.224,-2.195,-0.358
SAU,2020,-2.062,1.308,-0.674,-2.195,-0.624
SAU,2021,-2.062,1.308,-0.674,-2.195,-0.875
SAU,2022,-2.062,1.726,-0.674,-1.662,-0.875
SAU,2023,-2.062,1.726,-0.674,-1.662,-0.875
SAU,2024,-2.062,1.726,-0.674,-1.662,-0.875
SAU,2025,-2.062,1.726,-0.674,-1.662,-0.875
SRB,2000,-0.321,0.105,0.553,0.773,-1.099
SRB,2001,0.506,1.13,0.553,1.101,0.053
SRB,2002,0.506,1.13,0.553,1.101,0.053
SRB,2003,0.506,1.13,0.553,1.101,0.053
SRB,2004,0.506,1.13,0.553,1.101,0.053
SRB,2005,0.506,1.13,0.553,1.101,0.053
SRB,2006,0.506,1.13,0.553,1.101,0.053
SRB,2007,0.506,0.834,0.553,1.101,0.053
SRB,2008,0.506,0.795,0.553,0.509,0.053
SRB,2009,0.341,0.795,0.553,0.509,0.053
SRB,2010,-0.028,0.66,-0.082,0.509,0.194
SRB,2011,-0.028,0.66,-0.082,0.509,0.194
SRB,2012,-0.278,0.66,-0.082,0.509,0.194
SRB,2013,-0.823,-0.237,-0.513,0.442,-0.78
SRB,2014,-1.053,-0.59,-0.559,0.442,-0.78
SRB,2015,-1.216,-0.59,-0.559,0.043,-0.897
SRB,2016,-1.216,-0.946,-1.032,-0.079,-0.897
SRB,2017,-1.739,-1.053,-1.032,-0.207,-0.982
SRB,2018,-1.739,-1.053,-1.032,-0.514,-1.073
SRB,2019,-1.443,-1.141,-1.032,-0.705,-1.165
SRB,2020,-1.884,-1.856,-1.032,-1.208,-1.545
SRB,2021,-1.586,-1.757,-1.032,-0.996,-1.409
SRB,2022,-1.586,-1.948,-1.4,-0.885,-1.305
SRB,2023,-1.936,-2.143,-1.798,-1.14,-1.676
SRB,2024,-2.091,-2.392,-1.556,-1.005,-1.676
SRB,2025,-2.331,-2.392,-1.985,-1.005,-1.555
SYC,2000,0.348,0.162,0.451,0.63,0.164
SYC,2001,0.348,0.162,0.451,0.63,0.164
SYC,2002,0.348,0.162,0.451,0.63,0.164
SYC,2003,0.348,0.162,0.451,0.63,0.164
SYC,2004,0.348,0.162,0.451,0.63,0.164
SYC,2005,0.348,0.162,0.451,0.63,0.164
SYC,2006,0.348,0.162,0.451,0.63,0.164
SYC,2007,0.348,0.162,0.451,0.63,0.164
SYC,2008,0.348,0.162,0.451,0.63,0.164
SYC,2009,0.348,0.162,0.451,0.63,0.164
SYC,2010,0.348,0.162,0.451,0.63,0.164
SYC,2011,0.348,0.162,0.451,0.63,0.164
SYC,2012,0.348,0.162,0.451,0.63,0.164
SYC,2013,0.348,0.162,0.451,0.63,0.164
SYC,2014,0.348,0.162,0.451,0.63,0.164
SYC,2015,0.561,0.524,0.712,0.812,0.365
SYC,2016,1.091,0.524,0.885,0.812,0.365
SYC,2017,1.091,0.524,0.885,0.812,0.365
SYC,2018,1.091,0.524,0.885,0.812,0.365
SYC,2019,1.091,0.524,0.885,0.812,0.365
SYC,2020,1.909,0.524,0.885,1.983,0.365
SYC,2021,1.909,0.524,0.885,1.983,0.365
SYC,2022,2.319,0.524,0.885,1.983,0.365
SYC,2023,2.319,0.524,1.488,1.983,0.365
SYC,2024,2.319,0.524,2.391,1.983,0.365
SYC,2025,2.319,0.955,2.391,1.983,0.365
SGP,2000,0.972,1.978,1.501,1.17,1.364
SGP,2001,0.972,1.978,1.501,1.17,1.364
SGP,2002,0.972,1.978,1.501,1.17,1.364
SGP,2003,0.972,1.978,1.501,1.17,1.364
SGP,2004,0.972,1.681,1.501,1.17,1.364
SGP,2005,0.972,1.681,1.501,1.154,1.364
SGP,2006,0.972,1.681,1.501,1.154,1.364
SGP,2007,0.972,1.681,1.501,1.154,1.364
SGP,2008,0.972,1.681,1.501,1.154,1.364
SGP,2009,0.972,1.681,1.501,1.154,1.364
SGP,2010,0.972,1.681,1.501,1.154,1.364
SGP,2011,0.972,1.505,1.501,1.154,1.364
SGP,2012,0.739,1.063,1.501,1.083,0.997
SGP,2013,0.739,1.063,1.501,1.083,0.997
SGP,2014,0.739,1.063,1.501,0.703,0.997
SGP,2015,0.739,1.014,1.188,0.703,0.997
SGP,2016,0.739,1.014,1.188,0.703,0.997
SGP,2017,0.739,1.014,1.188,0.703,0.997
SGP,2018,0.739,1.014,1.188,0.703,0.997
SGP,2019,1.077,1.014,1.188,0.703,0.997
SGP,2020,0.909,1.014,0.531,0.703,0.997
SGP,2021,0.909,1.014,0.531,0.703,0.997
SGP,2022,1.17,1.014,0.546,0.703,0.997
SGP,2023,1.17,1.014,0.546,0.703,0.997
SGP,2024,1.086,1.014,0.546,0.703,0.997
SGP,2025,1.407,1.014,0.546,0.703,0.997
SVK,2000,2.697,2.472,2.344,2.409,2.502
SVK,2001,2.697,2.472,2.284,2.409,2.502
SVK,2002,2.697,2.472,2.284,2.409,2.502
SVK,2003,2.697,2.093,2.284,2.409,2.502
SVK,2004,2.697,2.093,2.284,2.409,2.502
SVK,2005,2.697,2.093,2.284,2.409,2.502
SVK,2006,2.697,2.093,2.284,2.409,2.502
SVK,2007,2.431,2.093,2.284,2.409,2.502
SVK,2008,2.005,2.093,2.284,2.409,2.502
SVK,2009,2.005,2.093,2.284,2.409,2.502
SVK,2010,2.005,1.847,2.218,2.409,2.502
SVK,2011,2.076,1.409,2.218,2.409,2.502
SVK,2012,1.863,1.18,1.666,2.409,2.502
SVK,2013,1.863,1.077,1.353,2.409,2.502
SVK,2014,1.863,1.077,0.908,2.409,2.502
SVK,2015,1.714,0.938,0.69,2.156,1.936
SVK,2016,1.714,0.938,0.69,2.156,1.936
SVK,2017,1.714,0.938,0.69,2.156,1.936
SVK,2018,1.764,0.938,0.69,2.156,1.936
SVK,2019,1.776,0.653,0.469,2.411,1.936
SVK,2020,1.897,0.501,0.469,2.347,1.407
SVK,2021,1.72,0.293,0.469,2.347,2.342
SVK,2022,1.588,0.293,0.398,2.347,2.342
SVK,2023,0.573,0.04,0.388,1.348,1.842
SVK,2024,-0.149,-0.212,-0.381,0.913,1.164
SVK,2025,-0.078,-0.184,-0.283,0.913,1.075
SVN,2000,1.868,1.42,2.552,2.343,1.625
SVN,2001,1.868,1.42,2.552,2.343,1.625
SVN,2002,1.868,1.42,2.552,2.343,1.625
SVN,2003,1.868,1.42,2.552,2.343,1.625
SVN,2004,1.66,1.42,2.552,2.343,1.625
SVN,2005,1.158,1.42,2.552,1.545,1.625
SVN,2006,1.053,0.954,2.552,1.545,0.936
SVN,2007,1.053,0.954,2.552,1.545,0.936
SVN,2008,1.053,0.819,2.552,1.545,0.936
SVN,2009,1.863,0.949,2.552,2.35,0.936
SVN,2010,1.863,0.439,2.124,2.35,0.936
SVN,2011,1.213,0.439,2.541,1.534,0.502
SVN,2012,1.307,0.315,2.541,1.534,0.502
SVN,2013,1.866,0.465,2.541,2.354,0.688
SVN,2014,1.866,0.337,2.541,2.354,0.688
SVN,2015,1.866,0.196,2.541,2.354,0.688
SVN,2016,1.866,0.196,2.541,2.354,0.688
SVN,2017,1.866,0.196,2.133,1.808,0.688
SVN,2018,1.718,0.196,2.133,2.337,0.688
SVN,2019,1.718,-0.548,1.485,1.807,0.159
SVN,2020,-0.781,-1.225,1.815,-0.387,-1.09
SVN,2021,-1.617,-1.225,1.815,-1.123,-1.234
SVN,2022,1.06,-0.201,0.953,1.152,-0.206
SVN,2023,0.897,-0.549,0.229,0.998,-0.433
SVN,2024,1.066,-0.899,0.7,1.497,-0.124
SVN,2025,1.352,-0.899,0.223,1.497,-0.356
SLB,2000,2.235,2.773,2.325,2.017,1.949
SLB,2001,2.235,2.773,2.325,2.017,1.949
SLB,2002,2.235,2.773,2.325,2.017,1.949
SLB,2003,2.235,2.773,2.325,2.017,1.949
SLB,2004,2.235,2.773,2.325,2.017,1.949
SLB,2005,2.235,2.773,2.325,2.017,1.949
SLB,2006,2.235,2.773,2.325,2.017,1.949
SLB,2007,2.235,2.773,2.325,2.017,1.949
SLB,2008,2.235,2.773,2.325,2.017,1.949
SLB,2009,2.235,2.773,2.325,2.017,1.949
SLB,2010,1.493,1.618,2.325,2.171,1.949
SLB,2011,1.493,1.618,2.325,2.171,1.949
SLB,2012,1.493,1.618,2.325,2.171,1.949
SLB,2013,1.493,1.618,2.325,2.171,1.949
SLB,2014,1.493,1.618,2.325,2.171,1.949
SLB,2015,1.493,1.618,2.325,2.171,1.949
SLB,2016,1.493,1.618,2.325,2.171,1.949
SLB,2017,1.493,1.618,2.325,2.171,1.949
SLB,2018,1.493,1.618,2.325,2.171,1.949
SLB,2019,1.493,1.618,2.325,2.171,1.949
SLB,2020,1.493,1.618,2.325,2.171,1.949
SLB,2021,1.493,1.618,1.685,2.171,1.949
SLB,2022,1.493,1.998,1.685,2.171,1.949
SLB,2023,1.493,1.998,2.161,1.682,1.949
SLB,2024,1.493,1.998,1.664,1.682,1.949
SLB,2025,1.493,1.998,1.664,1.216,1.949
VUT,2000,1.568,1.658,0.541,2.338,0.836
VUT,2001,1.568,1.658,0.541,2.338,0.836
VUT,2002,1.568,1.658,0.541,2.338,0.836
VUT,2003,1.568,1.658,0.541,2.338,0.836
VUT,2004,1.568,1.658,0.541,2.338,0.836
VUT,2005,1.568,1.658,0.541,2.338,0.836
VUT,2006,1.568,1.658,0.541,2.338,0.836
VUT,2007,1.568,1.658,0.541,2.338,0.836
VUT,2008,1.568,1.658,0.541,2.338,0.836
VUT,2009,1.568,1.658,0.541,2.338,0.836
VUT,2010,1.568,1.658,0.541,2.338,0.836
VUT,2011,1.568,1.658,0.541,2.338,0.836
VUT,2012,1.568,1.658,0.541,2.338,0.836
VUT,2013,1.568,1.658,0.541,2.338,0.836
VUT,2014,1.568,1.658,0.541,2.338,0.836
VUT,2015,1.568,1.658,0.541,2.338,0.836
VUT,2016,1.568,1.658,0.541,2.338,0.836
VUT,2017,1.568,1.658,0.541,2.338,0.836
VUT,2018,1.568,1.658,0.541,2.338,0.836
VUT,2019,1.568,1.658,0.541,2.338,0.836
VUT,2020,1.568,1.658,0.541,1.519,0.836
VUT,2021,1.568,1.658,0.541,1.519,0.836
VUT,2022,1.568,1.658,0.541,1.519,0.836
VUT,2023,1.568,1.658,0.541,1.519,0.836
VUT,2024,1.568,1.658,1.499,1.519,0.836
VUT,2025,2.307,1.658,1.499,1.519,0.836
ARE,2000,-0.64,0.438,0.441,-0.136,-0.318
ARE,2001,-0.64,0.438,0.441,-0.136,-0.318
ARE,2002,-0.64,0.438,0.441,-0.136,-0.318
ARE,2003,-0.64,0.438,0.441,-0.136,-0.318
ARE,2004,-0.64,0.438,0.441,-0.136,-0.318
ARE,2005,-0.808,0.438,0.441,-0.136,-0.318
ARE,2006,-0.808,0.438,0.208,-0.136,-0.318
ARE,2007,-0.808,0.438,0.455,-0.136,-0.318
ARE,2008,-0.656,0.438,0.455,-0.136,-0.318
ARE,2009,-0.656,0.438,0.455,-0.136,-0.318
ARE,2010,-0.656,0.066,-0.676,-0.725,-0.868
ARE,2011,-0.807,0.066,-0.676,-0.725,-0.868
ARE,2012,-0.807,0.066,-0.676,-0.725,-0.868
ARE,2013,-0.663,-0.166,-1.384,-0.87,-1.13
ARE,2014,-0.749,-0.166,-1.384,-0.87,-1.13
ARE,2015,-0.749,-0.166,-1.384,-0.87,-1.13
ARE,2016,-0.93,-0.166,-1.384,-0.87,-1.13
ARE,2017,-1.039,-0.166,-1.584,-1.055,-1.13
ARE,2018,-1.039,-0.166,-1.374,-1.055,-1.13
ARE,2019,-1.039,-0.238,-1.374,-1.207,-1.253
ARE,2020,-1.205,-0.238,-1.374,-1.207,-1.253
ARE,2021,-1.205,-0.238,-1.808,-1.207,-1.253
ARE,2022,-1.205,-0.238,-1.435,-1.207,-1.253
ARE,2023,-0.726,0.088,-1.435,-1.002,-0.884
ARE,2024,-0.254,0.088,-1.435,-0.461,-0.884
ARE,2025,-0.455,0.485,-1.435,-0.834,-0.437
HUN,2000,0.851,1.874,0.606,1.101,1.519
HUN,2001,0.851,1.874,0.606,1.101,1.519
HUN,2002,0.851,1.874,0.606,1.101,1.519
HUN,2003,0.851,1.874,0.606,1.101,1.519
HUN,2004,0.851,1.874,0.606,1.101,1.519
HUN,2005,0.77,1.612,0.606,0.996,1.519
HUN,2006,0.77,1.612,0.606,0.996,1.519
HUN,2007,0.929,1.612,0.606,1.082,1.33
HUN,2008,0.929,1.612,0.606,1.082,1.33
HUN,2009,0.929,1.612,0.606,1.082,1.33
HUN,2010,-0.163,-0.112,-0.154,0.182,0.103
HUN,2011,-0.235,-0.241,-0.309,-0.247,-0.167
HUN,2012,-0.183,-0.241,-0.309,-0.247,-0.167
HUN,2013,-0.281,-0.241,-0.309,-0.247,-0.288
HUN,2014,-0.485,-0.241,-0.818,-0.247,-0.464
HUN,2015,-1.211,-0.575,-0.992,-0.822,-0.863
HUN,2016,-1.211,-0.86,-1.394,-0.822,-0.863
HUN,2017,-1.27,-1.137,-1.394,-0.923,-1.067
HUN,2018,-1.27,-1.137,-1.394,-0.923,-1.067
HUN,2019,-1.339,-1.137,-1.394,-1.067,-1.067
HUN,2020,-0.865,-1.137,-1.183,-1.079,-1.301
HUN,2021,-0.733,-1.137,-1.183,-0.965,-1.301
HUN,2022,-1.168,-1.323,-0.875,-1.13,-1.858
HUN,2023,-1.507,-1.323,-0.956,-0.96,-1.976
HUN,2024,-1.774,-2.191,-0.956,-1.496,-2.463
HUN,2025,-2.652,-1.735,-0.956,-2.138,-1.975
ZZB,2000,-0.16,-0.077,0.804,0.893,-1.082
ZZB,2001,-0.16,-0.077,0.804,0.893,-1.082
ZZB,2002,-0.16,-0.077,0.804,0.893,-1.082
ZZB,2003,-0.16,-0.077,0.804,0.893,-1.082
ZZB,2004,-0.16,-0.077,0.804,0.893,-1.082
ZZB,2005,-0.16,-0.077,0.804,0.893,-1.082
ZZB,2006,-0.16,-0.077,0.804,0.893,-1.082
ZZB,2007,-0.16,-0.077,0.804,0.893,-1.082
ZZB,2008,-0.16,-0.077,0.804,0.893,-1.082
ZZB,2009,-0.16,-0.077,0.804,0.893,-1.082
ZZB,2010,-0.307,-0.055,0.804,0.815,-1.014
ZZB,2011,-0.307,-0.055,0.804,0.815,-1.014
ZZB,2012,-0.307,-0.055,0.804,0.815,-1.014
ZZB,2013,-0.307,-0.055,0.804,0.815,-1.014
ZZB,2014,-0.307,-0.055,0.804,0.815,-1.014
ZZB,2015,-0.368,-0.321,0.804,0.815,-1.014
ZZB,2016,-0.368,-0.321,0.804,0.815,-1.161
ZZB,2017,-0.368,-0.321,0.804,0.815,-1.243
ZZB,2018,-0.368,-0.321,0.804,0.815,-1.243
ZZB,2019,-0.108,-0.218,1.186,0.955,-0.928
ZZB,2020,-0.108,0.094,1.186,0.955,-0.967
ZZB,2021,-0.108,0.094,1.186,0.955,-0.967
ZZB,2022,-0.108,0.094,1.186,0.955,-0.967
ZZB,2023,-0.108,0.094,1.186,0.955,-0.967
ZZB,2024,-0.108,0.094,1.186,0.955,-0.967
ZZB,2025,-0.108,0.094,1.186,0.955,-0.967
