origin,target_year,iso3,model,metric,loss,actual,prediction,n_train
2014,2015,ALB,benchmark,squared_error,3.576755657064442,2.2277040745779004,0.33647282032461856,382
2014,2015,ARM,benchmark,squared_error,1.2453477487282802,3.1999999989662484,4.315951498238632,382
2014,2015,AUS,benchmark,squared_error,0.0035448755135712813,2.164347806478517,2.1048089493046405,382
2014,2015,AUT,benchmark,squared_error,0.08877406172890775,1.3035233182619803,1.0055735544948181,382
2014,2015,BEL,benchmark,squared_error,0.04437362588831855,1.474164337319266,1.2635138545561864,382
2014,2015,BGD,benchmark,squared_error,2.97970675955087,6.552639878161969,4.8264571649039345,382
2014,2015,BGR,benchmark,squared_error,5.202426784902339,3.39755351999294,1.1166706240725164,382
2014,2015,BIH,benchmark,squared_error,20.190341630963985,4.284130161378542,-0.2092362415496658,382
2014,2015,BLR,benchmark,squared_error,32.178399248033564,-3.82957056812593,1.8430301800347897,382
2014,2015,BOL,benchmark,squared_error,0.0487323923375253,4.857187185086033,4.636433040532584,382
2014,2015,BRA,benchmark,squared_error,39.40428525332413,-3.545763392694255,2.731519877425402,382
2014,2015,BTN,benchmark,squared_error,4.728476441709932,6.660801288661972,4.4862952662030935,382
2014,2015,CAF,benchmark,squared_error,43.38391448255137,4.337121030202312,-2.2495256494482185,382
2014,2015,CHE,benchmark,squared_error,0.07652174374283523,1.454503364910991,1.7311290031711408,382
2014,2015,CHL,benchmark,squared_error,0.034953889459252256,2.151942499811838,2.338902092930919,382
2014,2015,CHN,benchmark,squared_error,0.37143511759752224,6.981622555623673,6.3721677848674485,382
2014,2015,CMR,benchmark,squared_error,2.9628390283146655,5.666952987039323,3.945663055530205,382
2014,2015,COG,benchmark,squared_error,24.64924715920478,0.4151930612937633,5.37999387897062,382
2014,2015,COL,benchmark,squared_error,0.007436713869701905,2.955901375275232,2.8696649915981443,382
2014,2015,COM,benchmark,squared_error,2.457198300892201,1.1473563226004728,2.7149016332349696,382
2014,2015,CRI,benchmark,squared_error,0.052276142570539655,3.6520809300635904,3.4234411641204376,382
2014,2015,CYP,benchmark,squared_error,28.7149562374619,3.418920388890129,-1.9397134143718464,382
2014,2015,CZE,benchmark,squared_error,11.829376951600969,4.95875848915604,1.5193723591030373,382
2014,2015,DNK,benchmark,squared_error,1.1377489433712948,2.104414564453009,1.0377614140000162,382
2014,2015,DZA,benchmark,squared_error,0.12003774658843964,3.200000000890228,2.8535353611527223,382
2014,2015,ECU,benchmark,squared_error,7.4180815362274215,0.1196921092876124,2.8433076357941385,382
2014,2015,EST,benchmark,squared_error,3.564454079108588,1.83815262882932,3.7261288148837384,382
2014,2015,FIN,benchmark,squared_error,1.317031608023022,0.4665037663226741,-0.6811162091147622,382
2014,2015,FJI,benchmark,squared_error,21.39231377052822,4.501200644713649,-0.12398192146989873,382
2014,2015,FRA,benchmark,squared_error,0.03248285972580066,1.0667547478346222,1.2469847667709821,382
2014,2015,GAB,benchmark,squared_error,1.6128825343848765,3.878899395078904,5.148892518833862,382
2014,2015,GBR,benchmark,squared_error,0.6947041994669508,2.1404056003337075,1.3069164285582424,382
2014,2015,GEO,benchmark,squared_error,0.9651380607424013,3.3510235026535327,4.333437906427419,382
2014,2015,GHA,benchmark,squared_error,33.01191494889924,2.120759338173343,7.866358954305609,382
2014,2015,GMB,benchmark,squared_error,2.276857885136606,4.058073803999605,2.5491477338634283,382
2014,2015,GNQ,benchmark,squared_error,97.86398001194723,-9.11004114881537,0.7825813554525067,382
2014,2015,GRC,benchmark,squared_error,63.2410416279183,-0.2283018921728512,-8.180725524495157,382
2014,2015,GTM,benchmark,squared_error,2.5366711952248657,4.092171700754179,2.4994786370332163,382
2014,2015,HKG,benchmark,squared_error,1.6696043000491758,2.387801160133435,3.679932848487674,382
2014,2015,HND,benchmark,squared_error,0.759307532286205,3.840079970939513,2.968697430211157,382
2014,2015,HUN,benchmark,squared_error,13.289998606056043,3.6598161540695457,0.014271118542478867,382
2014,2015,IDN,benchmark,squared_error,0.004888990562545733,4.876322300221233,4.946243617160674,382
2014,2015,IND,benchmark,squared_error,11.127310999638604,7.996253785679869,4.6604913541451225,382
2014,2015,IRL,benchmark,squared_error,518.9831935484974,24.62398563640062,1.8427830002688421,382
2014,2015,ITA,benchmark,squared_error,2.39091105541854,0.8856676352408073,-0.660589476438405,382
2014,2015,JPN,benchmark,squared_error,3.9759203248389205e-05,1.7999773578347489,1.8062828477640398,382
2014,2015,KEN,benchmark,squared_error,2.8756698546238764,4.96772112759767,3.2719411139685803,382
2014,2015,KGZ,benchmark,squared_error,2.240958939109257,3.875825445124392,2.37884216562216,382
2014,2015,KHM,benchmark,squared_error,1.5770172842101031,7.207034725295117,5.951241237411817,382
2014,2015,KOR,benchmark,squared_error,0.029929168657115385,2.920292673012341,2.747292185564717,382
2014,2015,KWT,benchmark,squared_error,5.0092599748112105,0.592770817217982,2.830908430237166,382
2014,2015,LBN,benchmark,squared_error,3.9296297083110137,0.4623207925975805,2.444650156833255,382
2014,2015,LSO,benchmark,squared_error,0.023995255281343754,3.1240667804454603,3.2789708000232096,382
2014,2015,LTU,benchmark,squared_error,3.0589916505177968,2.8328064334323386,4.581803760622348,382
2014,2015,LUX,benchmark,squared_error,0.02865083443218043,2.268365727351068,2.4376313010279986,382
2014,2015,LVA,benchmark,squared_error,0.84737782004023,3.783367120849718,2.862835850310672,382
2014,2015,MAR,benchmark,squared_error,0.007115120747698558,4.344582976352385,4.428934151493568,382
2014,2015,MDA,benchmark,squared_error,8.681311474175967,-0.3382356223872023,2.608170913407878,382
2014,2015,MDG,benchmark,squared_error,3.2955199884666504,3.132298074903048,1.316941363822096,382
2014,2015,MEX,benchmark,squared_error,1.3875459976477558,2.702323430240256,1.5243820065490117,382
2014,2015,MLT,benchmark,squared_error,52.62380663557816,9.620703028421817,2.366476216722436,382
2014,2015,MNE,benchmark,squared_error,3.903904360613634,2.5230633397557085,0.5472332963021644,382
2014,2015,MUS,benchmark,squared_error,0.23339209744568984,3.71766362108832,3.234556906742835,382
2014,2015,MYS,benchmark,squared_error,10.842511314229741,5.091532421550113,1.7987355383169943,382
2014,2015,NIC,benchmark,squared_error,0.22166825450477148,4.792267683326969,4.321451100670016,382
2014,2015,NLD,benchmark,squared_error,0.23602850994946536,2.120640071935441,1.6348124173608323,382
2014,2015,NOR,benchmark,squared_error,0.20193169737434524,2.0442884550143816,1.594920346027612,382
2014,2015,PAN,benchmark,squared_error,5.740905547453246,5.266917195955159,7.662935882746488,382
2014,2015,PER,benchmark,squared_error,3.569182952761039,3.252244772184511,5.141472908953874,382
2014,2015,PHL,benchmark,squared_error,6.547290090734432,6.348309716727613,3.7895424176684678,382
2014,2015,POL,benchmark,squared_error,1.9976656234735213,4.431767002644776,3.018379007976107,382
2014,2015,PRT,benchmark,squared_error,4.237454264527848,1.58979803702681,-0.46870973913723635,382
2014,2015,PRY,benchmark,squared_error,2.038066038303292,2.957151683670787,1.5295431805077906,382
2014,2015,PSE,benchmark,squared_error,4.861456977020196,3.721299671147875,5.926170863988898,382
2014,2015,ROU,benchmark,squared_error,12.392472138784399,3.157036054385401,-0.36325827120506027,382
2014,2015,RUS,benchmark,squared_error,20.0634195331394,-1.9727192264298024,2.5065016358563383,382
2014,2015,RWA,benchmark,squared_error,2.609895047470162,8.870367528727428,7.254850568906157,382
2014,2015,SAU,benchmark,squared_error,6.319386735509734,4.655123166526991,7.168962209805167,382
2014,2015,SGP,benchmark,squared_error,3.0741355217336137,2.976799316348064,4.73012059943728,382
2014,2015,SLB,benchmark,squared_error,7.760443462465423,1.675786120308146,4.46154337148159,382
2014,2015,SLV,benchmark,squared_error,0.09040617715194868,2.400000088521153,2.0993238886782843,382
2014,2015,SVK,benchmark,squared_error,5.965776698405812,5.176879097221331,2.7343851466851556,382
2014,2015,SVN,benchmark,squared_error,2.932559036424858,2.3933062133816776,0.6808345971424892,382
2014,2015,SYC,benchmark,squared_error,33.432794480729676,8.914008875046903,3.1318990109289904,382
2014,2015,TCD,benchmark,squared_error,13.32677890851174,3.30415979779805,6.9547459025916,382
2014,2015,THA,benchmark,squared_error,2.013212268207972,3.1340472491163496,1.7151701338565495,382
2014,2015,TJK,benchmark,squared_error,0.34372528125991386,6.019303317711859,5.433022428325284,382
2014,2015,TUR,benchmark,squared_error,0.6233046289608144,5.805573866286835,5.016077426167683,382
2014,2015,TZA,benchmark,squared_error,1.547897470479293,6.160628774066822,4.916483496987295,382
2014,2015,UGA,benchmark,squared_error,1.576573965447983,5.187859860024659,3.932242893968536,382
2014,2015,UKR,benchmark,squared_error,114.4539438165051,-9.772987212867603,0.925327786070552,382
2014,2015,USA,benchmark,squared_error,2.5377481484809534,2.945550452273366,1.352519332526814,382
2014,2015,VNM,benchmark,squared_error,5.444595921521715,6.98715430598611,4.653788513504846,382
2014,2015,VUT,benchmark,squared_error,7.1857901744760735,3.5010126896209783,0.8203802690015318,382
2014,2015,XKX,benchmark,squared_error,12.092877907260341,5.916231283452106,2.438749736806554,382
2014,2015,ZAF,benchmark,squared_error,1.2289510897968259,1.3218622367822943,2.4304429013244944,382
2014,2015,ZMB,benchmark,squared_error,6.4543166725867565,2.920375112179613,5.460909833962954,382
2014,2015,ALB,benchmark,pinball_0.1,0.009243310661501792,2.2277040745779004,2.1352709679628825,382
2014,2015,ARM,benchmark,pinball_0.1,1.0286537140353764,3.1999999989662484,4.342948570116667,382
2014,2015,AUS,benchmark,pinball_0.1,0.04498067669306787,2.164347806478517,1.7145410395478384,382
2014,2015,AUT,benchmark,pinball_0.1,0.30240058604921105,1.3035233182619803,-1.7204825422301302,382
2014,2015,BEL,benchmark,pinball_0.1,0.0742586385864428,1.474164337319266,0.7315779514548382,382
2014,2015,BGD,benchmark,pinball_0.1,0.027273352685664956,6.552639878161969,6.2799063513053195,382
2014,2015,BGR,benchmark,pinball_0.1,0.21042546019040695,3.39755351999294,1.2932989180888708,382
2014,2015,BIH,benchmark,pinball_0.1,0.48940351471552906,4.284130161378542,-0.6099049857767487,382
2014,2015,BLR,benchmark,pinball_0.1,3.6332938877526244,-3.82957056812593,0.207422640488097,382
2014,2015,BOL,benchmark,pinball_0.1,0.06473218498942233,4.857187185086033,4.20986533519181,382
2014,2015,BRA,benchmark,pinball_0.1,4.122249634067356,-3.545763392694255,1.0345139784916961,382
2014,2015,BTN,benchmark,pinball_0.1,0.18876161898677968,6.660801288661972,4.773185098794175,382
2014,2015,CAF,benchmark,pinball_0.1,1.9281783472984904,4.337121030202312,-14.944662442782588,382
2014,2015,CHE,benchmark,pinball_0.1,0.21081221932261865,1.454503364910991,-0.6536188283151954,382
2014,2015,CHL,benchmark,pinball_0.1,1.6865537526772076,2.151942499811838,4.025891113897624,382
2014,2015,CHN,benchmark,pinball_0.1,0.7938142209319365,6.981622555623673,7.863638356659158,382
2014,2015,CMR,benchmark,pinball_0.1,0.19729992050013023,5.666952987039323,3.693953782038021,382
2014,2015,COG,benchmark,pinball_0.1,0.08254562737073146,0.4151930612937633,-0.41026321241355124,382
2014,2015,COL,benchmark,pinball_0.1,0.13703591953208202,2.955901375275232,1.585542179954412,382
2014,2015,COM,benchmark,pinball_0.1,1.4403110121788796,1.1473563226004728,2.747701891688117,382
2014,2015,CRI,benchmark,pinball_0.1,0.12068966534932626,3.6520809300635904,2.4451842765703278,382
2014,2015,CYP,benchmark,pinball_0.1,0.40646552416729753,3.418920388890129,-0.6457348527828461,382
2014,2015,CZE,benchmark,pinball_0.1,0.4149869342732553,4.95875848915604,0.8088891464234869,382
2014,2015,DNK,benchmark,pinball_0.1,0.13298288020244775,2.104414564453009,0.7745857624285315,382
2014,2015,DZA,benchmark,pinball_0.1,0.22273198793831286,3.200000000890228,0.9726801215070993,382
2014,2015,ECU,benchmark,pinball_0.1,0.14607338150728352,0.1196921092876124,-1.3410417057852229,382
2014,2015,EST,benchmark,pinball_0.1,0.16345658211459696,1.83815262882932,0.20358680768335047,382
2014,2015,FIN,benchmark,pinball_0.1,0.6070870173905667,0.4665037663226741,-5.604366407582993,382
2014,2015,FJI,benchmark,pinball_0.1,0.8749892998853884,4.501200644713649,-4.248692354140236,382
2014,2015,FRA,benchmark,pinball_0.1,0.00644535630933909,1.0667547478346222,1.0023011847412313,382
2014,2015,GAB,benchmark,pinball_0.1,1.5930507263721116,3.878899395078904,5.6489557577145835,382
2014,2015,GBR,benchmark,pinball_0.1,0.5038996347498494,2.1404056003337075,-2.8985907471647865,382
2014,2015,GEO,benchmark,pinball_0.1,0.6088564604723937,3.3510235026535327,4.027530680956192,382
2014,2015,GHA,benchmark,pinball_0.1,5.72344157435948,2.120759338173343,8.480138865239432,382
2014,2015,GMB,benchmark,pinball_0.1,0.9453844623259716,4.058073803999605,-5.39577081926011,382
2014,2015,GNQ,benchmark,pinball_0.1,10.120592461855034,-9.11004114881537,2.1350615865791127,382
2014,2015,GRC,benchmark,pinball_0.1,0.8840276380503154,-0.2283018921728512,-9.068578272676005,382
2014,2015,GTM,benchmark,pinball_0.1,0.21218911623263895,4.092171700754179,1.9702805384277893,382
2014,2015,HKG,benchmark,pinball_0.1,1.6680159567061326,2.387801160133435,4.241152223140249,382
2014,2015,HND,benchmark,pinball_0.1,0.12839165316632833,3.840079970939513,2.55616343927623,382
2014,2015,HUN,benchmark,pinball_0.1,0.4183045730188729,3.6598161540695457,-0.5232295761191836,382
2014,2015,IDN,benchmark,pinball_0.1,0.7694365196008176,4.876322300221233,5.731251766444363,382
2014,2015,IND,benchmark,pinball_0.1,0.3754981878500403,7.996253785679869,4.241271907179466,382
2014,2015,IRL,benchmark,pinball_0.1,2.2594262488292673,24.62398563640062,2.029723148107949,382
2014,2015,ITA,benchmark,pinball_0.1,0.3500457195797297,0.8856676352408073,-2.6147895605564893,382
2014,2015,JPN,benchmark,pinball_0.1,0.06532211923295315,1.7999773578347489,1.1467561655052174,382
2014,2015,KEN,benchmark,pinball_0.1,0.49944369176140174,4.96772112759767,-0.026715790016346386,382
2014,2015,KGZ,benchmark,pinball_0.1,1.0601475942164431,3.875825445124392,-6.725650497040038,382
2014,2015,KHM,benchmark,pinball_0.1,0.08842362124590758,7.207034725295117,6.322798512836041,382
2014,2015,KOR,benchmark,pinball_0.1,0.06776021935882737,2.920292673012341,2.99558180563326,382
2014,2015,KWT,benchmark,pinball_0.1,0.5518356743979621,0.592770817217982,-4.925585926761639,382
2014,2015,LBN,benchmark,pinball_0.1,0.8606556325103837,0.4623207925975805,1.418604828720229,382
2014,2015,LSO,benchmark,pinball_0.1,0.07214759676495715,3.1240667804454603,2.402590812795889,382
2014,2015,LTU,benchmark,pinball_0.1,0.4353748828744892,2.8328064334323386,3.316556303292882,382
2014,2015,LUX,benchmark,pinball_0.1,0.159789395450429,2.268365727351068,0.6704717728467782,382
2014,2015,LVA,benchmark,pinball_0.1,0.13339802276520515,3.783367120849718,2.4493868931976666,382
2014,2015,MAR,benchmark,pinball_0.1,0.7514409557387733,4.344582976352385,5.179517371617688,382
2014,2015,MDA,benchmark,pinball_0.1,0.11071826624282095,-0.3382356223872023,-1.4454182848154118,382
2014,2015,MDG,benchmark,pinball_0.1,0.6459078103613276,3.132298074903048,-3.3267800287102283,382
2014,2015,MEX,benchmark,pinball_0.1,0.8071611107743437,2.702323430240256,-5.369287677503181,382
2014,2015,MLT,benchmark,pinball_0.1,1.0759583947329716,9.620703028421817,-1.138880918907899,382
2014,2015,MNE,benchmark,pinball_0.1,0.4791027829635082,2.5230633397557085,-2.2679644898793736,382
2014,2015,MUS,benchmark,pinball_0.1,0.40057028863743666,3.71766362108832,4.162741719574361,382
2014,2015,MYS,benchmark,pinball_0.1,0.9168176938236098,5.091532421550113,-4.0766445166859855,382
2014,2015,NIC,benchmark,pinball_0.1,0.12193831752734403,4.792267683326969,3.5728845080535288,382
2014,2015,NLD,benchmark,pinball_0.1,0.14150171152194474,2.120640071935441,0.7056229567159937,382
2014,2015,NOR,benchmark,pinball_0.1,0.1879780363015589,2.0442884550143816,0.16450809199879268,382
2014,2015,PAN,benchmark,pinball_0.1,2.9733670164380404,5.266917195955159,8.57065832533076,382
2014,2015,PER,benchmark,pinball_0.1,2.27579334732006,3.252244772184511,5.780904046984578,382
2014,2015,PHL,benchmark,pinball_0.1,0.5457287968775077,6.348309716727613,0.8910217479525359,382
2014,2015,POL,benchmark,pinball_0.1,0.14821960309612994,4.431767002644776,2.9495709716834764,382
2014,2015,PRT,benchmark,pinball_0.1,0.28492061749181324,1.58979803702681,-1.259408137891322,382
2014,2015,PRY,benchmark,pinball_0.1,0.576759608015493,2.957151683670787,-2.810444396484143,382
2014,2015,PSE,benchmark,pinball_0.1,2.0143783809210563,3.721299671147875,5.959497872171271,382
2014,2015,ROU,benchmark,pinball_0.1,0.20232409024034625,3.157036054385401,1.1337951519819383,382
2014,2015,RUS,benchmark,pinball_0.1,0.7621170211033245,-1.9727192264298024,-1.1259225363149974,382
2014,2015,RWA,benchmark,pinball_0.1,0.23460189877620624,8.870367528727428,6.524348540965366,382
2014,2015,SAU,benchmark,pinball_0.1,1.673814591699243,4.655123166526991,6.514917157303928,382
2014,2015,SGP,benchmark,pinball_0.1,0.2917268593738999,2.976799316348064,3.3009402712079527,382
2014,2015,SLB,benchmark,pinball_0.1,2.788398118870381,1.675786120308146,4.774006252386347,382
2014,2015,SLV,benchmark,pinball_0.1,0.06036572876892565,2.400000088521153,1.7963428008318965,382
2014,2015,SVK,benchmark,pinball_0.1,0.5461457667114895,5.176879097221331,-0.2845785698935641,382
2014,2015,SVN,benchmark,pinball_0.1,0.25438189617832657,2.3933062133816776,-0.1505127484015878,382
2014,2015,SYC,benchmark,pinball_0.1,0.40413106915198727,8.914008875046903,4.872698183527031,382
2014,2015,TCD,benchmark,pinball_0.1,0.1528919932772297,3.30415979779805,3.4740397903283053,382
2014,2015,THA,benchmark,pinball_0.1,0.455544691632333,3.1340472491163496,-1.4213996672069809,382
2014,2015,TJK,benchmark,pinball_0.1,0.6735354050355863,6.019303317711859,6.767675989973622,382
2014,2015,TUR,benchmark,pinball_0.1,0.17970028840225494,5.805573866286835,4.008570982264286,382
2014,2015,TZA,benchmark,pinball_0.1,0.21052172277307452,6.160628774066822,4.055411546336077,382
2014,2015,UGA,benchmark,pinball_0.1,0.8890899720474627,5.187859860024659,6.175737606744062,382
2014,2015,UKR,benchmark,pinball_0.1,7.291437523821102,-9.772987212867603,-1.6713899641774899,382
2014,2015,USA,benchmark,pinball_0.1,0.34643904391667824,2.945550452273366,-0.5188399868934157,382
2014,2015,VNM,benchmark,pinball_0.1,0.22317163731606451,6.98715430598611,4.755437932825465,382
2014,2015,VUT,benchmark,pinball_0.1,0.14486229445243604,3.5010126896209783,2.052389745096618,382
2014,2015,XKX,benchmark,pinball_0.1,0.4202510033828995,5.916231283452106,1.713721249623111,382
2014,2015,ZAF,benchmark,pinball_0.1,0.02322464851850714,1.3218622367822943,1.089615751597223,382
2014,2015,ZMB,benchmark,pinball_0.1,2.2671787327114226,2.920375112179613,5.439462592970083,382
2014,2015,ALB,benchmark,pinball_0.5,1.4163342532366732,2.2277040745779004,-0.6049644318954459,382
2014,2015,ARM,benchmark,pinball_0.5,1.14327532587191,3.1999999989662484,5.486550650710068,382
2014,2015,AUS,benchmark,pinball_0.5,0.0867697633969664,2.164347806478517,2.33788733327245,382
2014,2015,AUT,benchmark,pinball_0.5,0.469965968012244,1.3035233182619803,2.2434552542864683,382
2014,2015,BEL,benchmark,pinball_0.5,0.347742345231165,1.474164337319266,0.7786796468569361,382
2014,2015,BGD,benchmark,pinball_0.5,0.8194350705129594,6.552639878161969,4.91376973713605,382
2014,2015,BGR,benchmark,pinball_0.5,1.3571442361240642,3.39755351999294,0.6832650477448117,382
2014,2015,BIH,benchmark,pinball_0.5,2.480027651271378,4.284130161378542,-0.675925141164214,382
2014,2015,BLR,benchmark,pinball_0.5,3.8067686427255487,-3.82957056812593,3.783966717325167,382
2014,2015,BOL,benchmark,pinball_0.5,0.4838072519003671,4.857187185086033,3.889572681285299,382
2014,2015,BRA,benchmark,pinball_0.5,3.2173243494334596,-3.545763392694255,2.8888853061726643,382
2014,2015,BTN,benchmark,pinball_0.5,0.3086539077724333,6.660801288661972,6.043493473117105,382
2014,2015,CAF,benchmark,pinball_0.5,5.226225221472804,4.337121030202312,14.789571473147921,382
2014,2015,CHE,benchmark,pinball_0.5,0.08381630924978278,1.454503364910991,1.6221359834105566,382
2014,2015,CHL,benchmark,pinball_0.5,0.3246951157938891,2.151942499811838,2.8013327313996164,382
2014,2015,CHN,benchmark,pinball_0.5,0.19156036059585446,6.981622555623673,6.598501834431964,382
2014,2015,CMR,benchmark,pinball_0.5,0.9105852499981406,5.666952987039323,3.845782487043042,382
2014,2015,COG,benchmark,pinball_0.5,0.8468283737773346,0.4151930612937633,-1.2784636862609058,382
2014,2015,COL,benchmark,pinball_0.5,0.09320768119418732,2.955901375275232,2.7694860128868575,382
2014,2015,COM,benchmark,pinball_0.5,0.39017850284094924,1.1473563226004728,1.9277133282823713,382
2014,2015,CRI,benchmark,pinball_0.5,0.5480086186537121,3.6520809300635904,2.556063692756166,382
2014,2015,CYP,benchmark,pinball_0.5,4.549654842605079,3.418920388890129,-5.680389296320031,382
2014,2015,CZE,benchmark,pinball_0.5,2.178869431919807,4.95875848915604,0.6010196253164253,382
2014,2015,DNK,benchmark,pinball_0.5,0.6492977822924946,2.104414564453009,0.8058189998680199,382
2014,2015,DZA,benchmark,pinball_0.5,0.21603794911205232,3.200000000890228,3.6320758991143327,382
2014,2015,ECU,benchmark,pinball_0.5,1.2785883958948014,0.1196921092876124,2.6768689010772153,382
2014,2015,EST,benchmark,pinball_0.5,0.7305023534697109,1.83815262882932,3.299157335768742,382
2014,2015,FIN,benchmark,pinball_0.5,0.3489978934929807,0.4665037663226741,-0.23149202066328733,382
2014,2015,FJI,benchmark,pinball_0.5,1.6486828515575092,4.501200644713649,1.2038349415986302,382
2014,2015,FRA,benchmark,pinball_0.5,0.09413902592583501,1.0667547478346222,1.2550327996862922,382
2014,2015,GAB,benchmark,pinball_0.5,0.8098854544153282,3.878899395078904,5.49867030390956,382
2014,2015,GBR,benchmark,pinball_0.5,0.0717721107392224,2.1404056003337075,2.2839498218121523,382
2014,2015,GEO,benchmark,pinball_0.5,0.6761151859297709,3.3510235026535327,4.7032538745130745,382
2014,2015,GHA,benchmark,pinball_0.5,3.172960069523768,2.120759338173343,8.466679477220879,382
2014,2015,GMB,benchmark,pinball_0.5,0.19983795003129146,4.058073803999605,4.457749704062188,382
2014,2015,GNQ,benchmark,pinball_0.5,2.5825539954678316,-9.11004114881537,-3.944933157879707,382
2014,2015,GRC,benchmark,pinball_0.5,3.8341275408115045,-0.2283018921728512,-7.89655697379586,382
2014,2015,GTM,benchmark,pinball_0.5,0.5472950824146712,4.092171700754179,2.9975815359248363,382
2014,2015,HKG,benchmark,pinball_0.5,0.437312324076534,2.387801160133435,3.262425808286503,382
2014,2015,HND,benchmark,pinball_0.5,0.7992387395928426,3.840079970939513,2.2416024917538278,382
2014,2015,HUN,benchmark,pinball_0.5,2.0989220906742774,3.6598161540695457,-0.538028027279009,382
2014,2015,IDN,benchmark,pinball_0.5,0.01700815045895565,4.876322300221233,4.910338601139144,382
2014,2015,IND,benchmark,pinball_0.5,1.3589793982745477,7.996253785679869,5.2782949891307736,382
2014,2015,IRL,benchmark,pinball_0.5,11.671735162005607,24.62398563640062,1.2805153123894049,382
2014,2015,ITA,benchmark,pinball_0.5,1.1830889909322453,0.8856676352408073,-1.4805103466236833,382
2014,2015,JPN,benchmark,pinball_0.5,0.25921357017158997,1.7999773578347489,1.281550217491569,382
2014,2015,KEN,benchmark,pinball_0.5,0.3459496396499109,4.96772112759767,4.2758218482978485,382
2014,2015,KGZ,benchmark,pinball_0.5,2.98839222655004,3.875825445124392,-2.100959007975688,382
2014,2015,KHM,benchmark,pinball_0.5,0.7572051102948802,7.207034725295117,5.692624504705356,382
2014,2015,KOR,benchmark,pinball_0.5,0.001684188543551901,2.920292673012341,2.9236610500994447,382
2014,2015,KWT,benchmark,pinball_0.5,1.5692605451703718,0.592770817217982,3.7312919075587256,382
2014,2015,LBN,benchmark,pinball_0.5,1.1982050463710934,0.4623207925975805,2.8587308853397673,382
2014,2015,LSO,benchmark,pinball_0.5,0.4617241128992724,3.1240667804454603,2.2006185546469155,382
2014,2015,LTU,benchmark,pinball_0.5,1.1530211190351514,2.8328064334323386,5.138848671502641,382
2014,2015,LUX,benchmark,pinball_0.5,0.19509245539639664,2.268365727351068,2.6585506381438613,382
2014,2015,LVA,benchmark,pinball_0.5,0.1657297914466882,3.783367120849718,3.4519075379563415,382
2014,2015,MAR,benchmark,pinball_0.5,0.1428973137520817,4.344582976352385,4.058788348848221,382
2014,2015,MDA,benchmark,pinball_0.5,3.7891707998933786,-0.3382356223872023,7.240105977399555,382
2014,2015,MDG,benchmark,pinball_0.5,0.5855889146298647,3.132298074903048,1.9611202456433183,382
2014,2015,MEX,benchmark,pinball_0.5,0.5655048191428751,2.702323430240256,1.571313791954506,382
2014,2015,MLT,benchmark,pinball_0.5,3.063465146766312,9.620703028421817,3.493772734889193,382
2014,2015,MNE,benchmark,pinball_0.5,0.24747504067731985,2.5230633397557085,2.028113258401069,382
2014,2015,MUS,benchmark,pinball_0.5,0.4132414058336733,3.71766362108832,2.891180809420973,382
2014,2015,MYS,benchmark,pinball_0.5,0.7395641134069022,5.091532421550113,3.6124041947363086,382
2014,2015,NIC,benchmark,pinball_0.5,0.19591007555283912,4.792267683326969,4.400447532221291,382
2014,2015,NLD,benchmark,pinball_0.5,0.7000478665762291,2.120640071935441,0.7205443387829829,382
2014,2015,NOR,benchmark,pinball_0.5,0.3879374526128556,2.0442884550143816,1.2684135497886704,382
2014,2015,PAN,benchmark,pinball_0.5,0.687045939924007,5.266917195955159,6.641009075803173,382
2014,2015,PER,benchmark,pinball_0.5,1.0077913553052062,3.252244772184511,5.267827482794924,382
2014,2015,PHL,benchmark,pinball_0.5,0.6158098666489673,6.348309716727613,5.116689983429678,382
2014,2015,POL,benchmark,pinball_0.5,0.7683777964026524,4.431767002644776,2.895011409839471,382
2014,2015,PRT,benchmark,pinball_0.5,1.49558642742421,1.58979803702681,-1.40137481782161,382
2014,2015,PRY,benchmark,pinball_0.5,0.8104141806224866,2.957151683670787,1.336323322425814,382
2014,2015,PSE,benchmark,pinball_0.5,0.7946704044785928,3.721299671147875,5.310640480105061,382
2014,2015,ROU,benchmark,pinball_0.5,1.8297048188278275,3.157036054385401,-0.5023735832702543,382
2014,2015,RUS,benchmark,pinball_0.5,1.847697594171025,-1.9727192264298024,1.7226759619122474,382
2014,2015,RWA,benchmark,pinball_0.5,0.7448861664147328,8.870367528727428,7.380595195897962,382
2014,2015,SAU,benchmark,pinball_0.5,0.6716084085470344,4.655123166526991,5.99833998362106,382
2014,2015,SGP,benchmark,pinball_0.5,0.9208014285533803,2.976799316348064,4.818402173454825,382
2014,2015,SLB,benchmark,pinball_0.5,1.570484183115691,1.675786120308146,4.816754486539528,382
2014,2015,SLV,benchmark,pinball_0.5,0.032285215860072825,2.400000088521153,2.3354296568010073,382
2014,2015,SVK,benchmark,pinball_0.5,1.7722754181015064,5.176879097221331,1.6323282610183183,382
2014,2015,SVN,benchmark,pinball_0.5,0.9956962842364483,2.3933062133816776,0.401913644908781,382
2014,2015,SYC,benchmark,pinball_0.5,3.1114958648085635,8.914008875046903,2.691017145429776,382
2014,2015,TCD,benchmark,pinball_0.5,3.762938726085739,3.30415979779805,10.830037249969529,382
2014,2015,THA,benchmark,pinball_0.5,1.0423982661606925,3.1340472491163496,1.0492507167949645,382
2014,2015,TJK,benchmark,pinball_0.5,0.12947651605795052,6.019303317711859,5.760350285595958,382
2014,2015,TUR,benchmark,pinball_0.5,0.009230752498288197,5.805573866286835,5.824035371283411,382
2014,2015,TZA,benchmark,pinball_0.5,0.9888998863989729,6.160628774066822,4.1828290012688765,382
2014,2015,UGA,benchmark,pinball_0.5,0.5839726612913889,5.187859860024659,4.019914537441881,382
2014,2015,UKR,benchmark,pinball_0.5,5.5825222531385155,-9.772987212867603,1.3920572934094277,382
2014,2015,USA,benchmark,pinball_0.5,0.7128006506302915,2.945550452273366,1.5199491510127832,382
2014,2015,VNM,benchmark,pinball_0.5,0.6667919976293644,6.98715430598611,5.653570310727381,382
2014,2015,VUT,benchmark,pinball_0.5,1.4913604093771664,3.5010126896209783,0.5182918708666455,382
2014,2015,XKX,benchmark,pinball_0.5,2.7841395354102194,5.916231283452106,0.3479522126316672,382
2014,2015,ZAF,benchmark,pinball_0.5,0.5869870624941386,1.3218622367822943,2.4958363617705714,382
2014,2015,ZMB,benchmark,pinball_0.5,1.2598533255133466,2.920375112179613,5.440081763206306,382
2014,2015,ALB,benchmark,pinball_0.9,1.6897476916614738,2.2277040745779004,0.3502066393984853,382
2014,2015,ARM,benchmark,pinball_0.9,0.2785041537217812,3.1999999989662484,5.985041536184061,382
2014,2015,AUS,benchmark,pinball_0.9,0.15397736478514454,2.164347806478517,3.7041214543299628,382
2014,2015,AUT,benchmark,pinball_0.9,0.127988305332393,1.3035233182619803,2.5834063715859106,382
2014,2015,BEL,benchmark,pinball_0.9,0.12709789510772684,1.474164337319266,2.7451432883965348,382
2014,2015,BGD,benchmark,pinball_0.9,1.5550700911288196,6.552639878161969,4.82478422135217,382
2014,2015,BGR,benchmark,pinball_0.9,2.289573022111864,3.39755351999294,0.8535834954242021,382
2014,2015,BIH,benchmark,pinball_0.9,1.7406081327290543,4.284130161378542,2.350121125012926,382
2014,2015,BLR,benchmark,pinball_0.9,0.9788964585823066,-3.82957056812593,5.959394017697138,382
2014,2015,BOL,benchmark,pinball_0.9,0.08603893194531097,4.857187185086033,5.717576504539143,382
2014,2015,BRA,benchmark,pinball_0.9,1.0365402302399238,-3.545763392694255,6.8196389097049845,382
2014,2015,BTN,benchmark,pinball_0.9,0.08637250922229463,6.660801288661972,6.564831833970533,382
2014,2015,CAF,benchmark,pinball_0.9,0.8715534759506417,4.337121030202312,13.05265578970873,382
2014,2015,CHE,benchmark,pinball_0.9,0.24239919729916792,1.454503364910991,3.8784953379026708,382
2014,2015,CHL,benchmark,pinball_0.9,0.2784939554834327,2.151942499811838,4.936882054646166,382
2014,2015,CHN,benchmark,pinball_0.9,0.040406746473732984,6.981622555623673,7.385690020361003,382
2014,2015,CMR,benchmark,pinball_0.9,1.0310108275896654,5.666952987039323,4.521385400828584,382
2014,2015,COG,benchmark,pinball_0.9,1.1790820024911672,0.4151930612937633,12.206013086205438,382
2014,2015,COL,benchmark,pinball_0.9,0.28426119116478693,2.955901375275232,5.798513286923102,382
2014,2015,COM,benchmark,pinball_0.9,0.2381548811501203,1.1473563226004728,3.5289051341016764,382
2014,2015,CRI,benchmark,pinball_0.9,0.16937777115756894,3.6520809300635904,5.34585864163928,382
2014,2015,CYP,benchmark,pinball_0.9,8.646149976598487,3.418920388890129,-6.187912918441523,382
2014,2015,CZE,benchmark,pinball_0.9,2.1708942548978283,4.95875848915604,2.546653761491786,382
2014,2015,DNK,benchmark,pinball_0.9,0.5413912341886753,2.104414564453009,1.5028687486878143,382
2014,2015,DZA,benchmark,pinball_0.9,0.1667725434719908,3.200000000890228,4.8677254356101365,382
2014,2015,ECU,benchmark,pinball_0.9,0.680373245420457,0.1196921092876124,6.923424563492183,382
2014,2015,EST,benchmark,pinball_0.9,0.5522351708457713,1.83815262882932,7.360504337287035,382
2014,2015,FIN,benchmark,pinball_0.9,0.22707538867724691,0.4665037663226741,2.737257653095144,382
2014,2015,FJI,benchmark,pinball_0.9,0.6554544942489544,4.501200644713649,3.7729178733259214,382
2014,2015,FRA,benchmark,pinball_0.9,0.06525850948300939,1.0667547478346222,1.7193398426647162,382
2014,2015,GAB,benchmark,pinball_0.9,0.16384652350408999,3.878899395078904,5.517364630119804,382
2014,2015,GBR,benchmark,pinball_0.9,0.17597181648749216,2.1404056003337075,3.9001237652086296,382
2014,2015,GEO,benchmark,pinball_0.9,0.34618659312201433,3.3510235026535327,6.812889433873677,382
2014,2015,GHA,benchmark,pinball_0.9,1.0835258458964447,2.120759338173343,12.956017797137793,382
2014,2015,GMB,benchmark,pinball_0.9,0.18136206098194693,4.058073803999605,5.871694413819075,382
2014,2015,GNQ,benchmark,pinball_0.9,1.069405528285816,-9.11004114881537,1.5840141340427927,382
2014,2015,GRC,benchmark,pinball_0.9,7.9302248535282835,-0.2283018921728512,-9.039662840537611,382
2014,2015,GTM,benchmark,pinball_0.9,0.7698118298426123,4.092171700754179,3.236825223151276,382
2014,2015,HKG,benchmark,pinball_0.9,0.08292095100999733,2.387801160133435,3.2170106702334085,382
2014,2015,HND,benchmark,pinball_0.9,0.01338264860626128,3.840079970939513,3.973906457002126,382
2014,2015,HUN,benchmark,pinball_0.9,1.6950444130181148,3.6598161540695457,1.7764334729383071,382
2014,2015,IDN,benchmark,pinball_0.9,0.08979417977397659,4.876322300221233,5.774264097960999,382
2014,2015,IND,benchmark,pinball_0.9,0.5554751062485523,7.996253785679869,7.3790592231814776,382
2014,2015,IRL,benchmark,pinball_0.9,19.106979240545865,24.62398563640062,3.3940087024607704,382
2014,2015,ITA,benchmark,pinball_0.9,1.393757230242823,0.8856676352408073,-0.6629515094734404,382
2014,2015,JPN,benchmark,pinball_0.9,0.06856937521770293,1.7999773578347489,2.4856711100117783,382
2014,2015,KEN,benchmark,pinball_0.9,0.07378999836241176,4.96772112759767,5.705621111221788,382
2014,2015,KGZ,benchmark,pinball_0.9,0.5306497052201794,3.875825445124392,9.182322497326187,382
2014,2015,KHM,benchmark,pinball_0.9,0.656019217293241,7.207034725295117,6.478124483858182,382
2014,2015,KOR,benchmark,pinball_0.9,0.05818362987559661,2.920292673012341,3.502128971768307,382
2014,2015,KWT,benchmark,pinball_0.9,0.9620530394892277,0.592770817217982,10.213301212110261,382
2014,2015,LBN,benchmark,pinball_0.9,0.16276815315905688,0.4623207925975805,2.09000232418815,382
2014,2015,LSO,benchmark,pinball_0.9,0.34620499272216015,3.1240667804454603,6.586116707667062,382
2014,2015,LTU,benchmark,pinball_0.9,0.4402874419667389,2.8328064334323386,7.235680853099729,382
2014,2015,LUX,benchmark,pinball_0.9,0.015731345249704185,2.268365727351068,2.42567917984811,382
2014,2015,LVA,benchmark,pinball_0.9,0.1550180241990011,3.783367120849718,5.333547362839729,382
2014,2015,MAR,benchmark,pinball_0.9,0.03484341616627801,4.344582976352385,4.693017138015165,382
2014,2015,MDA,benchmark,pinball_0.9,0.7786390065740807,-0.3382356223872023,7.448154443353607,382
2014,2015,MDG,benchmark,pinball_0.9,0.14028970284777764,3.132298074903048,4.535195103380825,382
2014,2015,MEX,benchmark,pinball_0.9,0.20909864286626165,2.702323430240256,4.793309858902873,382
2014,2015,MLT,benchmark,pinball_0.9,4.030810620221543,9.620703028421817,5.142024561508991,382
2014,2015,MNE,benchmark,pinball_0.9,0.2715448395637453,2.5230633397557085,2.221346851351547,382
2014,2015,MUS,benchmark,pinball_0.9,0.3107205180885273,3.71766362108832,3.372418600989956,382
2014,2015,MYS,benchmark,pinball_0.9,0.009695637391332479,5.091532421550113,5.080759491115299,382
2014,2015,NIC,benchmark,pinball_0.9,0.17202610480883265,4.792267683326969,6.512528731415296,382
2014,2015,NLD,benchmark,pinball_0.9,0.013641994459088022,2.120640071935441,2.2570600165263213,382
2014,2015,NOR,benchmark,pinball_0.9,0.09397192841665622,2.0442884550143816,2.984007739180944,382
2014,2015,PAN,benchmark,pinball_0.9,0.5157625475427694,5.266917195955159,10.424542671382854,382
2014,2015,PER,benchmark,pinball_0.9,0.2858742617697296,3.252244772184511,6.1109873898818075,382
2014,2015,PHL,benchmark,pinball_0.9,0.017264073316427094,6.348309716727613,6.520950449891884,382
2014,2015,POL,benchmark,pinball_0.9,0.11142477313603558,4.431767002644776,5.546014734005132,382
2014,2015,PRT,benchmark,pinball_0.9,0.14210472472397093,1.58979803702681,1.4319038984446202,382
2014,2015,PRY,benchmark,pinball_0.9,0.5264424279634993,2.957151683670787,8.221575963305781,382
2014,2015,PSE,benchmark,pinball_0.9,0.6192877505058645,3.721299671147875,9.914177176206522,382
2014,2015,ROU,benchmark,pinball_0.9,1.8384632041269329,3.157036054385401,1.114299160911031,382
2014,2015,RUS,benchmark,pinball_0.9,0.694100980530048,-1.9727192264298024,4.968290578870679,382
2014,2015,RWA,benchmark,pinball_0.9,0.13834857821801358,8.870367528727428,10.253853310907564,382
2014,2015,SAU,benchmark,pinball_0.9,0.67241993465458,4.655123166526991,11.379322513072793,382
2014,2015,SGP,benchmark,pinball_0.9,0.5795770327272024,2.976799316348064,8.77256964362009,382
2014,2015,SLB,benchmark,pinball_0.9,0.29213077422872014,1.675786120308146,4.597093862595348,382
2014,2015,SLV,benchmark,pinball_0.9,0.08373904344033666,2.400000088521153,3.2373905229245197,382
2014,2015,SVK,benchmark,pinball_0.9,0.16504264959120057,5.176879097221331,6.827305593133337,382
2014,2015,SVN,benchmark,pinball_0.9,1.5390243742975196,2.3933062133816776,0.6832791308288781,382
2014,2015,SYC,benchmark,pinball_0.9,4.914804259760011,8.914008875046903,3.453115253091336,382
2014,2015,TCD,benchmark,pinball_0.9,0.8556142120117137,3.30415979779805,11.860301917915189,382
2014,2015,THA,benchmark,pinball_0.9,0.4147651562094423,3.1340472491163496,7.281698811210774,382
2014,2015,TJK,benchmark,pinball_0.9,0.2657075121170017,6.019303317711859,5.724072748692969,382
2014,2015,TUR,benchmark,pinball_0.9,0.2574404146215769,5.805573866286835,8.379978012502605,382
2014,2015,TZA,benchmark,pinball_0.9,0.004966760801015012,6.160628774066822,6.210296382076972,382
2014,2015,UGA,benchmark,pinball_0.9,1.9189707149141264,5.187859860024659,3.055670176786741,382
2014,2015,UKR,benchmark,pinball_0.9,1.0308744666467062,-9.772987212867603,0.5357574535994603,382
2014,2015,USA,benchmark,pinball_0.9,0.25466696464406713,2.945550452273366,2.6625871582244027,382
2014,2015,VNM,benchmark,pinball_0.9,0.020607590789343527,6.98715430598611,7.193230213879545,382
2014,2015,VUT,benchmark,pinball_0.9,3.053669051870595,3.5010126896209783,0.1080470764314283,382
2014,2015,XKX,benchmark,pinball_0.9,1.4390816511427587,5.916231283452106,4.317251671071263,382
2014,2015,ZAF,benchmark,pinball_0.9,0.21061881319463188,1.3218622367822943,3.4280503687286132,382
2014,2015,ZMB,benchmark,pinball_0.9,0.34279490913163063,2.920375112179613,6.34832420349592,382
2014,2015,ALB,disinformation,squared_error,4.647719530828106,2.2277040745779004,0.07184704526725838,382
2014,2015,ARM,disinformation,squared_error,1.868206985695814,3.1999999989662484,4.566823683899976,382
2014,2015,AUS,disinformation,squared_error,0.04762589101204026,2.164347806478517,2.382581376334395,382
2014,2015,AUT,disinformation,squared_error,0.1278790487178856,1.3035233182619803,0.9459215163679104,382
2014,2015,BEL,disinformation,squared_error,0.045631154872858515,1.474164337319266,1.2605498367045875,382
2014,2015,BGD,disinformation,squared_error,3.777424522607037,6.552639878161969,4.609080122814314,382
2014,2015,BGR,disinformation,squared_error,2.3585210391156632,3.39755351999294,1.8618058066247374,382
2014,2015,BIH,disinformation,squared_error,16.714518797667637,4.284130161378542,0.19579079218869477,382
2014,2015,BLR,disinformation,squared_error,34.819302597748184,-3.82957056812593,2.071217734952582,382
2014,2015,BOL,disinformation,squared_error,0.11257548525183736,4.857187185086033,4.521664480560934,382
2014,2015,BRA,disinformation,squared_error,46.77342233902037,-3.545763392694255,3.2933463694765766,382
2014,2015,BTN,disinformation,squared_error,4.558154591859276,6.660801288661972,4.525817777751577,382
2014,2015,CAF,disinformation,squared_error,40.22132613871834,4.337121030202312,-2.004907520562682,382
2014,2015,CHE,disinformation,squared_error,0.06226507777604528,1.454503364910991,1.7040330781237572,382
2014,2015,CHL,disinformation,squared_error,0.050166219613568604,2.151942499811838,2.3759206675281774,382
2014,2015,CHN,disinformation,squared_error,0.4564752987215984,6.981622555623673,6.3059929983057605,382
2014,2015,CMR,disinformation,squared_error,2.7810431307254757,5.666952987039323,3.999307002207568,382
2014,2015,COG,disinformation,squared_error,25.383028202658696,0.4151930612937633,5.453350284193689,382
2014,2015,COL,disinformation,squared_error,0.2128126349491213,2.955901375275232,2.494585176828742,382
2014,2015,COM,disinformation,squared_error,2.0894665945324253,1.1473563226004728,2.592855058169766,382
2014,2015,CRI,disinformation,squared_error,0.08933805920866406,3.6520809300635904,3.353186200754651,382
2014,2015,CYP,disinformation,squared_error,38.962549469860164,3.418920388890129,-2.8230784472087826,382
2014,2015,CZE,disinformation,squared_error,8.475669094289866,4.95875848915604,2.0474582479768744,382
2014,2015,DNK,disinformation,squared_error,1.1335697447015303,2.104414564453009,1.039722240491983,382
2014,2015,DZA,disinformation,squared_error,0.0034609914333415723,3.200000000890228,3.141169809378203,382
2014,2015,ECU,disinformation,squared_error,7.270751558138507,0.1196921092876124,2.816125226970769,382
2014,2015,EST,disinformation,squared_error,4.3478163865695745,1.83815262882932,3.923294443327695,382
2014,2015,FIN,disinformation,squared_error,1.2773801454639937,0.4665037663226741,-0.6637086674542658,382
2014,2015,FJI,disinformation,squared_error,17.849290595520422,4.501200644713649,0.2763585653548919,382
2014,2015,FRA,disinformation,squared_error,0.040225346631383635,1.0667547478346222,1.2673173231855177,382
2014,2015,GAB,disinformation,squared_error,1.4450998863979725,3.878899395078904,5.081022469642392,382
2014,2015,GBR,disinformation,squared_error,0.44655100020533256,2.1404056003337075,1.4721608845256942,382
2014,2015,GEO,disinformation,squared_error,0.378746414468599,3.3510235026535327,3.9664472708560607,382
2014,2015,GHA,disinformation,squared_error,34.38764688900235,2.120759338173343,7.9848574690884755,382
2014,2015,GMB,disinformation,squared_error,3.0540249984842425,4.058073803999605,2.3104969105599364,382
2014,2015,GNQ,disinformation,squared_error,87.67070674891097,-9.11004114881537,0.25322253159601704,382
2014,2015,GRC,disinformation,squared_error,69.47973548793657,-0.2283018921728512,-8.563752419165173,382
2014,2015,GTM,disinformation,squared_error,0.8612936972265739,4.092171700754179,3.164112598527077,382
2014,2015,HKG,disinformation,squared_error,2.5556438888590884,2.387801160133435,3.9864392958161443,382
2014,2015,HND,disinformation,squared_error,0.15539293557169795,3.840079970939513,3.4458808644315226,382
2014,2015,HUN,disinformation,squared_error,7.853312641175445,3.6598161540695457,0.8574399050309827,382
2014,2015,IDN,disinformation,squared_error,5.508267535361549e-06,4.876322300221233,4.873975330358759,382
2014,2015,IND,disinformation,squared_error,11.211882228874083,7.996253785679869,4.6478389026532625,382
2014,2015,IRL,disinformation,squared_error,534.116137590015,24.62398563640062,1.51303287391125,382
2014,2015,ITA,disinformation,squared_error,2.261326487952033,0.8856676352408073,-0.6181031212084704,382
2014,2015,JPN,disinformation,squared_error,0.004250936555884062,1.7999773578347489,1.8651765645468252,382
2014,2015,KEN,disinformation,squared_error,2.1983576541781322,4.96772112759767,3.485035168205685,382
2014,2015,KGZ,disinformation,squared_error,2.4522313964753173,3.875825445124392,2.3098652296414706,382
2014,2015,KHM,disinformation,squared_error,1.5754371603577084,7.207034725295117,5.951870528722529,382
2014,2015,KOR,disinformation,squared_error,0.04876558698720652,2.920292673012341,2.6994633565998534,382
2014,2015,KWT,disinformation,squared_error,8.5845667122569,0.592770817217982,3.522713941624478,382
2014,2015,LBN,disinformation,squared_error,3.955582990217998,0.4623207925975805,2.451185541698936,382
2014,2015,LSO,disinformation,squared_error,0.10406804494582526,3.1240667804454603,3.4466625723365283,382
2014,2015,LTU,disinformation,squared_error,3.9389523672196396,2.8328064334323386,4.817485845130772,382
2014,2015,LUX,disinformation,squared_error,0.0137563155030751,2.268365727351068,2.3856530476507283,382
2014,2015,LVA,disinformation,squared_error,0.391551664682021,3.783367120849718,3.1576262282415866,382
2014,2015,MAR,disinformation,squared_error,0.002627802613509641,4.344582976352385,4.395845073593033,382
2014,2015,MDA,disinformation,squared_error,8.913584386805397,-0.3382356223872023,2.6473270359412737,382
2014,2015,MDG,disinformation,squared_error,1.957743474192836,3.132298074903048,1.7331042090671387,382
2014,2015,MEX,disinformation,squared_error,0.5174033735901378,2.702323430240256,1.9830158648760805,382
2014,2015,MLT,disinformation,squared_error,50.74225583118281,9.620703028421817,2.4973431588670847,382
2014,2015,MNE,disinformation,squared_error,3.7158209698246654,2.5230633397557085,0.5954168550950316,382
2014,2015,MUS,disinformation,squared_error,0.5792549432991072,3.71766362108832,2.956575621380594,382
2014,2015,MYS,disinformation,squared_error,9.891080578189394,5.091532421550113,1.9465235856023675,382
2014,2015,NIC,disinformation,squared_error,0.3252344938234868,4.792267683326969,4.221974343173424,382
2014,2015,NLD,disinformation,squared_error,0.10419044617237856,2.120640071935441,1.797854622801843,382
2014,2015,NOR,disinformation,squared_error,0.20170592257821954,2.0442884550143816,1.5951716299251633,382
2014,2015,PAN,disinformation,squared_error,5.687451693153189,5.266917195955159,7.6517550716090135,382
2014,2015,PER,disinformation,squared_error,2.551081347043493,3.252244772184511,4.8494552614574475,382
2014,2015,PHL,disinformation,squared_error,6.987790317922505,6.348309716727613,3.7048668257381925,382
2014,2015,POL,disinformation,squared_error,2.2288176522977494,4.431767002644776,2.938844482117421,382
2014,2015,PRT,disinformation,squared_error,4.604875435554026,1.58979803702681,-0.5560993126975484,382
2014,2015,PRY,disinformation,squared_error,0.2869850041412443,2.957151683670787,2.4214418703004847,382
2014,2015,PSE,disinformation,squared_error,4.484434832507137,3.721299671147875,5.838948091567832,382
2014,2015,ROU,disinformation,squared_error,12.433786838546816,3.157036054385401,-0.36912146316069094,382
2014,2015,RUS,disinformation,squared_error,26.639102066815628,-1.9727192264298024,3.1885889475524127,382
2014,2015,RWA,disinformation,squared_error,2.7954591484806293,8.870367528727428,7.198404865124969,382
2014,2015,SAU,disinformation,squared_error,9.80953993820915,4.655123166526991,7.787141675126382,382
2014,2015,SGP,disinformation,squared_error,3.4587759557768414,2.976799316348064,4.83657778589137,382
2014,2015,SLB,disinformation,squared_error,7.816807979462618,1.675786120308146,4.471641620769967,382
2014,2015,SLV,disinformation,squared_error,0.0005243195782715364,2.400000088521153,2.3771020628798114,382
2014,2015,SVK,disinformation,squared_error,3.8972333833366153,5.176879097221331,3.2027379210800158,382
2014,2015,SVN,disinformation,squared_error,3.7636827852236254,2.3933062133816776,0.45328487710116505,382
2014,2015,SYC,disinformation,squared_error,34.51521903287448,8.914008875046903,3.0390434255421592,382
2014,2015,TCD,disinformation,squared_error,13.181914770087781,3.30415979779805,6.934850471772877,382
2014,2015,THA,disinformation,squared_error,0.9253297641004592,3.1340472491163496,2.1721066251168955,382
2014,2015,TJK,disinformation,squared_error,0.48541207930231844,6.019303317711859,5.322588110972177,382
2014,2015,TUR,disinformation,squared_error,0.14827584709728397,5.805573866286835,5.420507836757763,382
2014,2015,TZA,disinformation,squared_error,1.618889968256594,6.160628774066822,4.888272704306241,382
2014,2015,UGA,disinformation,squared_error,3.457084456913144,5.187859860024659,3.328536204252716,382
2014,2015,UKR,disinformation,squared_error,123.87975132713647,-9.772987212867603,1.35714087836012,382
2014,2015,USA,disinformation,squared_error,2.3036100032190694,2.945550452273366,1.4277856472989363,382
2014,2015,VNM,disinformation,squared_error,6.158557628580251,6.98715430598611,4.505510167802665,382
2014,2015,VUT,disinformation,squared_error,8.454272051317616,3.5010126896209783,0.5933895965572269,382
2014,2015,XKX,disinformation,squared_error,13.513063263327723,5.916231283452106,2.2402194141394234,382
2014,2015,ZAF,disinformation,squared_error,2.0975389011169163,1.3218622367822943,2.770150502673072,382
2014,2015,ZMB,disinformation,squared_error,7.55224937928365,2.920375112179613,5.668510730973498,382
2014,2015,ALB,disinformation,pinball_0.1,0.03018558354863208,2.2277040745779004,1.9258482390915797,382
2014,2015,ARM,disinformation,pinball_0.1,0.8858870279340741,3.1999999989662484,4.1843189188929975,382
2014,2015,AUS,disinformation,pinball_0.1,0.003177571297281423,2.164347806478517,2.132572093505703,382
2014,2015,AUT,disinformation,pinball_0.1,0.3247537140173684,1.3035233182619803,-1.9440138219117034,382
2014,2015,BEL,disinformation,pinball_0.1,0.07383578848306575,1.474164337319266,0.7358064524886085,382
2014,2015,BGD,disinformation,pinball_0.1,0.05036462842130529,6.552639878161969,6.048993593948916,382
2014,2015,BGR,disinformation,pinball_0.1,0.126294274442292,3.39755351999294,2.13461077557002,382
2014,2015,BIH,disinformation,pinball_0.1,0.4850319868502295,4.284130161378542,-0.5661897071237529,382
2014,2015,BLR,disinformation,pinball_0.1,3.8448161942940446,-3.82957056812593,0.442447425534119,382
2014,2015,BOL,disinformation,pinball_0.1,0.08200379376682072,4.857187185086033,4.037149247417826,382
2014,2015,BRA,disinformation,pinball_0.1,4.655212421225023,-3.545763392694255,1.626694853111326,382
2014,2015,BTN,disinformation,pinball_0.1,0.2042778410667678,6.660801288661972,4.618022877994294,382
2014,2015,CAF,disinformation,pinball_0.1,1.9472033794380845,4.337121030202312,-15.134912764178534,382
2014,2015,CHE,disinformation,pinball_0.1,0.2169408384289028,1.454503364910991,-0.7149050193780371,382
2014,2015,CHL,disinformation,pinball_0.1,1.3155623869838025,2.151942499811838,3.6136784853493964,382
2014,2015,CHN,disinformation,pinball_0.1,0.6233118121539648,6.981622555623673,7.674191235794745,382
2014,2015,CMR,disinformation,pinball_0.1,0.18279947986292902,5.666952987039323,3.8389581884100332,382
2014,2015,COG,disinformation,pinball_0.1,0.09297250196781487,0.4151930612937633,-0.5145319583843853,382
2014,2015,COL,disinformation,pinball_0.1,0.19837846680577276,2.955901375275232,0.9721167072175045,382
2014,2015,COM,disinformation,pinball_0.1,1.438804454477757,1.1473563226004728,2.7460279386868693,382
2014,2015,CRI,disinformation,pinball_0.1,0.13367818345112453,3.6520809300635904,2.315299095552345,382
2014,2015,CYP,disinformation,pinball_0.1,0.4170333146586696,3.418920388890129,-0.751412757696567,382
2014,2015,CZE,disinformation,pinball_0.1,0.34115755747747356,4.95875848915604,1.5471829143813045,382
2014,2015,DNK,disinformation,pinball_0.1,0.13853814928071137,2.104414564453009,0.7190330716458952,382
2014,2015,DZA,disinformation,pinball_0.1,0.2121167458753881,3.200000000890228,1.078832542136347,382
2014,2015,ECU,disinformation,pinball_0.1,0.1496333118170616,0.1196921092876124,-1.3766410088830037,382
2014,2015,EST,disinformation,pinball_0.1,0.13678941932849545,1.83815262882932,0.47025843554436564,382
2014,2015,FIN,disinformation,pinball_0.1,0.6029900222332133,0.4665037663226741,-5.563396456009459,382
2014,2015,FJI,disinformation,pinball_0.1,0.8389564304274612,4.501200644713649,-3.8883636595609614,382
2014,2015,FRA,disinformation,pinball_0.1,0.0053928907728273195,1.0667547478346222,1.012825840106349,382
2014,2015,GAB,disinformation,pinball_0.1,1.4210557968385362,3.878899395078904,5.457850280455055,382
2014,2015,GBR,disinformation,pinball_0.1,0.48461479351167186,2.1404056003337075,-2.7057423347830105,382
2014,2015,GEO,disinformation,pinball_0.1,0.3308291393863471,3.3510235026535327,3.7186114353050295,382
2014,2015,GHA,disinformation,pinball_0.1,5.3060556463301705,2.120759338173343,8.016376722984644,382
2014,2015,GMB,disinformation,pinball_0.1,0.948569213358907,4.058073803999605,-5.427618329589465,382
2014,2015,GNQ,disinformation,pinball_0.1,9.830539962504735,-9.11004114881537,1.8127810317454465,382
2014,2015,GRC,disinformation,pinball_0.1,0.816974923061833,-0.2283018921728512,-8.39805112279118,382
2014,2015,GTM,disinformation,pinball_0.1,0.15334877468310384,4.092171700754179,2.5586839539231403,382
2014,2015,HKG,disinformation,pinball_0.1,1.6087019428830212,2.387801160133435,4.175247763336792,382
2014,2015,HND,disinformation,pinball_0.1,0.08159612021623613,3.840079970939513,3.024118768777152,382
2014,2015,HUN,disinformation,pinball_0.1,0.4034500932908241,3.6598161540695457,-0.37468477883869555,382
2014,2015,IDN,disinformation,pinball_0.1,0.6117356514384368,4.876322300221233,5.556028579597274,382
2014,2015,IND,disinformation,pinball_0.1,0.4189499406376417,7.996253785679869,3.806754379303453,382
2014,2015,IRL,disinformation,pinball_0.1,2.251094897032652,24.62398563640062,2.113036666074102,382
2014,2015,ITA,disinformation,pinball_0.1,0.30548670657410537,0.8856676352408073,-2.1691994305002464,382
2014,2015,JPN,disinformation,pinball_0.1,0.06639920009783695,1.7999773578347489,1.1359853568563794,382
2014,2015,KEN,disinformation,pinball_0.1,0.47362040813885786,4.96772112759767,0.23151704620909164,382
2014,2015,KGZ,disinformation,pinball_0.1,1.064982202406512,3.875825445124392,-6.773996578940728,382
2014,2015,KHM,disinformation,pinball_0.1,0.09200863202406079,7.207034725295117,6.286948405054509,382
2014,2015,KOR,disinformation,pinball_0.1,0.0014828488128065588,2.920292673012341,2.921940282804348,382
2014,2015,KWT,disinformation,pinball_0.1,0.4445466786561217,0.592770817217982,-3.8526959693432348,382
2014,2015,LBN,disinformation,pinball_0.1,1.0117370093374392,0.4623207925975805,1.586473025194735,382
2014,2015,LSO,disinformation,pinball_0.1,0.051401176647105376,3.1240667804454603,2.6100550139744065,382
2014,2015,LTU,disinformation,pinball_0.1,0.2995650816127906,2.8328064334323386,3.165656524113217,382
2014,2015,LUX,disinformation,pinball_0.1,0.1546530986911837,2.268365727351068,0.7218347404392311,382
2014,2015,LVA,disinformation,pinball_0.1,0.14307049297207303,3.783367120849718,2.352662191128988,382
2014,2015,MAR,disinformation,pinball_0.1,0.6655405364041039,4.344582976352385,5.0840724612458335,382
2014,2015,MDA,disinformation,pinball_0.1,0.11095511080559171,-0.3382356223872023,-1.4477867304431193,382
2014,2015,MDG,disinformation,pinball_0.1,0.5612359477303622,3.132298074903048,-2.480061402400574,382
2014,2015,MEX,disinformation,pinball_0.1,0.7590008997382283,2.702323430240256,-4.887685567142027,382
2014,2015,MLT,disinformation,pinball_0.1,1.067285456877593,9.620703028421817,-1.0521515403541115,382
2014,2015,MNE,disinformation,pinball_0.1,0.45031805965547744,2.5230633397557085,-1.9801172567990657,382
2014,2015,MUS,disinformation,pinball_0.1,0.22932481808990138,3.71766362108832,3.9724689745215436,382
2014,2015,MYS,disinformation,pinball_0.1,0.9172458852576751,5.091532421550113,-4.080926431026638,382
2014,2015,NIC,disinformation,pinball_0.1,0.12530228794228312,4.792267683326969,3.539244803904138,382
2014,2015,NLD,disinformation,pinball_0.1,0.14652907533621637,2.120640071935441,0.6553493185732773,382
2014,2015,NOR,disinformation,pinball_0.1,0.18302278194838673,2.0442884550143816,0.21406063553051435,382
2014,2015,PAN,disinformation,pinball_0.1,2.725446643371396,5.266917195955159,8.295191244145599,382
2014,2015,PER,disinformation,pinball_0.1,1.8079548968158554,3.252244772184511,5.26108354642435,382
2014,2015,PHL,disinformation,pinball_0.1,0.5478624131666326,6.348309716727613,0.8696855850612868,382
2014,2015,POL,disinformation,pinball_0.1,0.16951364347126302,4.431767002644776,2.7366305679321457,382
2014,2015,PRT,disinformation,pinball_0.1,0.2794058740357621,1.58979803702681,-1.2042607033308113,382
2014,2015,PRY,disinformation,pinball_0.1,0.47478559411069104,2.957151683670787,-1.7907042574361227,382
2014,2015,PSE,disinformation,pinball_0.1,1.7089118172386095,3.721299671147875,5.620090579190775,382
2014,2015,ROU,disinformation,pinball_0.1,0.1560188556539467,3.157036054385401,1.5968474978459342,382
2014,2015,RUS,disinformation,pinball_0.1,1.4109760155788829,-1.9727192264298024,-0.4049680980088215,382
2014,2015,RWA,disinformation,pinball_0.1,0.26059804380053153,8.870367528727428,6.264387090722113,382
2014,2015,SAU,disinformation,pinball_0.1,2.096870028907837,4.655123166526991,6.984978754202365,382
2014,2015,SGP,disinformation,pinball_0.1,0.2551715296407087,2.976799316348064,3.2603232381710736,382
2014,2015,SLB,disinformation,pinball_0.1,2.6539247837959916,1.675786120308146,4.624591435637026,382
2014,2015,SLV,disinformation,pinball_0.1,0.029739172835837647,2.400000088521153,2.1026083601627765,382
2014,2015,SVK,disinformation,pinball_0.1,0.5195280084550332,5.176879097221331,-0.018400987329001528,382
2014,2015,SVN,disinformation,pinball_0.1,0.26751634188197987,2.3933062133816776,-0.2818572054381212,382
2014,2015,SYC,disinformation,pinball_0.1,0.4278965818173928,8.914008875046903,4.635043056872975,382
2014,2015,TCD,disinformation,pinball_0.1,0.025913813712892166,3.30415979779805,3.332952924145708,382
2014,2015,THA,disinformation,pinball_0.1,0.40356596444643156,3.1340472491163496,-0.9016123953479663,382
2014,2015,TJK,disinformation,pinball_0.1,0.613606492126557,6.019303317711859,6.701088308963589,382
2014,2015,TUR,disinformation,pinball_0.1,0.12718510530036262,5.805573866286835,4.533722813283209,382
2014,2015,TZA,disinformation,pinball_0.1,0.22936820656941156,6.160628774066822,3.8669467083727067,382
2014,2015,UGA,disinformation,pinball_0.1,0.3236206840832974,5.187859860024659,5.5474383978949895,382
2014,2015,UKR,disinformation,pinball_0.1,8.405504633373642,-9.772987212867603,-0.433537620230223,382
2014,2015,USA,disinformation,pinball_0.1,0.3008013476025322,2.945550452273366,-0.06246302375195545,382
2014,2015,VNM,disinformation,pinball_0.1,0.2569145824804306,6.98715430598611,4.418008481181804,382
2014,2015,VUT,disinformation,pinball_0.1,0.14837310618264432,3.5010126896209783,2.017281627794535,382
2014,2015,XKX,disinformation,pinball_0.1,0.4438669351204186,5.916231283452106,1.4775619322479203,382
2014,2015,ZAF,disinformation,pinball_0.1,0.0008971591715230876,1.3218622367822943,1.3128906450670634,382
2014,2015,ZMB,disinformation,pinball_0.1,2.3149012992745175,2.920375112179613,5.492487666929077,382
2014,2015,ALB,disinformation,pinball_0.5,1.3307795177560213,2.2277040745779004,-0.4338549609341422,382
2014,2015,ARM,disinformation,pinball_0.5,1.2676032797024552,3.1999999989662484,5.735206558371159,382
2014,2015,AUS,disinformation,pinball_0.5,0.08358301030627047,2.164347806478517,2.331513827091058,382
2014,2015,AUT,disinformation,pinball_0.5,0.5698977039144811,1.3035233182619803,2.4433187260909426,382
2014,2015,BEL,disinformation,pinball_0.5,0.30480541053431776,1.474164337319266,0.8645535162506306,382
2014,2015,BGD,disinformation,pinball_0.5,0.8060323869725194,6.552639878161969,4.94057510421693,382
2014,2015,BGR,disinformation,pinball_0.5,0.8276619132539088,3.39755351999294,1.7422296934851225,382
2014,2015,BIH,disinformation,pinball_0.5,2.0313086136159244,4.284130161378542,0.22151293414669304,382
2014,2015,BLR,disinformation,pinball_0.5,3.979331711269083,-3.82957056812593,4.129092854412236,382
2014,2015,BOL,disinformation,pinball_0.5,0.6106498378444369,4.857187185086033,3.6358875093971594,382
2014,2015,BRA,disinformation,pinball_0.5,3.245444970489008,-3.545763392694255,2.9451265482837607,382
2014,2015,BTN,disinformation,pinball_0.5,0.12037199222098183,6.660801288661972,6.420057304220008,382
2014,2015,CAF,disinformation,pinball_0.5,5.9530203744483465,4.337121030202312,16.243161779099005,382
2014,2015,CHE,disinformation,pinball_0.5,0.08779964196786949,1.454503364910991,1.63010264884673,382
2014,2015,CHL,disinformation,pinball_0.5,0.1985015353051427,2.151942499811838,2.5489455704221236,382
2014,2015,CHN,disinformation,pinball_0.5,0.16669557557514914,6.981622555623673,6.648231404473375,382
2014,2015,CMR,disinformation,pinball_0.5,0.8810299539006565,5.666952987039323,3.9048930792380103,382
2014,2015,COG,disinformation,pinball_0.5,0.8826063302118907,0.4151930612937633,-1.3500195991300181,382
2014,2015,COL,disinformation,pinball_0.5,0.26761464318439687,2.955901375275232,2.4206720889064384,382
2014,2015,COM,disinformation,pinball_0.5,0.35742026911307434,1.1473563226004728,1.8621968608266215,382
2014,2015,CRI,disinformation,pinball_0.5,0.675124091677084,3.6520809300635904,2.3018327467094224,382
2014,2015,CYP,disinformation,pinball_0.5,3.008911057541627,3.418920388890129,-2.598901726193125,382
2014,2015,CZE,disinformation,pinball_0.5,1.9886692610830945,4.95875848915604,0.9814199669898507,382
2014,2015,DNK,disinformation,pinball_0.5,0.4883398370482297,2.104414564453009,1.1277348903565496,382
2014,2015,DZA,disinformation,pinball_0.5,0.12925448850966048,3.200000000890228,3.458508977909549,382
2014,2015,ECU,disinformation,pinball_0.5,1.1199154581396085,0.1196921092876124,2.3595230255668294,382
2014,2015,EST,disinformation,pinball_0.5,1.912231099073911,1.83815262882932,5.662614826977142,382
2014,2015,FIN,disinformation,pinball_0.5,0.30254518258811824,0.4665037663226741,-0.1385865988535624,382
2014,2015,FJI,disinformation,pinball_0.5,1.4532842944980673,4.501200644713649,1.594632055717514,382
2014,2015,FRA,disinformation,pinball_0.5,0.0926044723020949,1.0667547478346222,1.251963692438812,382
2014,2015,GAB,disinformation,pinball_0.5,0.7958150634273877,3.878899395078904,5.470529521933679,382
2014,2015,GBR,disinformation,pinball_0.5,0.2084069352786182,2.1404056003337075,2.557219470890944,382
2014,2015,GEO,disinformation,pinball_0.5,0.40741606080967063,3.3510235026535327,4.165855624272874,382
2014,2015,GHA,disinformation,pinball_0.5,3.2184806875901337,2.120759338173343,8.55772071335361,382
2014,2015,GMB,disinformation,pinball_0.5,0.14898691446524648,4.058073803999605,4.356047632930098,382
2014,2015,GNQ,disinformation,pinball_0.5,2.795018281411374,-9.11004114881537,-3.5200045859926217,382
2014,2015,GRC,disinformation,pinball_0.5,5.125088245561854,-0.2283018921728512,-10.47847838329656,382
2014,2015,GTM,disinformation,pinball_0.5,0.38001109870281624,4.092171700754179,3.332149503348546,382
2014,2015,HKG,disinformation,pinball_0.5,0.4364070753532243,2.387801160133435,3.2606153108398837,382
2014,2015,HND,disinformation,pinball_0.5,0.5706655723479077,3.840079970939513,2.6987488262436976,382
2014,2015,HUN,disinformation,pinball_0.5,1.0917103131493877,3.6598161540695457,1.4763955277707705,382
2014,2015,IDN,disinformation,pinball_0.5,0.059998327249882966,4.876322300221233,4.756325645721467,382
2014,2015,IND,disinformation,pinball_0.5,1.2551383337721722,7.996253785679869,5.485977118135525,382
2014,2015,IRL,disinformation,pinball_0.5,11.20438650316968,24.62398563640062,2.2152126300612576,382
2014,2015,ITA,disinformation,pinball_0.5,1.075307635672413,0.8856676352408073,-1.2649476361040186,382
2014,2015,JPN,disinformation,pinball_0.5,0.35921182825473796,1.7999773578347489,1.081553701325273,382
2014,2015,KEN,disinformation,pinball_0.5,0.40350398260189646,4.96772112759767,4.160713162393877,382
2014,2015,KGZ,disinformation,pinball_0.5,3.259810719984869,3.875825445124392,-2.6437959948453464,382
2014,2015,KHM,disinformation,pinball_0.5,0.8385790583225003,7.207034725295117,5.529876608650116,382
2014,2015,KOR,disinformation,pinball_0.5,0.08239075088670056,2.920292673012341,3.085074174785742,382
2014,2015,KWT,disinformation,pinball_0.5,1.71715785374507,0.592770817217982,4.027086524708122,382
2014,2015,LBN,disinformation,pinball_0.5,1.1905962632689422,0.4623207925975805,2.843513319135465,382
2014,2015,LSO,disinformation,pinball_0.5,0.582878878034075,3.1240667804454603,1.9583090243773102,382
2014,2015,LTU,disinformation,pinball_0.5,1.1691070219807758,2.8328064334323386,5.17102047739389,382
2014,2015,LUX,disinformation,pinball_0.5,0.261950644084632,2.268365727351068,2.792267015520332,382
2014,2015,LVA,disinformation,pinball_0.5,0.12125827504975972,3.783367120849718,3.5408505707501985,382
2014,2015,MAR,disinformation,pinball_0.5,0.17578028883299712,4.344582976352385,3.9930223986863904,382
2014,2015,MDA,disinformation,pinball_0.5,3.694902232034354,-0.3382356223872023,7.051568841681505,382
2014,2015,MDG,disinformation,pinball_0.5,0.5284824675496049,3.132298074903048,2.075333139803838,382
2014,2015,MEX,disinformation,pinball_0.5,0.31012001790143806,2.702323430240256,2.08208339443738,382
2014,2015,MLT,disinformation,pinball_0.5,3.130900308319887,9.620703028421817,3.3589024117820427,382
2014,2015,MNE,disinformation,pinball_0.5,0.6377235395518676,2.5230633397557085,1.2476162606519734,382
2014,2015,MUS,disinformation,pinball_0.5,0.48991143739238097,3.71766362108832,2.737840746303558,382
2014,2015,MYS,disinformation,pinball_0.5,0.831899668633798,5.091532421550113,3.427733084282517,382
2014,2015,NIC,disinformation,pinball_0.5,0.2560169303042681,4.792267683326969,4.280233822718433,382
2014,2015,NLD,disinformation,pinball_0.5,0.6559409308435715,2.120640071935441,0.808758210248298,382
2014,2015,NOR,disinformation,pinball_0.5,0.40164371380887776,2.0442884550143816,1.241001027396626,382
2014,2015,PAN,disinformation,pinball_0.5,0.7338033379621312,5.266917195955159,6.734523871879421,382
2014,2015,PER,disinformation,pinball_0.5,0.9370129016735662,3.252244772184511,5.126270575531644,382
2014,2015,PHL,disinformation,pinball_0.5,0.7025611207759974,6.348309716727613,4.943187475175618,382
2014,2015,POL,disinformation,pinball_0.5,0.7941811290460548,4.431767002644776,2.8434047445526662,382
2014,2015,PRT,disinformation,pinball_0.5,1.394941012881604,1.58979803702681,-1.2000839887363979,382
2014,2015,PRY,disinformation,pinball_0.5,0.588509241724831,2.957151683670787,1.7801332002211252,382
2014,2015,PSE,disinformation,pinball_0.5,0.8787406422877755,3.721299671147875,5.478780955723426,382
2014,2015,ROU,disinformation,pinball_0.5,1.8899795083070892,3.157036054385401,-0.6229229622287775,382
2014,2015,RUS,disinformation,pinball_0.5,2.0671746224944374,-1.9727192264298024,2.161630018559072,382
2014,2015,RWA,disinformation,pinball_0.5,0.8807122225781203,8.870367528727428,7.108943083571187,382
2014,2015,SAU,disinformation,pinball_0.5,0.9625753301238329,4.655123166526991,6.580273826774657,382
2014,2015,SGP,disinformation,pinball_0.5,1.0160971907120953,2.976799316348064,5.0089936977722544,382
2014,2015,SLB,disinformation,pinball_0.5,1.5095870008088141,1.675786120308146,4.694960121925774,382
2014,2015,SLV,disinformation,pinball_0.5,0.30424019041219297,2.400000088521153,3.008480469345539,382
2014,2015,SVK,disinformation,pinball_0.5,1.5758893402998182,5.176879097221331,2.0251004166216946,382
2014,2015,SVN,disinformation,pinball_0.5,0.9746998633667157,2.3933062133816776,0.4439064866482463,382
2014,2015,SYC,disinformation,pinball_0.5,3.0621219455784914,8.914008875046903,2.7897649838899206,382
2014,2015,TCD,disinformation,pinball_0.5,3.839476960446479,3.30415979779805,10.983113718691008,382
2014,2015,THA,disinformation,pinball_0.5,1.0528325294824026,3.1340472491163496,1.0283821901515444,382
2014,2015,TJK,disinformation,pinball_0.5,0.08298120524793351,6.019303317711859,5.853340907215992,382
2014,2015,TUR,disinformation,pinball_0.5,0.13094636429996198,5.805573866286835,5.543681137686911,382
2014,2015,TZA,disinformation,pinball_0.5,1.0010442535611963,6.160628774066822,4.15854026694443,382
2014,2015,UGA,disinformation,pinball_0.5,0.6210427190405241,5.187859860024659,3.945774421943611,382
2014,2015,UKR,disinformation,pinball_0.5,5.809539480243695,-9.772987212867603,1.846091747619787,382
2014,2015,USA,disinformation,pinball_0.5,0.8303622372624835,2.945550452273366,1.2848259777483992,382
2014,2015,VNM,disinformation,pinball_0.5,0.5829023589241333,6.98715430598611,5.821349588137843,382
2014,2015,VUT,disinformation,pinball_0.5,1.4145571653679134,3.5010126896209783,0.6718983588851515,382
2014,2015,XKX,disinformation,pinball_0.5,2.8890640539099106,5.916231283452106,0.13810317563228436,382
2014,2015,ZAF,disinformation,pinball_0.5,0.7925997287551861,1.3218622367822943,2.9070616942926666,382
2014,2015,ZMB,disinformation,pinball_0.5,1.2308633497168557,2.920375112179613,5.382101811613325,382
2014,2015,ALB,disinformation,pinball_0.9,1.878862264730963,2.2277040745779004,0.14007933598794153,382
2014,2015,ARM,disinformation,pinball_0.9,0.36732186712285086,3.1999999989662484,6.873218670194758,382
2014,2015,AUS,disinformation,pinball_0.9,0.17870476998635418,2.164347806478517,3.951395506342059,382
2014,2015,AUT,disinformation,pinball_0.9,0.08708233181139154,1.3035233182619803,2.174346636375896,382
2014,2015,BEL,disinformation,pinball_0.9,0.14476119390667874,1.474164337319266,2.921776276386054,382
2014,2015,BGD,disinformation,pinball_0.9,1.7101781728973195,6.552639878161969,4.652441908276058,382
2014,2015,BGR,disinformation,pinball_0.9,1.5397059839263907,3.39755351999294,1.6867690934080617,382
2014,2015,BIH,disinformation,pinball_0.9,0.4862200497414037,4.284130161378542,3.743885661665871,382
2014,2015,BLR,disinformation,pinball_0.9,1.0354055311599475,-3.82957056812593,6.524484743473547,382
2014,2015,BOL,disinformation,pinball_0.9,0.07807975393709227,4.857187185086033,5.637984724456956,382
2014,2015,BRA,disinformation,pinball_0.9,1.1511038133462617,-3.545763392694255,7.965274740768364,382
2014,2015,BTN,disinformation,pinball_0.9,0.02682842340620705,6.660801288661972,6.929085522724042,382
2014,2015,CAF,disinformation,pinball_0.9,0.9522687349425931,4.337121030202312,13.859808379628245,382
2014,2015,CHE,disinformation,pinball_0.9,0.20994172986915904,1.454503364910991,3.553920663602582,382
2014,2015,CHL,disinformation,pinball_0.9,0.30034871356652015,2.151942499811838,5.155429635477041,382
2014,2015,CHN,disinformation,pinball_0.9,0.050630321807591895,6.981622555623673,7.487925773699592,382
2014,2015,CMR,disinformation,pinball_0.9,1.035615464696224,5.666952987039323,4.516269137376852,382
2014,2015,COG,disinformation,pinball_0.9,1.2434718694943312,0.4151930612937633,12.849911756237077,382
2014,2015,COL,disinformation,pinball_0.9,0.24347154127499704,2.955901375275232,5.390616788025203,382
2014,2015,COM,disinformation,pinball_0.9,0.2339439573611213,1.1473563226004728,3.4867958962116865,382
2014,2015,CRI,disinformation,pinball_0.9,0.1799678037549755,3.6520809300635904,5.451758967613346,382
2014,2015,CYP,disinformation,pinball_0.9,9.336442418472664,3.418920388890129,-6.954904520523943,382
2014,2015,CZE,disinformation,pinball_0.9,1.5764187946375983,4.95875848915604,3.2071820506698194,382
2014,2015,DNK,disinformation,pinball_0.9,0.599250643997523,2.104414564453009,1.4385805155668723,382
2014,2015,DZA,disinformation,pinball_0.9,0.21402236491010837,3.200000000890228,5.340223649991312,382
2014,2015,ECU,disinformation,pinball_0.9,0.699760700107002,0.1196921092876124,7.117299110357633,382
2014,2015,EST,disinformation,pinball_0.9,0.4937504609555902,1.83815262882932,6.775657238385223,382
2014,2015,FIN,disinformation,pinball_0.9,0.24578646076620195,0.4665037663226741,2.924368373984694,382
2014,2015,FJI,disinformation,pinball_0.9,0.5522593843060071,4.501200644713649,3.887579106595863,382
2014,2015,FRA,disinformation,pinball_0.9,0.05326391984874427,1.0667547478346222,1.599393946322065,382
2014,2015,GAB,disinformation,pinball_0.9,0.1615739181851888,3.878899395078904,5.494638576930792,382
2014,2015,GBR,disinformation,pinball_0.9,0.19530266231246823,2.1404056003337075,4.09343222345839,382
2014,2015,GEO,disinformation,pinball_0.9,0.24410125086201806,3.3510235026535327,5.792036011273714,382
2014,2015,GHA,disinformation,pinball_0.9,1.1135134195691836,2.120759338173343,13.255893533865182,382
2014,2015,GMB,disinformation,pinball_0.9,0.16554433369073301,4.058073803999605,5.713517140906935,382
2014,2015,GNQ,disinformation,pinball_0.9,1.0349425121089657,-9.11004114881537,1.2393839722742905,382
2014,2015,GRC,disinformation,pinball_0.9,8.355906435981394,-0.2283018921728512,-9.512642376596622,382
2014,2015,GTM,disinformation,pinball_0.9,0.025796652563393425,4.092171700754179,4.350138226388113,382
2014,2015,HKG,disinformation,pinball_0.9,0.10598980685574329,2.387801160133435,3.447699228690868,382
2014,2015,HND,disinformation,pinball_0.9,0.07651725227128983,3.840079970939513,4.6052524936524115,382
2014,2015,HUN,disinformation,pinball_0.9,1.6546692902869837,3.6598161540695457,1.8212947204173418,382
2014,2015,IDN,disinformation,pinball_0.9,0.09927895783063112,4.876322300221233,5.869111878527544,382
2014,2015,IND,disinformation,pinball_0.9,0.5366975796355588,7.996253785679869,7.399923141640359,382
2014,2015,IRL,disinformation,pinball_0.9,20.084758062609176,24.62398563640062,2.3075877890570915,382
2014,2015,ITA,disinformation,pinball_0.9,1.2244830318225113,0.8856676352408073,-0.47486906678420526,382
2014,2015,JPN,disinformation,pinball_0.9,0.09420311752033447,1.7999773578347489,2.742008533038094,382
2014,2015,KEN,disinformation,pinball_0.9,0.1062208705292832,4.96772112759767,6.029929832890502,382
2014,2015,KGZ,disinformation,pinball_0.9,0.5111589530333229,3.875825445124392,8.987414975457622,382
2014,2015,KHM,disinformation,pinball_0.9,0.7040943052830552,7.207034725295117,6.424707719425055,382
2014,2015,KOR,disinformation,pinball_0.9,0.03792102540160211,2.920292673012341,3.299502927028362,382
2014,2015,KWT,disinformation,pinball_0.9,1.056312626013324,0.592770817217982,11.155897077351224,382
2014,2015,LBN,disinformation,pinball_0.9,0.1663420036899765,0.4623207925975805,2.125740829497346,382
2014,2015,LSO,disinformation,pinball_0.9,0.4153288431515797,3.1240667804454603,7.277355211961258,382
2014,2015,LTU,disinformation,pinball_0.9,0.44630731830844034,2.8328064334323386,7.295879616516743,382
2014,2015,LUX,disinformation,pinball_0.9,0.08579275870917039,2.268365727351068,2.1730404398964343,382
2014,2015,LVA,disinformation,pinball_0.9,0.19747254728833535,3.783367120849718,5.758092593733072,382
2014,2015,MAR,disinformation,pinball_0.9,0.04403667157729573,4.344582976352385,4.784949692125342,382
2014,2015,MDA,disinformation,pinball_0.9,0.7921177173533703,-0.3382356223872023,7.582941551146503,382
2014,2015,MDG,disinformation,pinball_0.9,0.2316150763366305,3.132298074903048,5.4484488382693534,382
2014,2015,MEX,disinformation,pinball_0.9,0.26237671363051057,2.702323430240256,5.326090566545362,382
2014,2015,MLT,disinformation,pinball_0.9,3.792720112346374,9.620703028421817,5.406569570259179,382
2014,2015,MNE,disinformation,pinball_0.9,0.17097438021888617,2.5230633397557085,2.3330918061791683,382
2014,2015,MUS,disinformation,pinball_0.9,0.8864838365144231,3.71766362108832,2.7326815805167386,382
2014,2015,MYS,disinformation,pinball_0.9,0.11074311314622125,5.091532421550113,6.198963553012326,382
2014,2015,NIC,disinformation,pinball_0.9,0.15421910323869825,4.792267683326969,6.334458715713952,382
2014,2015,NLD,disinformation,pinball_0.9,0.04853732851321907,2.120640071935441,2.606013357067632,382
2014,2015,NOR,disinformation,pinball_0.9,0.09525768938494739,2.0442884550143816,2.9968653488638557,382
2014,2015,PAN,disinformation,pinball_0.9,0.5328329967214954,5.266917195955159,10.595247163170114,382
2014,2015,PER,disinformation,pinball_0.9,0.28497110610993864,3.252244772184511,6.101955833283898,382
2014,2015,PHL,disinformation,pinball_0.9,0.02840789720041172,6.348309716727613,6.63238868873173,382
2014,2015,POL,disinformation,pinball_0.9,0.10233927166329478,4.431767002644776,5.455159719277724,382
2014,2015,PRT,disinformation,pinball_0.9,0.27496893971391173,1.58979803702681,1.2842769929002416,382
2014,2015,PRY,disinformation,pinball_0.9,0.6463718170332969,2.957151683670787,9.420869854003758,382
2014,2015,PSE,disinformation,pinball_0.9,0.6232370246049348,3.721299671147875,9.953669917197224,382
2014,2015,ROU,disinformation,pinball_0.9,1.6282108117240992,3.157036054385401,1.3479129302475128,382
2014,2015,RUS,disinformation,pinball_0.9,0.8091572022012679,-1.9727192264298024,6.118852795582878,382
2014,2015,RWA,disinformation,pinball_0.9,0.14400121486631537,8.870367528727428,10.310379677390582,382
2014,2015,SAU,disinformation,pinball_0.9,0.7927801767647902,4.655123166526991,12.582924934174894,382
2014,2015,SGP,disinformation,pinball_0.9,0.6554859531886782,2.976799316348064,9.531658848234848,382
2014,2015,SLB,disinformation,pinball_0.9,0.299258355939386,1.675786120308146,4.668369679702007,382
2014,2015,SLV,disinformation,pinball_0.9,0.10670437107752913,2.400000088521153,3.4670437992964445,382
2014,2015,SVK,disinformation,pinball_0.9,0.2170783597691909,5.176879097221331,7.34766269491324,382
2014,2015,SVN,disinformation,pinball_0.9,2.008035821105751,2.3933062133816776,0.16215530104195408,382
2014,2015,SYC,disinformation,pinball_0.9,5.030358030821478,8.914008875046903,3.32472217413415,382
2014,2015,TCD,disinformation,pinball_0.9,0.8992141268712315,3.30415979779805,12.296301066510367,382
2014,2015,THA,disinformation,pinball_0.9,0.4620364975558428,3.1340472491163496,7.754412224674779,382
2014,2015,TJK,disinformation,pinball_0.9,0.29530720553981454,6.019303317711859,5.691184200445399,382
2014,2015,TUR,disinformation,pinball_0.9,0.3421156715003032,5.805573866286835,9.226730581289868,382
2014,2015,TZA,disinformation,pinball_0.9,0.009002305975438671,6.160628774066822,6.250651833821209,382
2014,2015,UGA,disinformation,pinball_0.9,2.551528306270961,5.187859860024659,2.3528284086124804,382
2014,2015,UKR,disinformation,pinball_0.9,1.10826216341421,-9.772987212867603,1.309634421274501,382
2014,2015,USA,disinformation,pinball_0.9,0.3422320807926788,2.945550452273366,2.5652925847259453,382
2014,2015,VNM,disinformation,pinball_0.9,0.02470400553761118,6.98715430598611,7.2341943613622215,382
2014,2015,VUT,disinformation,pinball_0.9,3.12105707434688,3.5010126896209783,0.0331714959022229,382
2014,2015,XKX,disinformation,pinball_0.9,1.4648457083078579,5.916231283452106,4.28862494088782,382
2014,2015,ZAF,disinformation,pinball_0.9,0.2588256117012111,1.3218622367822943,3.910118353794406,382
2014,2015,ZMB,disinformation,pinball_0.9,0.3689753580208998,2.920375112179613,6.610128692388612,382
2015,2016,ALB,benchmark,squared_error,10.438107853948805,3.9089355136224526,0.6781294448605397,484
2015,2016,ARM,benchmark,squared_error,9.464269804682814,0.1999999998259909,3.2764053379898055,484
2015,2016,AUS,benchmark,squared_error,0.391290341107738,2.755640655298677,2.1301086088712076,484
2015,2016,AUT,benchmark,squared_error,1.0548199931867084,2.11721964494312,1.0901753454181637,484
2015,2016,BEL,benchmark,squared_error,0.2445974555132894,1.1935027300775405,0.6989347817496192,484
2015,2016,BGD,benchmark,squared_error,4.95918959033435,7.113478212700926,4.886554417342326,484
2015,2016,BGR,benchmark,squared_error,4.644460515625289,3.026628200963046,0.871527155623109,484
2015,2016,BIH,benchmark,squared_error,10.232775519547902,3.2422582223156557,0.043387246557505144,484
2015,2016,BLR,benchmark,squared_error,2.2523826321290534,-2.526446446042499,-1.0256524454784464,484
2015,2016,BOL,benchmark,squared_error,0.12315923594443173,4.2639208699217335,4.6148613719223315,484
2015,2016,BRA,benchmark,squared_error,36.629631495228615,-3.275916907821923,2.7763249491455113,484
2015,2016,BTN,benchmark,squared_error,21.953502129158768,8.475943392329626,3.790486944003724,484
2015,2016,BWA,benchmark,squared_error,16.191407828413062,7.204424759142668,3.180569912305737,484
2015,2016,CAF,benchmark,squared_error,80.35244936531171,4.750316841223423,-4.213635934495095,484
2015,2016,CHE,benchmark,squared_error,0.7423853904297113,1.911590942148521,1.0499730509521328,484
2015,2016,CHL,benchmark,squared_error,0.9029589423115428,1.7530387490709956,2.7032802669555505,484
2015,2016,CHN,benchmark,squared_error,1.3451535574551352,6.773688686772701,5.613881134868017,484
2015,2016,CMR,benchmark,squared_error,0.265830183292272,4.535794236788007,4.020207014979444,484
2015,2016,COG,benchmark,squared_error,171.42141811260956,-8.685243439137864,4.40755680040637,484
2015,2016,COL,benchmark,squared_error,0.18332357750894754,2.0873825016279426,2.5155455284167436,484
2015,2016,COM,benchmark,squared_error,0.09665369593363503,3.320446554887696,3.631338330162686,484
2015,2016,CRI,benchmark,squared_error,2.2752213665855368,4.204323207751841,2.695939514328468,484
2015,2016,CYP,benchmark,squared_error,50.00571929023832,6.573590809246781,-0.497881405945634,484
2015,2016,CZE,benchmark,squared_error,2.5078543269505693,2.580870139213758,0.9972495006293243,484
2015,2016,DNK,benchmark,squared_error,3.4070643418113606,3.0730454920909267,1.2272220059982395,484
2015,2016,DZA,benchmark,squared_error,4.589178820819048,3.900000000176206,1.7577631269945666,484
2015,2016,ECU,benchmark,squared_error,12.282411361203863,-0.6879542458779468,2.8166728899531766,484
2015,2016,ESP,benchmark,squared_error,2.5505219065166873,2.915155985957867,1.3181206367821865,484
2015,2016,EST,benchmark,squared_error,0.3432707707299659,3.093019207519589,2.507126068175932,484
2015,2016,FIN,benchmark,squared_error,12.3103626234895,2.5719341489875376,-0.9366784861560884,484
2015,2016,FJI,benchmark,squared_error,9.152918808567364,2.445652024492489,-0.5797270936623522,484
2015,2016,FRA,benchmark,squared_error,0.05512024370378993,0.8600310754240326,1.094808083889065,484
2015,2016,GAB,benchmark,squared_error,6.963121719312165,2.091442208295618,4.730214975949583,484
2015,2016,GBR,benchmark,squared_error,0.34448648029193935,2.2065202063535736,1.6195904999219266,484
2015,2016,GEO,benchmark,squared_error,0.20132924241697836,3.4502151799687084,3.898912452544527,484
2015,2016,GHA,benchmark,squared_error,23.12277173878778,3.3734657496693643,8.182080075937149,484
2015,2016,GMB,benchmark,squared_error,6.488435588170604,1.943359654787756,4.490600434174464,484
2015,2016,GNQ,benchmark,squared_error,111.44321766345212,-8.816417232197566,1.7402497448104768,484
2015,2016,GRC,benchmark,squared_error,34.262892723511456,-0.0317947678412053,-5.885246119267256,484
2015,2016,GTM,benchmark,squared_error,0.11632974004618721,2.677803193021603,2.3367317341655633,484
2015,2016,HKG,benchmark,squared_error,0.19730277179617342,2.1754482032755504,1.731260436901719,484
2015,2016,HND,benchmark,squared_error,0.8927715857673844,3.892972197264129,2.9481062883821414,484
2015,2016,HRV,benchmark,squared_error,20.739231153183535,3.4661314601103896,-1.0879031415569638,484
2015,2016,HUN,benchmark,squared_error,4.951923332789204,2.4386414130934213,0.21334967204255317,484
2015,2016,IDN,benchmark,squared_error,0.21099675638261053,5.033069182801768,4.573725350381422,484
2015,2016,IND,benchmark,squared_error,18.715412656704974,8.256305501766619,3.930174128737712,484
2015,2016,IRL,benchmark,squared_error,1.6168468043205229,1.2227166113094654,2.494269521856456,484
2015,2016,ISR,benchmark,squared_error,3.099766137060622,4.536019392365716,2.7754041200644046,484
2015,2016,ITA,benchmark,squared_error,3.8869576595922033,1.236221085116611,-0.7353157924467286,484
2015,2016,JPN,benchmark,squared_error,1.1516057708553944,0.7049864951112568,1.7781154579369716,484
2015,2016,KEN,benchmark,squared_error,3.70190177400006,4.213517068147439,2.28948438287412,484
2015,2016,KGZ,benchmark,squared_error,2.2406828088451918,4.335855921901157,2.8389648741474494,484
2015,2016,KHM,benchmark,squared_error,5.744369758934718,7.905501161307043,5.508759673591959,484
2015,2016,KOR,benchmark,squared_error,0.8818572803518531,3.171527489839349,2.2324549258956177,484
2015,2016,KWT,benchmark,squared_error,0.01377805889506154,2.9260758425638755,2.808695866013096,484
2015,2016,LBN,benchmark,squared_error,1.4282137616879924,1.5545494085694287,2.749628385745411,484
2015,2016,LSO,benchmark,squared_error,0.22144401920873058,3.608907316877136,3.1383289289238316,484
2015,2016,LTU,benchmark,squared_error,0.031761841055389574,2.671922150533291,2.850140671050631,484
2015,2016,LUX,benchmark,squared_error,4.650819861764823,4.978190471226384,2.8216145134254944,484
2015,2016,LVA,benchmark,squared_error,0.004565589090015172,2.5516860197403446,2.619255162771873,484
2015,2016,MAR,benchmark,squared_error,7.999431822569617,0.5211855060896795,3.3495121885239447,484
2015,2016,MDA,benchmark,squared_error,3.0869357232333154,4.646014362594087,2.8890465987369027,484
2015,2016,MDG,benchmark,squared_error,3.1374628427593394,3.993146061994992,2.221857592332487,484
2015,2016,MEX,benchmark,squared_error,0.5203588352491217,1.772493225412802,1.0511342057498316,484
2015,2016,MKD,benchmark,squared_error,1.6930627424436557,2.8482051936330635,1.5470277489916127,484
2015,2016,MLT,benchmark,squared_error,3.817880637938121,4.078004222169824,2.124064448804708,484
2015,2016,MNE,benchmark,squared_error,7.32932513095834,3.439305621099905,0.7320329841166364,484
2015,2016,MUS,benchmark,squared_error,0.6646734297094257,3.885761210760336,3.0704861469264015,484
2015,2016,MYS,benchmark,squared_error,8.596940757072264,4.449781397615411,1.517727380876929,484
2015,2016,NIC,benchmark,squared_error,0.89214902272311,4.563147395249672,3.6186109890042006,484
2015,2016,NLD,benchmark,squared_error,2.7701317051348604,2.424280654494268,0.7599093902822052,484
2015,2016,NOR,benchmark,squared_error,0.01703831163877711,1.2915873277113548,1.422118211561795,484
2015,2016,PAN,benchmark,squared_error,0.7260478892416625,4.5719670793727545,5.424051517231857,484
2015,2016,PER,benchmark,squared_error,0.43395218678822944,3.953318715207672,4.61206918905056,484
2015,2016,PHL,benchmark,squared_error,10.418848247254093,7.149456750007516,3.921632676850168,484
2015,2016,POL,benchmark,squared_error,1.8039013773207915,3.03117767594847,1.6880837189518676,484
2015,2016,PRT,benchmark,squared_error,5.052768648187293,2.0041412966657504,-0.24369514048604834,484
2015,2016,PRY,benchmark,squared_error,5.049079712484074,4.268025833145828,2.0210100983357497,484
2015,2016,PSE,benchmark,squared_error,9.489095678592468,8.864618819959347,5.784181240881908,484
2015,2016,ROU,benchmark,squared_error,13.134000293344226,2.859932523020888,-0.7641536091432228,484
2015,2016,RUS,benchmark,squared_error,3.9768641963358125,0.1936711306988172,2.187878791985829,484
2015,2016,RWA,benchmark,squared_error,0.0011605626840670374,5.658745842027784,5.69281287424468,484
2015,2016,SAU,benchmark,squared_error,13.894743385958012,1.7040473920287835,5.4316127349782555,484
2015,2016,SGP,benchmark,squared_error,0.01718202372874379,3.91095306322606,4.042033281904333,484
2015,2016,SLB,benchmark,squared_error,3.536242876721668,5.554943482579915,3.67445341966502,484
2015,2016,SLV,benchmark,squared_error,0.5614118620003781,2.539062411358642,1.7897881878594095,484
2015,2016,SVK,benchmark,squared_error,0.18888135052789548,1.9478184152455784,1.513213594140364,484
2015,2016,SVN,benchmark,squared_error,5.520893330374856,3.0344148666365385,0.6847567361045974,484
2015,2016,SYC,benchmark,squared_error,89.74071802910548,12.117527245391344,2.644369480996966,484
2015,2016,TCD,benchmark,squared_error,95.07927151627275,-4.122503326370335,5.628356713455524,484
2015,2016,THA,benchmark,squared_error,3.3472537174537,3.4351577169218217,1.6056075761894886,484
2015,2016,TJK,benchmark,squared_error,3.430008616089056,6.899999999999992,5.04797175613084,484
2015,2016,TUR,benchmark,squared_error,3.5266759147432385,3.323665082004453,5.201609680426685,484
2015,2016,TZA,benchmark,squared_error,6.523968505798778,6.867116196445508,4.312910154287049,484
2015,2016,UGA,benchmark,squared_error,2.7521867520240972,4.781000292544817,3.122028697844023,484
2015,2016,UKR,benchmark,squared_error,0.06567480992291218,2.440981944920665,2.697252914643949,484
2015,2016,USA,benchmark,squared_error,0.38963865884982507,1.819451479090887,1.1952410507497504,484
2015,2016,VNM,benchmark,squared_error,7.284585840427717,6.690008926604236,3.991011734974034,484
2015,2016,VUT,benchmark,squared_error,6.182240801177061,3.619808306709274,1.1333970774117024,484
2015,2016,XKX,benchmark,squared_error,10.491816613977058,5.571775047316322,2.3326676681179945,484
2015,2016,ZAF,benchmark,squared_error,2.8401762111477695,0.6645523078581164,2.349834542721989,484
2015,2016,ZMB,benchmark,squared_error,1.642162074814579,3.7551003167898784,5.036569034634594,484
2015,2016,ALB,benchmark,pinball_0.1,0.3132294513371872,3.9089355136224526,0.7766410002505806,484
2015,2016,ARM,benchmark,pinball_0.1,3.038774196761158,0.1999999998259909,3.5764157740050555,484
2015,2016,AUS,benchmark,pinball_0.1,0.08041591746074968,2.755640655298677,1.9514814806911804,484
2015,2016,AUT,benchmark,pinball_0.1,0.33336778092993496,2.11721964494312,-1.2164581643562293,484
2015,2016,BEL,benchmark,pinball_0.1,0.15066619724998973,1.1935027300775405,-0.3131592424223566,484
2015,2016,BGD,benchmark,pinball_0.1,0.10183823162884878,7.113478212700926,6.095095896412438,484
2015,2016,BGR,benchmark,pinball_0.1,0.3128678857663698,3.026628200963046,-0.10205065670065228,484
2015,2016,BIH,benchmark,pinball_0.1,0.5063688144647474,3.2422582223156557,-1.8214299223318182,484
2015,2016,BLR,benchmark,pinball_0.1,0.09441648784165309,-2.526446446042499,-3.4706113244590298,484
2015,2016,BOL,benchmark,pinball_0.1,0.0024375042186610685,4.2639208699217335,4.239545827735123,484
2015,2016,BRA,benchmark,pinball_0.1,3.720025128707097,-3.275916907821923,0.8574443462970738,484
2015,2016,BTN,benchmark,pinball_0.1,0.4682184819976641,8.475943392329626,3.7937585723529845,484
2015,2016,BWA,benchmark,pinball_0.1,0.4166010402044534,7.204424759142668,3.0384143570981346,484
2015,2016,CAF,benchmark,pinball_0.1,3.249625229974636,4.750316841223423,-27.745935458522936,484
2015,2016,CHE,benchmark,pinball_0.1,0.37093332215164737,1.911590942148521,-1.7977422793679523,484
2015,2016,CHL,benchmark,pinball_0.1,1.0508559496417884,1.7530387490709956,2.9206564708952047,484
2015,2016,CHN,benchmark,pinball_0.1,0.09492954654258519,6.773688686772701,5.824393221346849,484
2015,2016,CMR,benchmark,pinball_0.1,0.16678186274222517,4.535794236788007,2.8679756093657556,484
2015,2016,COG,benchmark,pinball_0.1,4.8978249620158465,-8.685243439137864,-3.243215703564701,484
2015,2016,COL,benchmark,pinball_0.1,0.11406989174767555,2.0873825016279426,0.9466835841511871,484
2015,2016,COM,benchmark,pinball_0.1,0.02450958547933433,3.320446554887696,3.0753507000943525,484
2015,2016,CRI,benchmark,pinball_0.1,0.28436403306989994,4.204323207751841,1.3606828770528416,484
2015,2016,CYP,benchmark,pinball_0.1,0.5600351903655016,6.573590809246781,0.9732389055917645,484
2015,2016,CZE,benchmark,pinball_0.1,0.3874479835610393,2.580870139213758,-1.293609696396635,484
2015,2016,DNK,benchmark,pinball_0.1,0.18322751668955545,3.0730454920909267,1.2407703251953723,484
2015,2016,DZA,benchmark,pinball_0.1,0.48986128292779185,3.900000000176206,-0.9986128291017122,484
2015,2016,ECU,benchmark,pinball_0.1,0.007994791375576326,-0.6879542458779468,-0.7679021596337101,484
2015,2016,ESP,benchmark,pinball_0.1,0.324126689630364,2.915155985957867,-0.3261109103457729,484
2015,2016,EST,benchmark,pinball_0.1,0.41673933755888143,3.093019207519589,-1.074374168069225,484
2015,2016,FIN,benchmark,pinball_0.1,0.8394358229871213,2.5719341489875376,-5.822424080883674,484
2015,2016,FJI,benchmark,pinball_0.1,0.8286924583265162,2.445652024492489,-5.841272558772673,484
2015,2016,FRA,benchmark,pinball_0.1,0.04940273110441869,0.8600310754240326,0.3660037643798457,484
2015,2016,GAB,benchmark,pinball_0.1,1.401108007797175,2.091442208295618,3.648228883625812,484
2015,2016,GBR,benchmark,pinball_0.1,0.6221389000243908,2.2065202063535736,-4.014868793890334,484
2015,2016,GEO,benchmark,pinball_0.1,0.08785244062883733,3.4502151799687084,2.571690773680335,484
2015,2016,GHA,benchmark,pinball_0.1,2.0506485589248475,3.3734657496693643,5.65196414847475,484
2015,2016,GMB,benchmark,pinball_0.1,0.6775660045088809,1.943359654787756,-4.832300390301054,484
2015,2016,GNQ,benchmark,pinball_0.1,8.394307982401799,-8.816417232197566,0.5105916371377663,484
2015,2016,GRC,benchmark,pinball_0.1,0.6405188655798798,-0.0317947678412053,-6.436983423640003,484
2015,2016,GTM,benchmark,pinball_0.1,0.09214842929112238,2.677803193021603,1.7563189001103794,484
2015,2016,HKG,benchmark,pinball_0.1,0.059353261308828564,2.1754482032755504,1.5819155901872648,484
2015,2016,HND,benchmark,pinball_0.1,0.03141720582358465,3.892972197264129,3.5788001390282824,484
2015,2016,HRV,benchmark,pinball_0.1,0.435393046385307,3.4661314601103896,-0.8877990037426806,484
2015,2016,HUN,benchmark,pinball_0.1,0.4523480587473941,2.4386414130934213,-2.0848391743805195,484
2015,2016,IDN,benchmark,pinball_0.1,0.08714716654703825,5.033069182801768,4.161597517331385,484
2015,2016,IND,benchmark,pinball_0.1,0.6313074679684337,8.256305501766619,1.943230822082282,484
2015,2016,IRL,benchmark,pinball_0.1,0.3742905904671121,1.2227166113094654,-2.520189293361655,484
2015,2016,ISR,benchmark,pinball_0.1,0.16926150256998174,4.536019392365716,2.843404366665899,484
2015,2016,ITA,benchmark,pinball_0.1,0.4661156493804405,1.236221085116611,-3.4249354086877934,484
2015,2016,JPN,benchmark,pinball_0.1,0.06626402262263387,0.7049864951112568,0.042346268884918103,484
2015,2016,KEN,benchmark,pinball_0.1,0.6684220281109066,4.213517068147439,-2.4707032129616255,484
2015,2016,KGZ,benchmark,pinball_0.1,0.7959549060378959,4.335855921901157,-3.6236931384778006,484
2015,2016,KHM,benchmark,pinball_0.1,0.373680160282036,7.905501161307043,4.168699558486684,484
2015,2016,KOR,benchmark,pinball_0.1,0.12278835743853095,3.171527489839349,1.9436439154540395,484
2015,2016,KWT,benchmark,pinball_0.1,0.6117618599467317,2.9260758425638755,-3.1915427569034414,484
2015,2016,LBN,benchmark,pinball_0.1,0.9716513739894672,1.5545494085694287,2.6341620463355033,484
2015,2016,LSO,benchmark,pinball_0.1,0.026240807824290925,3.608907316877136,3.3464992386342267,484
2015,2016,LTU,benchmark,pinball_0.1,0.3033171665893153,2.671922150533291,-0.3612495153598614,484
2015,2016,LUX,benchmark,pinball_0.1,0.5195235728534499,4.978190471226384,-0.21704525730811497,484
2015,2016,LVA,benchmark,pinball_0.1,0.27067425142273643,2.5516860197403446,-0.15505649448701941,484
2015,2016,MAR,benchmark,pinball_0.1,2.056864777506879,0.5211855060896795,2.806590814430656,484
2015,2016,MDA,benchmark,pinball_0.1,0.6320442469905198,4.646014362594087,-1.6744281073111105,484
2015,2016,MDG,benchmark,pinball_0.1,0.42604808551472395,3.993146061994992,-0.26733479315224784,484
2015,2016,MEX,benchmark,pinball_0.1,0.8154305125165898,1.772493225412802,-6.381811899753096,484
2015,2016,MKD,benchmark,pinball_0.1,0.20794061100700256,2.8482051936330635,0.7687990835630378,484
2015,2016,MLT,benchmark,pinball_0.1,0.6348619586015116,4.078004222169824,-2.270615363845292,484
2015,2016,MNE,benchmark,pinball_0.1,0.7581817097931,3.439305621099905,-4.142511476831094,484
2015,2016,MUS,benchmark,pinball_0.1,0.1426387619391761,3.885761210760336,2.459373591368575,484
2015,2016,MYS,benchmark,pinball_0.1,0.7936026141096912,4.449781397615411,-3.4862447434815014,484
2015,2016,NIC,benchmark,pinball_0.1,0.2736938853041145,4.563147395249672,1.8262085422085272,484
2015,2016,NLD,benchmark,pinball_0.1,0.3549251389826495,2.424280654494268,-1.1249707353322265,484
2015,2016,NOR,benchmark,pinball_0.1,0.15095448089975588,1.2915873277113548,-0.21795748128620396,484
2015,2016,PAN,benchmark,pinball_0.1,1.1640495431541902,4.5719670793727545,5.865355460655188,484
2015,2016,PER,benchmark,pinball_0.1,0.030465075298478795,3.953318715207672,3.9871687988726485,484
2015,2016,PHL,benchmark,pinball_0.1,0.753013313353089,7.149456750007516,-0.38067638352337285,484
2015,2016,POL,benchmark,pinball_0.1,0.2887400401872801,3.03117767594847,0.14377727407566887,484
2015,2016,PRT,benchmark,pinball_0.1,0.4189145968516521,2.0041412966657504,-2.1850046718507707,484
2015,2016,PRY,benchmark,pinball_0.1,0.5979446013038364,4.268025833145828,-1.7114201798925364,484
2015,2016,PSE,benchmark,pinball_0.1,0.727366872382353,8.864618819959347,1.590950096135817,484
2015,2016,ROU,benchmark,pinball_0.1,0.7813267772791038,2.859932523020888,-4.9533352497701495,484
2015,2016,RUS,benchmark,pinball_0.1,0.16867468186750886,0.1936711306988172,-1.4930756879762712,484
2015,2016,RWA,benchmark,pinball_0.1,0.0617136414445306,5.658745842027784,5.041609427582478,484
2015,2016,SAU,benchmark,pinball_0.1,2.072958991085337,1.7040473920287835,4.0073351599013805,484
2015,2016,SGP,benchmark,pinball_0.1,0.06777908284615296,3.91095306322606,3.2331622347645306,484
2015,2016,SLB,benchmark,pinball_0.1,0.3075413332221672,5.554943482579915,2.4795301503582436,484
2015,2016,SLV,benchmark,pinball_0.1,0.16462049274237944,2.539062411358642,0.892857483934848,484
2015,2016,SVK,benchmark,pinball_0.1,0.5227130188130067,1.9478184152455784,-3.2793117728844887,484
2015,2016,SVN,benchmark,pinball_0.1,0.5506262093593483,3.0344148666365385,-2.4718472269569434,484
2015,2016,SYC,benchmark,pinball_0.1,0.8777974509923676,12.117527245391344,3.339552735467668,484
2015,2016,TCD,benchmark,pinball_0.1,7.723528037548411,-4.122503326370335,4.4591944931278995,484
2015,2016,THA,benchmark,pinball_0.1,0.4761705312210047,3.4351577169218217,-1.326547595288225,484
2015,2016,TJK,benchmark,pinball_0.1,0.8344959305072462,6.899999999999992,7.827217700563599,484
2015,2016,TUR,benchmark,pinball_0.1,0.7788141992308101,3.323665082004453,4.189014192260909,484
2015,2016,TZA,benchmark,pinball_0.1,0.3256170595560952,6.867116196445508,3.6109456008845564,484
2015,2016,UGA,benchmark,pinball_0.1,0.12695420865184684,4.781000292544817,3.511458206026349,484
2015,2016,UKR,benchmark,pinball_0.1,0.7529287522165166,2.440981944920665,-5.0883055772445,484
2015,2016,USA,benchmark,pinball_0.1,0.27755925279678717,1.819451479090887,-0.9561410488769848,484
2015,2016,VNM,benchmark,pinball_0.1,0.3608684523988777,6.690008926604236,3.0813244026154587,484
2015,2016,VUT,benchmark,pinball_0.1,0.1986730579795772,3.619808306709274,1.633077726913502,484
2015,2016,XKX,benchmark,pinball_0.1,0.4670608220346895,5.571775047316322,0.9011668269694271,484
2015,2016,ZAF,benchmark,pinball_0.1,0.9065209873040885,0.6645523078581164,1.6717978493071035,484
2015,2016,ZMB,benchmark,pinball_0.1,0.33242317569698726,3.7551003167898784,4.124459400897642,484
2015,2016,ALB,benchmark,pinball_0.5,1.4286636249165299,3.9089355136224526,1.0516082637893929,484
2015,2016,ARM,benchmark,pinball_0.5,1.7359364712818464,0.1999999998259909,3.6718729423896836,484
2015,2016,AUS,benchmark,pinball_0.5,0.2922995978588734,2.755640655298677,2.1710414595809304,484
2015,2016,AUT,benchmark,pinball_0.5,0.41625491588209695,2.11721964494312,1.2847098131789263,484
2015,2016,BEL,benchmark,pinball_0.5,0.11087154583342529,1.1935027300775405,0.9717596384106899,484
2015,2016,BGD,benchmark,pinball_0.5,0.837700829882285,7.113478212700926,5.438076552936356,484
2015,2016,BGR,benchmark,pinball_0.5,0.7699453669636253,3.026628200963046,1.4867374670357953,484
2015,2016,BIH,benchmark,pinball_0.5,1.416928936557074,3.2422582223156557,0.4084003492015076,484
2015,2016,BLR,benchmark,pinball_0.5,1.5153683501650361,-2.526446446042499,0.5042902542875736,484
2015,2016,BOL,benchmark,pinball_0.5,0.22448838580721198,4.2639208699217335,4.712897641536157,484
2015,2016,BRA,benchmark,pinball_0.5,3.344529826120354,-3.275916907821923,3.413142744418785,484
2015,2016,BTN,benchmark,pinball_0.5,1.7198678531026492,8.475943392329626,5.036207686124327,484
2015,2016,BWA,benchmark,pinball_0.5,1.7296014926906587,7.204424759142668,3.745221773761351,484
2015,2016,CAF,benchmark,pinball_0.5,0.26679620941849436,4.750316841223423,4.216724422386434,484
2015,2016,CHE,benchmark,pinball_0.5,0.0432095928621673,1.911590942148521,1.8251717564241865,484
2015,2016,CHL,benchmark,pinball_0.5,0.7693128842489898,1.7530387490709956,3.291664517568975,484
2015,2016,CHN,benchmark,pinball_0.5,0.23729325952527658,6.773688686772701,6.299102167722148,484
2015,2016,CMR,benchmark,pinball_0.5,0.25629137946074376,4.535794236788007,4.02321147786652,484
2015,2016,COG,benchmark,pinball_0.5,8.04640725327288,-8.685243439137864,7.407571067407897,484
2015,2016,COL,benchmark,pinball_0.5,0.32108212440832595,2.0873825016279426,2.7295467504445945,484
2015,2016,COM,benchmark,pinball_0.5,0.10554428128314508,3.320446554887696,3.1093579923214056,484
2015,2016,CRI,benchmark,pinball_0.5,0.40989412746051923,4.204323207751841,3.3845349528308026,484
2015,2016,CYP,benchmark,pinball_0.5,4.110141969937145,6.573590809246781,-1.6466931306275097,484
2015,2016,CZE,benchmark,pinball_0.5,0.8122279155015057,2.580870139213758,0.9564143082107462,484
2015,2016,DNK,benchmark,pinball_0.5,0.9695077309785258,3.0730454920909267,1.134030030133875,484
2015,2016,DZA,benchmark,pinball_0.5,0.8699278343794399,3.900000000176206,2.1601443314173263,484
2015,2016,ECU,benchmark,pinball_0.5,2.304381236060509,-0.6879542458779468,3.9208082262430715,484
2015,2016,ESP,benchmark,pinball_0.5,0.7065815983770745,2.915155985957867,1.501992789203718,484
2015,2016,EST,benchmark,pinball_0.5,0.0728563850860775,3.093019207519589,2.947306437347434,484
2015,2016,FIN,benchmark,pinball_0.5,1.656404839891212,2.5719341489875376,-0.7408755307948862,484
2015,2016,FJI,benchmark,pinball_0.5,1.1657189905038365,2.445652024492489,0.11421404348481579,484
2015,2016,FRA,benchmark,pinball_0.5,0.19385254806539143,0.8600310754240326,1.2477361715548154,484
2015,2016,GAB,benchmark,pinball_0.5,1.349771616354691,2.091442208295618,4.790985441005,484
2015,2016,GBR,benchmark,pinball_0.5,0.07288682669007285,2.2065202063535736,2.060746552973428,484
2015,2016,GEO,benchmark,pinball_0.5,0.4755815812988393,3.4502151799687084,4.401378342566387,484
2015,2016,GHA,benchmark,pinball_0.5,2.6839331186116526,3.3734657496693643,8.74133198689267,484
2015,2016,GMB,benchmark,pinball_0.5,0.7623143165931328,1.943359654787756,3.4679882879740216,484
2015,2016,GNQ,benchmark,pinball_0.5,5.555471706308142,-8.816417232197566,2.2945261804187185,484
2015,2016,GRC,benchmark,pinball_0.5,2.653670441581793,-0.0317947678412053,-5.339135651004791,484
2015,2016,GTM,benchmark,pinball_0.5,0.001819285460615383,2.677803193021603,2.6741646221003723,484
2015,2016,HKG,benchmark,pinball_0.5,0.06547287907009025,2.1754482032755504,2.306393961415731,484
2015,2016,HND,benchmark,pinball_0.5,0.5344875417925474,3.892972197264129,2.823997113679034,484
2015,2016,HRV,benchmark,pinball_0.5,2.1351938277725555,3.4661314601103896,-0.8042561954347218,484
2015,2016,HUN,benchmark,pinball_0.5,0.8297398874941178,2.4386414130934213,0.7791616381051857,484
2015,2016,IDN,benchmark,pinball_0.5,0.09331194869999138,5.033069182801768,4.846445285401785,484
2015,2016,IND,benchmark,pinball_0.5,1.6273795258244719,8.256305501766619,5.001546450117675,484
2015,2016,IRL,benchmark,pinball_0.5,0.28970804841733777,1.2227166113094654,1.802132708144141,484
2015,2016,ISR,benchmark,pinball_0.5,0.7744939880818529,4.536019392365716,2.9870314162020106,484
2015,2016,ITA,benchmark,pinball_0.5,0.887339002589878,1.236221085116611,-0.5384569200631448,484
2015,2016,JPN,benchmark,pinball_0.5,0.448763328409167,0.7049864951112568,1.6025131519295908,484
2015,2016,KEN,benchmark,pinball_0.5,0.3342064569203429,4.213517068147439,3.5451041543067534,484
2015,2016,KGZ,benchmark,pinball_0.5,1.239962390389597,4.335855921901157,1.8559311411219626,484
2015,2016,KHM,benchmark,pinball_0.5,0.8537967255688703,7.905501161307043,6.197907710169303,484
2015,2016,KOR,benchmark,pinball_0.5,0.31881387695214825,3.171527489839349,2.5338997359350524,484
2015,2016,KWT,benchmark,pinball_0.5,0.3273493246183037,2.9260758425638755,3.580774491800483,484
2015,2016,LBN,benchmark,pinball_0.5,0.5486983980146678,1.5545494085694287,2.6519462045987643,484
2015,2016,LSO,benchmark,pinball_0.5,0.8284396430110783,3.608907316877136,1.9520280308549793,484
2015,2016,LTU,benchmark,pinball_0.5,0.3821835088519523,2.671922150533291,3.4362891682371957,484
2015,2016,LUX,benchmark,pinball_0.5,0.9128275147091065,4.978190471226384,3.152535441808171,484
2015,2016,LVA,benchmark,pinball_0.5,0.4425293086175901,2.5516860197403446,3.436744636975525,484
2015,2016,MAR,benchmark,pinball_0.5,0.9873250722299112,0.5211855060896795,2.495835650549502,484
2015,2016,MDA,benchmark,pinball_0.5,0.8461177855030697,4.646014362594087,2.953778791587948,484
2015,2016,MDG,benchmark,pinball_0.5,1.0181801543288673,3.993146061994992,1.9567857533372575,484
2015,2016,MEX,benchmark,pinball_0.5,0.0674428006095007,1.772493225412802,1.6376076241938007,484
2015,2016,MKD,benchmark,pinball_0.5,0.3521090473695454,2.8482051936330635,2.1439870988939727,484
2015,2016,MLT,benchmark,pinball_0.5,0.47284747016712125,4.078004222169824,3.1323092818355813,484
2015,2016,MNE,benchmark,pinball_0.5,0.8501228925372644,3.439305621099905,1.7390598360253762,484
2015,2016,MUS,benchmark,pinball_0.5,0.3549473349718877,3.885761210760336,3.1758665408165605,484
2015,2016,MYS,benchmark,pinball_0.5,0.7273317389892238,4.449781397615411,2.995117919636963,484
2015,2016,NIC,benchmark,pinball_0.5,0.18522865723463022,4.563147395249672,4.1926900807804115,484
2015,2016,NLD,benchmark,pinball_0.5,0.6960422388805494,2.424280654494268,1.0321961767331693,484
2015,2016,NOR,benchmark,pinball_0.5,0.38487843325316184,1.2915873277113548,2.0613441942176784,484
2015,2016,PAN,benchmark,pinball_0.5,0.649262146063843,4.5719670793727545,5.8704913715004405,484
2015,2016,PER,benchmark,pinball_0.5,0.793379587672054,3.953318715207672,5.54007789055178,484
2015,2016,PHL,benchmark,pinball_0.5,1.0710223330282282,7.149456750007516,5.00741208395106,484
2015,2016,POL,benchmark,pinball_0.5,0.31729432095437415,3.03117767594847,2.396589034039722,484
2015,2016,PRT,benchmark,pinball_0.5,1.1644263566384634,2.0041412966657504,-0.3247114166111764,484
2015,2016,PRY,benchmark,pinball_0.5,1.415609371625128,4.268025833145828,1.4368070898955718,484
2015,2016,PSE,benchmark,pinball_0.5,1.0840052040720427,8.864618819959347,6.696608411815261,484
2015,2016,ROU,benchmark,pinball_0.5,1.4814592195829508,2.859932523020888,-0.10298591614501351,484
2015,2016,RUS,benchmark,pinball_0.5,0.8556096677240387,0.1936711306988172,1.9048904661468946,484
2015,2016,RWA,benchmark,pinball_0.5,0.599746524929655,5.658745842027784,6.858238891887094,484
2015,2016,SAU,benchmark,pinball_0.5,1.2788590318658937,1.7040473920287835,4.261765455760571,484
2015,2016,SGP,benchmark,pinball_0.5,0.20785083130075832,3.91095306322606,3.4952514006245434,484
2015,2016,SLB,benchmark,pinball_0.5,0.7603126323634397,5.554943482579915,4.034318217853036,484
2015,2016,SLV,benchmark,pinball_0.5,0.1425124978894563,2.539062411358642,2.2540374155797296,484
2015,2016,SVK,benchmark,pinball_0.5,0.07565526883249418,1.9478184152455784,2.099128952910567,484
2015,2016,SVN,benchmark,pinball_0.5,1.453605230059552,3.0344148666365385,0.12720440651743448,484
2015,2016,SYC,benchmark,pinball_0.5,4.679210950019088,12.117527245391344,2.7591053453531686,484
2015,2016,TCD,benchmark,pinball_0.5,3.697664601377234,-4.122503326370335,3.272825876384133,484
2015,2016,THA,benchmark,pinball_0.5,0.823173594710669,3.4351577169218217,1.7888105275004837,484
2015,2016,TJK,benchmark,pinball_0.5,0.76826793129952,6.899999999999992,5.363464137400952,484
2015,2016,TUR,benchmark,pinball_0.5,1.033687940570987,3.323665082004453,5.391040963146427,484
2015,2016,TZA,benchmark,pinball_0.5,0.7189465809899227,6.867116196445508,5.429223034465663,484
2015,2016,UGA,benchmark,pinball_0.5,0.3343779058028451,4.781000292544817,4.112244480939127,484
2015,2016,UKR,benchmark,pinball_0.5,0.5668917534502786,2.440981944920665,3.5747654518212224,484
2015,2016,USA,benchmark,pinball_0.5,0.28744981332291086,1.819451479090887,1.2445518524450652,484
2015,2016,VNM,benchmark,pinball_0.5,0.6405194474377174,6.690008926604236,5.408970031728801,484
2015,2016,VUT,benchmark,pinball_0.5,1.5730695462604891,3.619808306709274,0.47366921418829566,484
2015,2016,XKX,benchmark,pinball_0.5,1.6035511399068132,5.571775047316322,2.3646727675026957,484
2015,2016,ZAF,benchmark,pinball_0.5,0.9878443686732596,0.6645523078581164,2.6402410452046357,484
2015,2016,ZMB,benchmark,pinball_0.5,0.7330320020118526,3.7551003167898784,5.221164320813584,484
2015,2016,ALB,benchmark,pinball_0.9,1.9382217121597978,3.9089355136224526,1.7553558334448998,484
2015,2016,ARM,benchmark,pinball_0.9,0.4505258551943408,0.1999999998259909,4.7052585517694,484
2015,2016,AUS,benchmark,pinball_0.9,0.06925251154348755,2.755640655298677,3.448165770733553,484
2015,2016,AUT,benchmark,pinball_0.9,0.10104846115953062,2.11721964494312,3.1277042565384265,484
2015,2016,BEL,benchmark,pinball_0.9,0.12558844176582026,1.1935027300775405,2.4493871477357434,484
2015,2016,BGD,benchmark,pinball_0.9,1.3070542951808022,7.113478212700926,5.661195662500035,484
2015,2016,BGR,benchmark,pinball_0.9,0.6441067608216967,3.026628200963046,2.3109540222722718,484
2015,2016,BIH,benchmark,pinball_0.9,0.10670035880436217,3.2422582223156557,4.309261810359278,484
2015,2016,BLR,benchmark,pinball_0.9,0.6951918286303008,-2.526446446042499,4.425471840260511,484
2015,2016,BOL,benchmark,pinball_0.9,0.12734959145552593,4.2639208699217335,5.537416784476993,484
2015,2016,BRA,benchmark,pinball_0.9,0.9851608423089595,-3.275916907821923,6.575691515267676,484
2015,2016,BTN,benchmark,pinball_0.9,2.926381420489807,8.475943392329626,5.224408480674285,484
2015,2016,BWA,benchmark,pinball_0.9,2.9148713200622782,7.204424759142668,3.965678847962359,484
2015,2016,CAF,benchmark,pinball_0.9,0.4165723759215374,4.750316841223423,8.916040600438798,484
2015,2016,CHE,benchmark,pinball_0.9,0.10240386283588325,1.911590942148521,2.935629570507354,484
2015,2016,CHL,benchmark,pinball_0.9,0.30613196412947485,1.7530387490709956,4.8143583903657445,484
2015,2016,CHN,benchmark,pinball_0.9,0.5652215594129318,6.773688686772701,6.145664731869443,484
2015,2016,CMR,benchmark,pinball_0.9,0.06277566496747972,4.535794236788007,5.163550886462804,484
2015,2016,COG,benchmark,pinball_0.9,1.8168892490797464,-8.685243439137864,9.483649051659604,484
2015,2016,COL,benchmark,pinball_0.9,0.2504966443354567,2.0873825016279426,4.59234894498251,484
2015,2016,COM,benchmark,pinball_0.9,0.16273272544864073,3.320446554887696,4.9477738093741035,484
2015,2016,CRI,benchmark,pinball_0.9,0.1204902505497941,4.204323207751841,4.070445151585403,484
2015,2016,CYP,benchmark,pinball_0.9,4.04371248516434,6.573590809246781,2.0805769368419593,484
2015,2016,CZE,benchmark,pinball_0.9,0.037938804558357825,2.580870139213758,2.960258184797336,484
2015,2016,DNK,benchmark,pinball_0.9,0.8621219325478382,3.0730454920909267,2.11513223370444,484
2015,2016,DZA,benchmark,pinball_0.9,0.916788739791202,3.900000000176206,2.8813458448526483,484
2015,2016,ECU,benchmark,pinball_0.9,0.7378967810907618,-0.6879542458779468,6.691013565029674,484
2015,2016,ESP,benchmark,pinball_0.9,0.4688133913570681,2.915155985957867,2.3942522177833467,484
2015,2016,EST,benchmark,pinball_0.9,0.35030619912036415,3.093019207519589,6.5960811987232315,484
2015,2016,FIN,benchmark,pinball_0.9,0.17582687412189887,2.5719341489875376,2.376570955518761,484
2015,2016,FJI,benchmark,pinball_0.9,0.15900719631786725,2.445652024492489,4.035723987671162,484
2015,2016,FRA,benchmark,pinball_0.9,0.10139065427999652,0.8600310754240326,1.873937618223998,484
2015,2016,GAB,benchmark,pinball_0.9,0.3374304311343873,2.091442208295618,5.465746519639492,484
2015,2016,GBR,benchmark,pinball_0.9,0.3029902467985635,2.2065202063535736,5.2364226743392095,484
2015,2016,GEO,benchmark,pinball_0.9,0.17008586040878765,3.4502151799687084,5.151073784056585,484
2015,2016,GHA,benchmark,pinball_0.9,0.9435121631668506,3.3734657496693643,12.808587381337873,484
2015,2016,GMB,benchmark,pinball_0.9,0.6409767571558901,1.943359654787756,8.353127226346658,484
2015,2016,GNQ,benchmark,pinball_0.9,1.4122883881633663,-8.816417232197566,5.306466649436102,484
2015,2016,GRC,benchmark,pinball_0.9,0.7254629745357655,-0.0317947678412053,-0.8378647395476113,484
2015,2016,GTM,benchmark,pinball_0.9,0.09838481747192562,2.677803193021603,3.6616513677408595,484
2015,2016,HKG,benchmark,pinball_0.9,0.7936750963305564,2.1754482032755504,1.2935869851304878,484
2015,2016,HND,benchmark,pinball_0.9,0.1762536279657538,3.892972197264129,3.697134832857736,484
2015,2016,HRV,benchmark,pinball_0.9,3.838784952022131,3.4661314601103896,-0.7991851532475331,484
2015,2016,HUN,benchmark,pinball_0.9,0.06157195970413526,2.4386414130934213,3.054361010134774,484
2015,2016,IDN,benchmark,pinball_0.9,0.003278232094477928,5.033069182801768,5.065851503746547,484
2015,2016,IND,benchmark,pinball_0.9,1.879609611147323,8.256305501766619,6.167850378269593,484
2015,2016,IRL,benchmark,pinball_0.9,0.8397356809799591,1.2227166113094654,9.620073421109058,484
2015,2016,ISR,benchmark,pinball_0.9,1.3480169073891712,4.536019392365716,3.0382228285999706,484
2015,2016,ITA,benchmark,pinball_0.9,0.012331277295263728,1.236221085116611,1.3595338580692484,484
2015,2016,JPN,benchmark,pinball_0.9,0.17390981156490085,0.7049864951112568,2.4440846107602656,484
2015,2016,KEN,benchmark,pinball_0.9,0.0029592606062570853,4.213517068147439,4.24310967421001,484
2015,2016,KGZ,benchmark,pinball_0.9,0.5044113096204031,4.335855921901157,9.37996901810519,484
2015,2016,KHM,benchmark,pinball_0.9,1.2146980923903772,7.905501161307043,6.5558366142066244,484
2015,2016,KOR,benchmark,pinball_0.9,0.17351935640637928,3.171527489839349,2.978728204943372,484
2015,2016,KWT,benchmark,pinball_0.9,0.6546378614349381,2.9260758425638755,9.472454456913258,484
2015,2016,LBN,benchmark,pinball_0.9,0.11066351736966966,1.5545494085694287,2.6611845822661255,484
2015,2016,LSO,benchmark,pinball_0.9,0.24777723496018156,3.608907316877136,6.086679666478952,484
2015,2016,LTU,benchmark,pinball_0.9,0.1395141556902519,2.671922150533291,4.0670637074358105,484
2015,2016,LUX,benchmark,pinball_0.9,1.602770206903159,4.978190471226384,3.1973346857784293,484
2015,2016,LVA,benchmark,pinball_0.9,0.10355340643938174,2.5516860197403446,3.587220084134162,484
2015,2016,MAR,benchmark,pinball_0.9,0.3997106027449049,0.5211855060896795,4.518291533538729,484
2015,2016,MDA,benchmark,pinball_0.9,0.3627299750090335,4.646014362594087,8.273314112684423,484
2015,2016,MDG,benchmark,pinball_0.9,0.2773674596809491,3.993146061994992,6.766820658804484,484
2015,2016,MEX,benchmark,pinball_0.9,0.2443545962327524,1.772493225412802,4.216039187740327,484
2015,2016,MKD,benchmark,pinball_0.9,0.6534954679777072,2.8482051936330635,2.1220991181022777,484
2015,2016,MLT,benchmark,pinball_0.9,0.26830830178870957,4.078004222169824,6.76108724005692,484
2015,2016,MNE,benchmark,pinball_0.9,0.239321820929819,3.439305621099905,5.832523830398095,484
2015,2016,MUS,benchmark,pinball_0.9,0.021939257695703148,3.885761210760336,4.105153787717367,484
2015,2016,MYS,benchmark,pinball_0.9,0.056452873324365604,4.449781397615411,5.014310130859067,484
2015,2016,NIC,benchmark,pinball_0.9,0.09016276189067883,4.563147395249672,5.46477501415646,484
2015,2016,NLD,benchmark,pinball_0.9,0.6227657116839513,2.424280654494268,1.7323187526232111,484
2015,2016,NOR,benchmark,pinball_0.9,0.12043330374261207,1.2915873277113548,2.4959203651374757,484
2015,2016,PAN,benchmark,pinball_0.9,0.34767740901764743,4.5719670793727545,8.04874116954923,484
2015,2016,PER,benchmark,pinball_0.9,0.1961694068575152,3.953318715207672,5.915012783782824,484
2015,2016,PHL,benchmark,pinball_0.9,1.2842319011783316,7.149456750007516,5.722532415364926,484
2015,2016,POL,benchmark,pinball_0.9,0.120091748569793,3.03117767594847,4.2320951616464,484
2015,2016,PRT,benchmark,pinball_0.9,0.14691484759533538,2.0041412966657504,3.4732897726191045,484
2015,2016,PRY,benchmark,pinball_0.9,0.42683088867765046,4.268025833145828,8.536334719922333,484
2015,2016,PSE,benchmark,pinball_0.9,0.11575595451204135,8.864618819959347,10.02217836507976,484
2015,2016,ROU,benchmark,pinball_0.9,0.09418099798982842,2.859932523020888,3.8017425029191725,484
2015,2016,RUS,benchmark,pinball_0.9,0.3592664910923856,0.1936711306988172,3.786336041622674,484
2015,2016,RWA,benchmark,pinball_0.9,0.2550379639736835,5.658745842027784,8.20912548176462,484
2015,2016,SAU,benchmark,pinball_0.9,0.8289106187074369,1.7040473920287835,9.993153579103154,484
2015,2016,SGP,benchmark,pinball_0.9,0.46942700956022587,3.91095306322606,8.60522315882832,484
2015,2016,SLB,benchmark,pinball_0.9,0.34334716625206047,5.554943482579915,5.173446631188737,484
2015,2016,SLV,benchmark,pinball_0.9,0.04600571157105761,2.539062411358642,2.9991195270692184,484
2015,2016,SVK,benchmark,pinball_0.9,0.45707393226776893,1.9478184152455784,6.518557737923269,484
2015,2016,SVN,benchmark,pinball_0.9,0.005227299520795946,3.0344148666365385,3.086687861844498,484
2015,2016,SYC,benchmark,pinball_0.9,8.003258907439687,12.117527245391344,3.2250173482361357,484
2015,2016,TCD,benchmark,pinball_0.9,1.4814200001041502,-4.122503326370335,10.69169667467117,484
2015,2016,THA,benchmark,pinball_0.9,0.27550464288816984,3.4351577169218217,6.190204145803521,484
2015,2016,TJK,benchmark,pinball_0.9,1.0351782843860051,6.899999999999992,5.7498019062377645,484
2015,2016,TUR,benchmark,pinball_0.9,0.5098376598910515,3.323665082004453,8.422041680914969,484
2015,2016,TZA,benchmark,pinball_0.9,0.9663059586550681,6.867116196445508,5.793442909050988,484
2015,2016,UGA,benchmark,pinball_0.9,0.8712778481078992,4.781000292544817,3.8129137946471516,484
2015,2016,UKR,benchmark,pinball_0.9,0.47285414681165827,2.440981944920665,7.169523413037249,484
2015,2016,USA,benchmark,pinball_0.9,0.010056857409348828,1.819451479090887,1.9200200531843752,484
2015,2016,VNM,benchmark,pinball_0.9,0.060068557376438035,6.690008926604236,6.62326608507486,484
2015,2016,VUT,benchmark,pinball_0.9,0.7406177009699495,3.619808306709274,2.7968997500759967,484
2015,2016,XKX,benchmark,pinball_0.9,0.5572085818557753,5.571775047316322,4.952654400809905,484
2015,2016,ZAF,benchmark,pinball_0.9,0.19748761036490295,0.6645523078581164,2.6394284115071462,484
2015,2016,ZMB,benchmark,pinball_0.9,0.13962024816842697,3.7551003167898784,5.151302798474148,484
2015,2016,ALB,disinformation,squared_error,10.317706976646962,3.9089355136224526,0.6968167461035799,484
2015,2016,ARM,disinformation,squared_error,9.153707382706873,0.1999999998259909,3.2255094416732435,484
2015,2016,AUS,disinformation,squared_error,0.21396327716424024,2.755640655298677,2.2930790084187826,484
2015,2016,AUT,disinformation,squared_error,0.49441080237849516,2.11721964494312,1.4140761301621794,484
2015,2016,BEL,disinformation,squared_error,0.27150445766366665,1.1935027300775405,0.672441833767266,484
2015,2016,BGD,disinformation,squared_error,5.456669845245388,7.113478212700926,4.777526619613991,484
2015,2016,BGR,disinformation,squared_error,3.072028560248099,3.026628200963046,1.2739078695216322,484
2015,2016,BIH,disinformation,squared_error,7.663943382074534,3.2422582223156557,0.473875412429253,484
2015,2016,BLR,disinformation,squared_error,3.0418762460055837,-2.526446446042499,-0.7823489011770794,484
2015,2016,BOL,disinformation,squared_error,0.050808562825424286,4.2639208699217335,4.489328418210215,484
2015,2016,BRA,disinformation,squared_error,41.826204667731076,-3.275916907821923,3.191401289679347,484
2015,2016,BTN,disinformation,squared_error,22.784866137737417,8.475943392329626,3.7025938202013267,484
2015,2016,BWA,disinformation,squared_error,17.59709663406593,7.204424759142668,3.009535412084044,484
2015,2016,CAF,disinformation,squared_error,80.8262658648592,4.750316841223423,-4.24002608131625,484
2015,2016,CHE,disinformation,squared_error,0.7555868794170205,1.911590942148521,1.0423459367461199,484
2015,2016,CHL,disinformation,squared_error,1.1569582418117046,1.7530387490709956,2.828658682789084,484
2015,2016,CHN,disinformation,squared_error,1.5385826201712383,6.773688686772701,5.533292532243335,484
2015,2016,CMR,disinformation,squared_error,0.24380237484333875,4.535794236788007,4.042030756118022,484
2015,2016,COG,disinformation,squared_error,169.79630371307584,-8.685243439137864,4.345347633913113,484
2015,2016,COL,disinformation,squared_error,0.016706422424704784,2.0873825016279426,2.216635828179737,484
2015,2016,COM,disinformation,squared_error,0.06116245408441329,3.320446554887696,3.5677569955981787,484
2015,2016,CRI,disinformation,squared_error,2.5490940852123387,4.204323207751841,2.6077349436047133,484
2015,2016,CYP,disinformation,squared_error,60.530124403705905,6.573590809246781,-1.2065200128241944,484
2015,2016,CZE,disinformation,squared_error,1.328124772162544,2.580870139213758,1.4284271809019184,484
2015,2016,DNK,disinformation,squared_error,3.4729216230711457,3.0730454920909267,1.2094678513495634,484
2015,2016,DZA,disinformation,squared_error,4.075993622446937,3.900000000176206,1.8810909823036974,484
2015,2016,ECU,disinformation,squared_error,11.29692434966444,-0.6879542458779468,2.673135510386298,484
2015,2016,ESP,disinformation,squared_error,2.2975856472717013,2.915155985957867,1.399377094670717,484
2015,2016,EST,disinformation,squared_error,0.0348471772591361,3.093019207519589,2.90634522095709,484
2015,2016,FIN,disinformation,squared_error,12.353014760967403,2.5719341489875376,-0.9427514359499547,484
2015,2016,FJI,disinformation,squared_error,7.16823467575981,2.445652024492489,-0.23170388680503784,484
2015,2016,FRA,disinformation,squared_error,0.08093156697430526,0.8600310754240326,1.144515814864139,484
2015,2016,GAB,disinformation,squared_error,6.813391239585375,2.091442208295618,4.701689560479961,484
2015,2016,GBR,disinformation,squared_error,0.18037652848588923,2.2065202063535736,1.7818126263813188,484
2015,2016,GEO,disinformation,squared_error,0.06924596091862792,3.4502151799687084,3.713361452825893,484
2015,2016,GHA,disinformation,squared_error,25.560440512882874,3.3734657496693643,8.429199179438271,484
2015,2016,GMB,disinformation,squared_error,7.440124684717147,1.943359654787756,4.671018849906741,484
2015,2016,GNQ,disinformation,squared_error,106.67046000407272,-8.816417232197566,1.511722000213698,484
2015,2016,GRC,disinformation,squared_error,37.63632301213317,-0.0317947678412053,-6.166639754646754,484
2015,2016,GTM,disinformation,squared_error,9.769196115262144e-05,2.677803193021603,2.687687117401758,484
2015,2016,HKG,disinformation,squared_error,0.09974225659029835,2.1754482032755504,1.8596282283051595,484
2015,2016,HND,disinformation,squared_error,0.29565792898420096,3.892972197264129,3.3492278373079074,484
2015,2016,HRV,disinformation,squared_error,20.187533091664303,3.4661314601103896,-1.0269224113298696,484
2015,2016,HUN,disinformation,squared_error,2.650900814307219,2.4386414130934213,0.8104826940776064,484
2015,2016,IDN,disinformation,squared_error,0.10591949378764184,5.033069182801768,4.7076164307967465,484
2015,2016,IND,disinformation,squared_error,15.716598863998817,8.256305501766619,4.2918889161895155,484
2015,2016,IRL,disinformation,squared_error,1.2060484730072822,1.2227166113094654,2.320918993845254,484
2015,2016,ISR,disinformation,squared_error,2.7586677548645677,4.536019392365716,2.8750956268470915,484
2015,2016,ITA,disinformation,squared_error,3.84557364870407,1.236221085116611,-0.7247923387803468,484
2015,2016,JPN,disinformation,squared_error,1.126102099143259,0.7049864951112568,1.7661660742321796,484
2015,2016,KEN,disinformation,squared_error,3.397628312489166,4.213517068147439,2.370251402951788,484
2015,2016,KGZ,disinformation,squared_error,2.379567094786984,4.335855921901157,2.793271371613237,484
2015,2016,KHM,disinformation,squared_error,5.867820763164693,7.905501161307043,5.483142648789812,484
2015,2016,KOR,disinformation,squared_error,1.1761185388466888,3.171527489839349,2.0870374996381074,484
2015,2016,KWT,disinformation,squared_error,0.08175826479511594,2.9260758425638755,3.2120098643156005,484
2015,2016,LBN,disinformation,squared_error,1.843330136751096,1.5545494085694287,2.9122423549866574,484
2015,2016,LSO,disinformation,squared_error,0.10965321534853488,3.608907316877136,3.2777680480663607,484
2015,2016,LTU,disinformation,squared_error,0.10121667216568139,2.671922150533291,2.990067828117761,484
2015,2016,LUX,disinformation,squared_error,4.982024369736249,4.978190471226384,2.746145585984098,484
2015,2016,LVA,disinformation,squared_error,0.13996888986664038,2.5516860197403446,2.9258101834435735,484
2015,2016,MAR,disinformation,squared_error,7.737618047065231,0.5211855060896795,3.3028429341467778,484
2015,2016,MDA,disinformation,squared_error,3.0367026583642995,4.646014362594087,2.9034006192865522,484
2015,2016,MDG,disinformation,squared_error,3.3340136089576164,3.993146061994992,2.167217911996308,484
2015,2016,MEX,disinformation,squared_error,0.18962113754660098,1.772493225412802,1.3370381329559553,484
2015,2016,MKD,disinformation,squared_error,1.1514418868475809,2.8482051936330635,1.7751525915451785,484
2015,2016,MLT,disinformation,squared_error,3.6885491997996,4.078004222169824,2.1574446162737715,484
2015,2016,MNE,disinformation,squared_error,6.45376572188215,3.439305621099905,0.8988793336666028,484
2015,2016,MUS,disinformation,squared_error,0.4118345263713854,3.885761210760336,3.2440178614598656,484
2015,2016,MYS,disinformation,squared_error,8.200478367731046,4.449781397615411,1.5861336595493185,484
2015,2016,NIC,disinformation,squared_error,0.8982297964009753,4.563147395249672,3.6153975356342904,484
2015,2016,NLD,disinformation,squared_error,2.1051207306573434,2.424280654494268,0.9733772357039809,484
2015,2016,NOR,disinformation,squared_error,0.04531893566569946,1.2915873277113548,1.5044697733608245,484
2015,2016,PAN,disinformation,squared_error,0.6553383581569183,4.5719670793727545,5.381496793562986,484
2015,2016,PER,disinformation,squared_error,0.23773566922018496,3.953318715207672,4.44090016401411,484
2015,2016,PHL,disinformation,squared_error,10.98159040796124,7.149456750007516,3.8356084722553137,484
2015,2016,POL,disinformation,squared_error,2.0380902599059283,3.03117767594847,1.6035606895316201,484
2015,2016,PRT,disinformation,squared_error,5.386875030165471,2.0041412966657504,-0.3168229491091541,484
2015,2016,PRY,disinformation,squared_error,2.9396869167507265,4.268025833145828,2.5534743125577974,484
2015,2016,PSE,disinformation,squared_error,9.517481720359243,8.864618819959347,5.779577212402126,484
2015,2016,ROU,disinformation,squared_error,11.809192181934375,2.859932523020888,-0.576517997783154,484
2015,2016,RUS,disinformation,squared_error,6.485864359825454,0.1936711306988172,2.7404071515351847,484
2015,2016,RWA,disinformation,squared_error,0.004688403161434054,5.658745842027784,5.590273926898776,484
2015,2016,SAU,disinformation,squared_error,16.24345290280254,1.7040473920287835,5.734364116903213,484
2015,2016,SGP,disinformation,squared_error,0.06702631386753902,3.91095306322606,4.169847470016819,484
2015,2016,SLB,disinformation,squared_error,3.429436443870127,5.554943482579915,3.703069716938713,484
2015,2016,SLV,disinformation,squared_error,0.3056844774661268,2.539062411358642,1.9861750110083296,484
2015,2016,SVK,disinformation,squared_error,0.022123339027789426,1.9478184152455784,1.7990792508409421,484
2015,2016,SVN,disinformation,squared_error,6.033271867727096,3.0344148666365385,0.5781429216501746,484
2015,2016,SYC,disinformation,squared_error,91.40291722422721,12.117527245391344,2.557039955288018,484
2015,2016,TCD,disinformation,squared_error,94.21313082314977,-4.122503326370335,5.583841548151163,484
2015,2016,THA,disinformation,squared_error,1.5049636182023023,3.4351577169218217,2.208388130486658,484
2015,2016,TJK,disinformation,squared_error,4.739400620147878,6.899999999999992,4.722983550786097,484
2015,2016,TUR,disinformation,squared_error,4.89825580200973,3.323665082004453,5.536865434889327,484
2015,2016,TZA,disinformation,squared_error,7.022974499632947,6.867116196445508,4.217026669725147,484
2015,2016,UGA,disinformation,squared_error,3.6278478639313168,4.781000292544817,2.876309277201038,484
2015,2016,UKR,disinformation,squared_error,1.7848102706371503,2.440981944920665,3.7769498601930156,484
2015,2016,USA,disinformation,squared_error,0.39111548929047063,1.819451479090887,1.1940592107580663,484
2015,2016,VNM,disinformation,squared_error,8.250363038406912,6.690008926604236,3.817664407155548,484
2015,2016,VUT,disinformation,squared_error,6.643675001980825,3.619808306709274,1.042275571324362,484
2015,2016,XKX,disinformation,squared_error,11.328541628543062,5.571775047316322,2.205985150643765,484
2015,2016,ZAF,disinformation,squared_error,3.6998597496885277,0.6645523078581164,2.588054257347258,484
2015,2016,ZMB,disinformation,squared_error,1.9555514375391474,3.7551003167898784,5.153510641958835,484
2015,2016,ALB,disinformation,pinball_0.1,0.2809849694217624,3.9089355136224526,1.099085819404829,484
2015,2016,ARM,disinformation,pinball_0.1,2.6128994520995574,0.1999999998259909,3.1032216132699437,484
2015,2016,AUS,disinformation,pinball_0.1,0.03496125948712443,2.755640655298677,2.406028060427433,484
2015,2016,AUT,disinformation,pinball_0.1,0.2859097971006133,2.11721964494312,-0.7418783260630128,484
2015,2016,BEL,disinformation,pinball_0.1,0.1392868364494568,1.1935027300775405,-0.1993656344170276,484
2015,2016,BGD,disinformation,pinball_0.1,0.0937302469665302,7.113478212700926,6.176175743035624,484
2015,2016,BGR,disinformation,pinball_0.1,0.22236759985819365,3.026628200963046,0.8029522023811095,484
2015,2016,BIH,disinformation,pinball_0.1,0.45271777695539817,3.2422582223156557,-1.2849195472383252,484
2015,2016,BLR,disinformation,pinball_0.1,0.012262623051601107,-2.526446446042499,-2.64907267655851,484
2015,2016,BOL,disinformation,pinball_0.1,0.04220728194886414,4.2639208699217335,3.841848050433092,484
2015,2016,BRA,disinformation,pinball_0.1,3.7969147438346225,-3.275916907821923,0.942877251994324,484
2015,2016,BTN,disinformation,pinball_0.1,0.4837373859218379,8.475943392329626,3.638569533111247,484
2015,2016,BWA,disinformation,pinball_0.1,0.4275599271219115,7.204424759142668,2.9288254879235534,484
2015,2016,CAF,disinformation,pinball_0.1,3.228083374568928,4.750316841223423,-27.53051690446586,484
2015,2016,CHE,disinformation,pinball_0.1,0.38633696410187696,1.911590942148521,-1.951778698870248,484
2015,2016,CHL,disinformation,pinball_0.1,0.7449373411705907,1.7530387490709956,2.5807469059272075,484
2015,2016,CHN,disinformation,pinball_0.1,0.09986517164094924,6.773688686772701,5.7750369703632085,484
2015,2016,CMR,disinformation,pinball_0.1,0.1463450802841347,4.535794236788007,3.07234343394666,484
2015,2016,COG,disinformation,pinball_0.1,5.044511390124613,-8.685243439137864,-3.0802307834438496,484
2015,2016,COL,disinformation,pinball_0.1,0.20515908314961986,2.0873825016279426,0.035791670131744,484
2015,2016,COM,disinformation,pinball_0.1,0.03718809979465472,3.320446554887696,2.9485655569411486,484
2015,2016,CRI,disinformation,pinball_0.1,0.2968425189335903,4.204323207751841,1.2358980184159378,484
2015,2016,CYP,disinformation,pinball_0.1,0.5842992525596644,6.573590809246781,0.7305982836501368,484
2015,2016,CZE,disinformation,pinball_0.1,0.28891890188561764,2.580870139213758,-0.30831887964241833,484
2015,2016,DNK,disinformation,pinball_0.1,0.18137778635059548,3.0730454920909267,1.259267628584972,484
2015,2016,DZA,disinformation,pinball_0.1,0.47699464172812595,3.900000000176206,-0.8699464171050533,484
2015,2016,ECU,disinformation,pinball_0.1,0.025894109135270595,-0.6879542458779468,-0.9468953372306528,484
2015,2016,ESP,disinformation,pinball_0.1,0.26197129494320953,2.915155985957867,0.2954430365257714,484
2015,2016,EST,disinformation,pinball_0.1,0.3117202113044426,3.093019207519589,-0.02418290552483704,484
2015,2016,FIN,disinformation,pinball_0.1,0.8583978932480195,2.5719341489875376,-6.012044783492657,484
2015,2016,FJI,disinformation,pinball_0.1,0.74153311142804,2.445652024492489,-4.969679089787911,484
2015,2016,FRA,disinformation,pinball_0.1,0.036055208857780484,0.8600310754240326,0.4994789868462277,484
2015,2016,GAB,disinformation,pinball_0.1,1.5471446698232512,2.091442208295618,3.8104918414325635,484
2015,2016,GBR,disinformation,pinball_0.1,0.5528552818450772,2.2065202063535736,-3.322032612097198,484
2015,2016,GEO,disinformation,pinball_0.1,0.10280433725414567,3.4502151799687084,2.422171807427252,484
2015,2016,GHA,disinformation,pinball_0.1,2.4501429105960875,3.3734657496693643,6.095846761442795,484
2015,2016,GMB,disinformation,pinball_0.1,0.6967792495181998,1.943359654787756,-5.024432840394242,484
2015,2016,GNQ,disinformation,pinball_0.1,8.432428908957899,-8.816417232197566,0.552948222200099,484
2015,2016,GRC,disinformation,pinball_0.1,0.6040248492632229,-0.0317947678412053,-6.072043260473434,484
2015,2016,GTM,disinformation,pinball_0.1,0.02198676044201933,2.677803193021603,2.45793558860141,484
2015,2016,HKG,disinformation,pinball_0.1,0.09832456729496891,2.1754482032755504,1.1922025303258614,484
2015,2016,HND,disinformation,pinball_0.1,0.29175111835586076,3.892972197264129,4.217140106548419,484
2015,2016,HRV,disinformation,pinball_0.1,0.39798195030300754,3.4661314601103896,-0.5136880429196857,484
2015,2016,HUN,disinformation,pinball_0.1,0.3783775033211505,2.4386414130934213,-1.345133620118084,484
2015,2016,IDN,disinformation,pinball_0.1,0.06325909348895538,5.033069182801768,4.400478247912214,484
2015,2016,IND,disinformation,pinball_0.1,0.5776384656769433,8.256305501766619,2.479920844997186,484
2015,2016,IRL,disinformation,pinball_0.1,0.27629050244247416,1.2227166113094654,-1.5401884131152759,484
2015,2016,ISR,disinformation,pinball_0.1,0.1451008521373792,4.536019392365716,3.0850108709919244,484
2015,2016,ITA,disinformation,pinball_0.1,0.4088853624259235,1.236221085116611,-2.8526325391426237,484
2015,2016,JPN,disinformation,pinball_0.1,0.07784368263804708,0.7049864951112568,-0.07345033126921408,484
2015,2016,KEN,disinformation,pinball_0.1,0.6393088237284332,4.213517068147439,-2.179571169136893,484
2015,2016,KGZ,disinformation,pinball_0.1,0.8365795870695822,4.335855921901157,-4.029939948794665,484
2015,2016,KHM,disinformation,pinball_0.1,0.400676146768791,7.905501161307043,3.8987396936191336,484
2015,2016,KOR,disinformation,pinball_0.1,0.1293727431123486,3.171527489839349,1.877800058715863,484
2015,2016,KWT,disinformation,pinball_0.1,0.5263780296375564,2.9260758425638755,-2.3377044538116882,484
2015,2016,LBN,disinformation,pinball_0.1,1.2602935335416872,1.5545494085694287,2.954875556949081,484
2015,2016,LSO,disinformation,pinball_0.1,0.08445237064695524,3.608907316877136,3.7027432842626418,484
2015,2016,LTU,disinformation,pinball_0.1,0.2978928087997585,2.671922150533291,-0.30700593746429394,484
2015,2016,LUX,disinformation,pinball_0.1,0.5482728049053025,4.978190471226384,-0.5045375778266408,484
2015,2016,LVA,disinformation,pinball_0.1,0.2160861006512511,2.5516860197403446,0.3908250132278335,484
2015,2016,MAR,disinformation,pinball_0.1,2.094248671250739,0.5211855060896795,2.8481284741460557,484
2015,2016,MDA,disinformation,pinball_0.1,0.6411224342392368,4.646014362594087,-1.7652099797982803,484
2015,2016,MDG,disinformation,pinball_0.1,0.4049558275097983,3.993146061994992,-0.05641221310299116,484
2015,2016,MEX,disinformation,pinball_0.1,0.7644548629424772,1.772493225412802,-5.87205540401197,484
2015,2016,MKD,disinformation,pinball_0.1,0.137586160690038,2.8482051936330635,1.4723435867326833,484
2015,2016,MLT,disinformation,pinball_0.1,0.5923739312383642,4.078004222169824,-1.845735090213818,484
2015,2016,MNE,disinformation,pinball_0.1,0.6162810765379844,3.439305621099905,-2.7235051442799385,484
2015,2016,MUS,disinformation,pinball_0.1,0.13415221383061712,3.885761210760336,2.5442390724541646,484
2015,2016,MYS,disinformation,pinball_0.1,0.7699706562642789,4.449781397615411,-3.2499251650273777,484
2015,2016,NIC,disinformation,pinball_0.1,0.27457730674834,4.563147395249672,1.817374327766272,484
2015,2016,NLD,disinformation,pinball_0.1,0.3425211810868808,2.424280654494268,-1.0009311563745396,484
2015,2016,NOR,disinformation,pinball_0.1,0.12438081044728513,1.2915873277113548,0.047779223238503477,484
2015,2016,PAN,disinformation,pinball_0.1,1.1950252351152884,4.5719670793727545,5.899772896167519,484
2015,2016,PER,disinformation,pinball_0.1,0.027710811279717664,3.953318715207672,3.6762106024104955,484
2015,2016,PHL,disinformation,pinball_0.1,0.7518975067341698,7.149456750007516,-0.3695183173341805,484
2015,2016,POL,disinformation,pinball_0.1,0.3086657111829449,3.03117767594847,-0.05547943588097848,484
2015,2016,PRT,disinformation,pinball_0.1,0.38964010075371935,2.0041412966657504,-1.8922597108714427,484
2015,2016,PRY,disinformation,pinball_0.1,0.49186523799503257,4.268025833145828,-0.6506265468044972,484
2015,2016,PSE,disinformation,pinball_0.1,0.7412402943714097,8.864618819959347,1.4522158762452504,484
2015,2016,ROU,disinformation,pinball_0.1,0.6713389187843626,2.859932523020888,-3.8534566648227373,484
2015,2016,RUS,disinformation,pinball_0.1,0.035699111727102203,0.1936711306988172,-0.1633199865722048,484
2015,2016,RWA,disinformation,pinball_0.1,0.0973446700952449,5.658745842027784,4.685299141075335,484
2015,2016,SAU,disinformation,pinball_0.1,1.986335807770695,1.7040473920287835,3.911087178440667,484
2015,2016,SGP,disinformation,pinball_0.1,0.07203496702586101,3.91095306322606,3.19060339296745,484
2015,2016,SLB,disinformation,pinball_0.1,0.32998311243779277,5.554943482579915,2.2551123582019876,484
2015,2016,SLV,disinformation,pinball_0.1,0.11583869514344665,2.539062411358642,1.3806754599241757,484
2015,2016,SVK,disinformation,pinball_0.1,0.4831528672934338,1.9478184152455784,-2.88371025768876,484
2015,2016,SVN,disinformation,pinball_0.1,0.5285733515691907,3.0344148666365385,-2.251318649055369,484
2015,2016,SYC,disinformation,pinball_0.1,0.8832285420586736,12.117527245391344,3.2852418248046087,484
2015,2016,TCD,disinformation,pinball_0.1,7.6671947852362345,-4.122503326370335,4.396601990558814,484
2015,2016,THA,disinformation,pinball_0.1,0.3847229779513791,3.4351577169218217,-0.41207206259196916,484
2015,2016,TJK,disinformation,pinball_0.1,0.9121861817529886,6.899999999999992,7.913540201947757,484
2015,2016,TUR,disinformation,pinball_0.1,1.03619338561064,3.323665082004453,4.474991066016275,484
2015,2016,TZA,disinformation,pinball_0.1,0.3466056024708941,6.867116196445508,3.4010601717365674,484
2015,2016,UGA,disinformation,pinball_0.1,0.12757928550778982,4.781000292544817,3.505207437466919,484
2015,2016,UKR,disinformation,pinball_0.1,0.5922582136977884,2.440981944920665,-3.4816001920572184,484
2015,2016,USA,disinformation,pinball_0.1,0.21831525930553541,1.819451479090887,-0.363701113964467,484
2015,2016,VNM,disinformation,pinball_0.1,0.37252480119878656,6.690008926604236,2.9647609146163703,484
2015,2016,VUT,disinformation,pinball_0.1,0.19016119985097257,3.619808306709274,1.7181963081995484,484
2015,2016,XKX,disinformation,pinball_0.1,0.4826407477069233,5.571775047316322,0.7453675702470894,484
2015,2016,ZAF,disinformation,pinball_0.1,1.0383260183345984,0.6645523078581164,1.8182478837854479,484
2015,2016,ZMB,disinformation,pinball_0.1,0.37663476133343926,3.7551003167898784,4.173583384938144,484
2015,2016,ALB,disinformation,pinball_0.5,1.5283303287519865,3.9089355136224526,0.8522748561184796,484
2015,2016,ARM,disinformation,pinball_0.5,1.6379312099549705,0.1999999998259909,3.475862419735932,484
2015,2016,AUS,disinformation,pinball_0.5,0.251674720295898,2.755640655298677,2.252291214706881,484
2015,2016,AUT,disinformation,pinball_0.5,0.28722456116303063,2.11721964494312,1.542770522617059,484
2015,2016,BEL,disinformation,pinball_0.5,0.21369868462874042,1.1935027300775405,0.7661053608200596,484
2015,2016,BGD,disinformation,pinball_0.5,0.8881240304037776,7.113478212700926,5.337230151893371,484
2015,2016,BGR,disinformation,pinball_0.5,0.8163364819542029,3.026628200963046,1.39395523705464,484
2015,2016,BIH,disinformation,pinball_0.5,1.46141383653436,3.2422582223156557,0.3194305492469356,484
2015,2016,BLR,disinformation,pinball_0.5,1.0036788237532472,-2.526446446042499,-0.5190887985360044,484
2015,2016,BOL,disinformation,pinball_0.5,0.1746885532984841,4.2639208699217335,4.613297976518702,484
2015,2016,BRA,disinformation,pinball_0.5,3.4572751839652374,-3.275916907821923,3.6386334601085517,484
2015,2016,BTN,disinformation,pinball_0.5,1.7500649761971525,8.475943392329626,4.975813439935321,484
2015,2016,BWA,disinformation,pinball_0.5,1.9719368171973253,7.204424759142668,3.2605511247480177,484
2015,2016,CAF,disinformation,pinball_0.5,0.1005213146998094,4.750316841223423,4.549274211823804,484
2015,2016,CHE,disinformation,pinball_0.5,0.445330111855588,1.911590942148521,1.020930718437345,484
2015,2016,CHL,disinformation,pinball_0.5,0.7978107979691376,1.7530387490709956,3.3486603450092707,484
2015,2016,CHN,disinformation,pinball_0.5,0.41689774164318916,6.773688686772701,5.9398932034863225,484
2015,2016,CMR,disinformation,pinball_0.5,0.3054407842396394,4.535794236788007,3.9249126683087283,484
2015,2016,COG,disinformation,pinball_0.5,7.930400473021759,-8.685243439137864,7.175557506905655,484
2015,2016,COL,disinformation,pinball_0.5,0.14600150914626808,2.0873825016279426,2.3793855199204788,484
2015,2016,COM,disinformation,pinball_0.5,0.10982283616097321,3.320446554887696,3.1008008825657494,484
2015,2016,CRI,disinformation,pinball_0.5,0.4268524570019827,4.204323207751841,3.3506182937478757,484
2015,2016,CYP,disinformation,pinball_0.5,4.668881275711197,6.573590809246781,-2.7641717421756127,484
2015,2016,CZE,disinformation,pinball_0.5,0.7664073586818181,2.580870139213758,1.0480554218501217,484
2015,2016,DNK,disinformation,pinball_0.5,1.0218991134699307,3.0730454920909267,1.0292472651510653,484
2015,2016,DZA,disinformation,pinball_0.5,0.728056679976419,3.900000000176206,2.443886640223368,484
2015,2016,ECU,disinformation,pinball_0.5,2.2143139373733387,-0.6879542458779468,3.74067362886873,484
2015,2016,ESP,disinformation,pinball_0.5,0.7739197984073147,2.915155985957867,1.3673163891432374,484
2015,2016,EST,disinformation,pinball_0.5,0.06374850730470505,3.093019207519589,3.220516222128999,484
2015,2016,FIN,disinformation,pinball_0.5,1.6253481627136424,2.5719341489875376,-0.6787621764397471,484
2015,2016,FJI,disinformation,pinball_0.5,1.10493558641936,2.445652024492489,0.23578085165376894,484
2015,2016,FRA,disinformation,pinball_0.5,0.20412763423597546,0.8600310754240326,1.2682863438959835,484
2015,2016,GAB,disinformation,pinball_0.5,1.390016147846926,2.091442208295618,4.87147450398947,484
2015,2016,GBR,disinformation,pinball_0.5,0.08596049649826121,2.2065202063535736,2.034599213357051,484
2015,2016,GEO,disinformation,pinball_0.5,0.29571055073198504,3.4502151799687084,4.0416362814326785,484
2015,2016,GHA,disinformation,pinball_0.5,3.0866950758145464,3.3734657496693643,9.546855901298457,484
2015,2016,GMB,disinformation,pinball_0.5,2.733739658467278,1.943359654787756,7.410838971722312,484
2015,2016,GNQ,disinformation,pinball_0.5,5.474060271151845,-8.816417232197566,2.1317033101061234,484
2015,2016,GRC,disinformation,pinball_0.5,2.998592457507594,-0.0317947678412053,-6.028979682856393,484
2015,2016,GTM,disinformation,pinball_0.5,0.13019908761104926,2.677803193021603,2.9382013682437016,484
2015,2016,HKG,disinformation,pinball_0.5,0.0898105812861032,2.1754482032755504,2.355069365847757,484
2015,2016,HND,disinformation,pinball_0.5,0.26633330932526533,3.892972197264129,3.3603055786135982,484
2015,2016,HRV,disinformation,pinball_0.5,2.2336639343670357,3.4661314601103896,-1.0011964086236818,484
2015,2016,HUN,disinformation,pinball_0.5,0.47950613711912604,2.4386414130934213,1.4796291388551692,484
2015,2016,IDN,disinformation,pinball_0.5,0.0932167972963005,5.033069182801768,4.846635588209167,484
2015,2016,IND,disinformation,pinball_0.5,1.6331835098855816,8.256305501766619,4.9899384819954555,484
2015,2016,IRL,disinformation,pinball_0.5,0.0030929024911474645,1.2227166113094654,1.2289024162917603,484
2015,2016,ISR,disinformation,pinball_0.5,0.7402543786874505,4.536019392365716,3.0555106349908154,484
2015,2016,ITA,disinformation,pinball_0.5,0.966714728986906,1.236221085116611,-0.6972083728572009,484
2015,2016,JPN,disinformation,pinball_0.5,0.42942051097466827,0.7049864951112568,1.5638275170605933,484
2015,2016,KEN,disinformation,pinball_0.5,0.41928233877690735,4.213517068147439,3.3749523905936245,484
2015,2016,KGZ,disinformation,pinball_0.5,1.1611889829488407,4.335855921901157,2.0134779560034755,484
2015,2016,KHM,disinformation,pinball_0.5,1.006671649589475,7.905501161307043,5.8921578621280934,484
2015,2016,KOR,disinformation,pinball_0.5,0.3604538845183436,3.171527489839349,2.4506197208026617,484
2015,2016,KWT,disinformation,pinball_0.5,0.3480178427579719,2.9260758425638755,2.230040157047932,484
2015,2016,LBN,disinformation,pinball_0.5,0.611653115701968,1.5545494085694287,2.7778556399733647,484
2015,2016,LSO,disinformation,pinball_0.5,0.5475070919804399,3.608907316877136,2.513893132916256,484
2015,2016,LTU,disinformation,pinball_0.5,0.40107385887500246,2.671922150533291,3.474069868283296,484
2015,2016,LUX,disinformation,pinball_0.5,1.1804393546801988,4.978190471226384,2.6173117618659862,484
2015,2016,LVA,disinformation,pinball_0.5,0.5622252781564849,2.5516860197403446,3.6761365760533145,484
2015,2016,MAR,disinformation,pinball_0.5,0.9300491610900785,0.5211855060896795,2.3812838282698365,484
2015,2016,MDA,disinformation,pinball_0.5,0.8864922724875355,4.646014362594087,2.8730298176190163,484
2015,2016,MDG,disinformation,pinball_0.5,0.9798036320358756,3.993146061994992,2.033538797923241,484
2015,2016,MEX,disinformation,pinball_0.5,0.08764771921417114,1.772493225412802,1.9477886638411444,484
2015,2016,MKD,disinformation,pinball_0.5,0.3712289522529153,2.8482051936330635,2.105747289127233,484
2015,2016,MLT,disinformation,pinball_0.5,0.7406280733889226,4.078004222169824,2.5967480753919787,484
2015,2016,MNE,disinformation,pinball_0.5,0.9429336082988833,3.439305621099905,1.5534384045021383,484
2015,2016,MUS,disinformation,pinball_0.5,0.42322598048093907,3.885761210760336,3.0393092497984577,484
2015,2016,MYS,disinformation,pinball_0.5,0.8615961446196438,4.449781397615411,2.726589108376123,484
2015,2016,NIC,disinformation,pinball_0.5,0.2422763207199874,4.563147395249672,4.078594753809697,484
2015,2016,NLD,disinformation,pinball_0.5,0.6773632178113944,2.424280654494268,1.0695542188714793,484
2015,2016,NOR,disinformation,pinball_0.5,0.4631942351871441,1.2915873277113548,2.217975798085643,484
2015,2016,PAN,disinformation,pinball_0.5,0.6364276339649391,4.5719670793727545,5.844822347302633,484
2015,2016,PER,disinformation,pinball_0.5,0.6345467004009091,3.953318715207672,5.22241211600949,484
2015,2016,PHL,disinformation,pinball_0.5,1.2091249438032374,7.149456750007516,4.7312068624010415,484
2015,2016,POL,disinformation,pinball_0.5,0.5788873457251822,3.03117767594847,1.8734029844981057,484
2015,2016,PRT,disinformation,pinball_0.5,1.326389457387096,2.0041412966657504,-0.6486376181084417,484
2015,2016,PRY,disinformation,pinball_0.5,1.197160146346898,4.268025833145828,1.8737055404520315,484
2015,2016,PSE,disinformation,pinball_0.5,1.1601834122709276,8.864618819959347,6.544251995417492,484
2015,2016,ROU,disinformation,pinball_0.5,1.3652616571476601,2.859932523020888,0.12940920872556783,484
2015,2016,RUS,disinformation,pinball_0.5,1.1623369332497493,0.1936711306988172,2.518344997198316,484
2015,2016,RWA,disinformation,pinball_0.5,0.23844748816982353,5.658745842027784,6.135640818367431,484
2015,2016,SAU,disinformation,pinball_0.5,2.036917175080206,1.7040473920287835,5.777881742189196,484
2015,2016,SGP,disinformation,pinball_0.5,0.15854376339563991,3.91095306322606,3.5938655364347802,484
2015,2016,SLB,disinformation,pinball_0.5,0.5364096306985093,5.554943482579915,4.482124221182897,484
2015,2016,SLV,disinformation,pinball_0.5,0.1333206504392599,2.539062411358642,2.2724211104801224,484
2015,2016,SVK,disinformation,pinball_0.5,0.03714960822426583,1.9478184152455784,2.02211763169411,484
2015,2016,SVN,disinformation,pinball_0.5,1.6681823834769856,3.0344148666365385,-0.30194990031743263,484
2015,2016,SYC,disinformation,pinball_0.5,4.816504130669578,12.117527245391344,2.484518984052187,484
2015,2016,TCD,disinformation,pinball_0.5,3.5886968775633816,-4.122503326370335,3.054890428756428,484
2015,2016,THA,disinformation,pinball_0.5,0.5762636824850111,3.4351577169218217,2.2826303519517994,484
2015,2016,TJK,disinformation,pinball_0.5,1.0852966147217837,6.899999999999992,4.729406770556425,484
2015,2016,TUR,disinformation,pinball_0.5,1.0721646870795487,3.323665082004453,5.4679944561635505,484
2015,2016,TZA,disinformation,pinball_0.5,0.980256112957238,6.867116196445508,4.906603970531032,484
2015,2016,UGA,disinformation,pinball_0.5,0.8014256513378983,4.781000292544817,3.1781489898690207,484
2015,2016,UKR,disinformation,pinball_0.5,1.123837427440764,2.440981944920665,4.688656799802193,484
2015,2016,USA,disinformation,pinball_0.5,0.0012526826170127237,1.819451479090887,1.8219568443249123,484
2015,2016,VNM,disinformation,pinball_0.5,0.9819906464965991,6.690008926604236,4.726027633611038,484
2015,2016,VUT,disinformation,pinball_0.5,1.5974879480935096,3.619808306709274,0.42483241052225473,484
2015,2016,XKX,disinformation,pinball_0.5,1.7181955394235986,5.571775047316322,2.135383968469125,484
2015,2016,ZAF,disinformation,pinball_0.5,1.1509152802826446,0.6645523078581164,2.9663828684234055,484
2015,2016,ZMB,disinformation,pinball_0.5,0.8129781865086976,3.7551003167898784,5.381056689807274,484
2015,2016,ALB,disinformation,pinball_0.9,2.360950575440781,3.9089355136224526,1.2856570964660294,484
2015,2016,ARM,disinformation,pinball_0.9,0.355215202590187,0.1999999998259909,3.7521520257278618,484
2015,2016,AUS,disinformation,pinball_0.9,0.05214792607733861,2.755640655298677,3.2771199160720634,484
2015,2016,AUT,disinformation,pinball_0.9,0.0391476136716712,2.11721964494312,2.5086957816598323,484
2015,2016,BEL,disinformation,pinball_0.9,0.09440370751915439,1.1935027300775405,2.1375398052690846,484
2015,2016,BGD,disinformation,pinball_0.9,1.6420702769146958,7.113478212700926,5.2889556827957085,484
2015,2016,BGR,disinformation,pinball_0.9,1.8514309695666566,3.026628200963046,0.9694826792223163,484
2015,2016,BIH,disinformation,pinball_0.9,1.0113404299465065,3.2422582223156557,2.118546633486204,484
2015,2016,BLR,disinformation,pinball_0.9,0.5941425499115573,-2.526446446042499,3.4149790530730755,484
2015,2016,BOL,disinformation,pinball_0.9,0.14285418552420698,4.2639208699217335,5.692462725163804,484
2015,2016,BRA,disinformation,pinball_0.9,0.8841626307593333,-3.275916907821923,5.565709399771412,484
2015,2016,BTN,disinformation,pinball_0.9,2.9990673430395174,8.475943392329626,5.14364634450794,484
2015,2016,BWA,disinformation,pinball_0.9,3.017754324002005,7.204424759142668,3.8513643991404405,484
2015,2016,CAF,disinformation,pinball_0.9,0.42062961317607633,4.750316841223423,8.956612972984187,484
2015,2016,CHE,disinformation,pinball_0.9,0.11795526444624956,1.911590942148521,3.091143586611017,484
2015,2016,CHL,disinformation,pinball_0.9,0.22957117272443842,1.7530387490709956,4.04875047631538,484
2015,2016,CHN,disinformation,pinball_0.9,0.8264632198729677,6.773688686772701,5.855396220247181,484
2015,2016,CMR,disinformation,pinball_0.9,0.059836863453826244,4.535794236788007,5.13416287132627,484
2015,2016,COG,disinformation,pinball_0.9,1.7906848586140416,-8.685243439137864,9.221605147002556,484
2015,2016,COL,disinformation,pinball_0.9,0.26880297123272673,2.0873825016279426,4.77541221395521,484
2015,2016,COM,disinformation,pinball_0.9,0.147546911962304,3.320446554887696,4.795915674510736,484
2015,2016,CRI,disinformation,pinball_0.9,0.06963266154920555,4.204323207751841,4.126953583808279,484
2015,2016,CYP,disinformation,pinball_0.9,4.685299955113284,6.573590809246781,1.3677019702320212,484
2015,2016,CZE,disinformation,pinball_0.9,0.2695440485398086,2.580870139213758,2.281376751947304,484
2015,2016,DNK,disinformation,pinball_0.9,0.7569445342172957,3.0730454920909267,2.231996009627265,484
2015,2016,DZA,disinformation,pinball_0.9,0.9257998155747349,3.900000000176206,2.8713335384265006,484
2015,2016,ECU,disinformation,pinball_0.9,0.7205554257250196,-0.6879542458779468,6.5176000113722505,484
2015,2016,ESP,disinformation,pinball_0.9,0.8550338716882312,2.915155985957867,1.965118350748721,484
2015,2016,EST,disinformation,pinball_0.9,0.24564235664472361,3.093019207519589,5.549442773966826,484
2015,2016,FIN,disinformation,pinball_0.9,0.15075243516156797,2.5719341489875376,2.404431443252462,484
2015,2016,FJI,disinformation,pinball_0.9,0.05475426712698387,2.445652024492489,2.9931946957623277,484
2015,2016,FRA,disinformation,pinball_0.9,0.08931102993533784,0.8600310754240326,1.7531413747774112,484
2015,2016,GAB,disinformation,pinball_0.9,0.3070094251299906,2.091442208295618,5.161536459595524,484
2015,2016,GBR,disinformation,pinball_0.9,0.23997465902334514,2.2065202063535736,4.606266796587025,484
2015,2016,GEO,disinformation,pinball_0.9,0.25998280828154247,3.4502151799687084,6.050043262784134,484
2015,2016,GHA,disinformation,pinball_0.9,0.9084939016504735,3.3734657496693643,12.458404766174102,484
2015,2016,GMB,disinformation,pinball_0.9,0.716532800869919,1.943359654787756,9.108687663486947,484
2015,2016,GNQ,disinformation,pinball_0.9,1.2658214204747529,-8.816417232197566,3.841796972549966,484
2015,2016,GRC,disinformation,pinball_0.9,1.4958463037534482,-0.0317947678412053,-1.6938462164561479,484
2015,2016,GTM,disinformation,pinball_0.9,0.044264728359897754,2.677803193021603,3.1204504766205807,484
2015,2016,HKG,disinformation,pinball_0.9,0.9433451895452265,2.1754482032755504,1.127286881558632,484
2015,2016,HND,disinformation,pinball_0.9,0.7554674335296914,3.892972197264129,3.053563937786694,484
2015,2016,HRV,disinformation,pinball_0.9,4.203297453341432,3.4661314601103896,-1.2041990436023124,484
2015,2016,HUN,disinformation,pinball_0.9,0.006438468471601099,2.4386414130934213,2.5030260978094323,484
2015,2016,IDN,disinformation,pinball_0.9,0.36378159865366816,5.033069182801768,4.628867406519914,484
2015,2016,IND,disinformation,pinball_0.9,2.869640061120438,8.256305501766619,5.067816544966132,484
2015,2016,IRL,disinformation,pinball_0.9,0.8026348824437163,1.2227166113094654,9.24906543574663,484
2015,2016,ISR,disinformation,pinball_0.9,1.609643831567234,4.536019392365716,2.747526246179901,484
2015,2016,ITA,disinformation,pinball_0.9,0.6067333056913731,1.236221085116611,0.5620729676817522,484
2015,2016,JPN,disinformation,pinball_0.9,0.17131617230220067,0.7049864951112568,2.418148218133264,484
2015,2016,KEN,disinformation,pinball_0.9,0.2371145147677011,4.213517068147439,3.950056496183327,484
2015,2016,KGZ,disinformation,pinball_0.9,0.5546709599734895,4.335855921901157,9.882565521636053,484
2015,2016,KHM,disinformation,pinball_0.9,1.3911174296716746,7.905501161307043,6.359815128338516,484
2015,2016,KOR,disinformation,pinball_0.9,0.3120436134451066,3.171527489839349,2.8248123637892304,484
2015,2016,KWT,disinformation,pinball_0.9,0.602411602760671,2.9260758425638755,8.950191870170586,484
2015,2016,LBN,disinformation,pinball_0.9,0.07307191364843163,1.5545494085694287,2.285268545053745,484
2015,2016,LSO,disinformation,pinball_0.9,0.17432256956152276,3.608907316877136,5.352133012492364,484
2015,2016,LTU,disinformation,pinball_0.9,0.15143739337406498,2.671922150533291,4.186296084273941,484
2015,2016,LUX,disinformation,pinball_0.9,1.231611663866052,4.978190471226384,3.6097330669307706,484
2015,2016,LVA,disinformation,pinball_0.9,0.09201591064239348,2.5516860197403446,3.4718451261642795,484
2015,2016,MAR,disinformation,pinball_0.9,0.38791571725469354,0.5211855060896795,4.4003426786366155,484
2015,2016,MDA,disinformation,pinball_0.9,0.32390957997343683,4.646014362594087,7.8851101623284565,484
2015,2016,MDG,disinformation,pinball_0.9,0.2664355344327622,3.993146061994992,6.657501406322615,484
2015,2016,MEX,disinformation,pinball_0.9,0.1972994086680131,1.772493225412802,3.7454873120929335,484
2015,2016,MKD,disinformation,pinball_0.9,1.4235305494614219,2.8482051936330635,1.2665045831203725,484
2015,2016,MLT,disinformation,pinball_0.9,0.19116914230634544,4.078004222169824,5.989695645233279,484
2015,2016,MNE,disinformation,pinball_0.9,0.11438367779544885,3.439305621099905,4.583142399054394,484
2015,2016,MUS,disinformation,pinball_0.9,0.3022146257002199,3.885761210760336,3.549967182204536,484
2015,2016,MYS,disinformation,pinball_0.9,0.028851288757928455,4.449781397615411,4.738294285194695,484
2015,2016,NIC,disinformation,pinball_0.9,0.0775332564147625,4.563147395249672,5.338479959397297,484
2015,2016,NLD,disinformation,pinball_0.9,1.0605101871337874,2.424280654494268,1.2459360021233932,484
2015,2016,NOR,disinformation,pinball_0.9,0.10096427161712851,1.2915873277113548,2.30123004388264,484
2015,2016,PAN,disinformation,pinball_0.9,0.296258798038741,4.5719670793727545,7.534555059760165,484
2015,2016,PER,disinformation,pinball_0.9,0.20888907882753832,3.953318715207672,6.042209503483056,484
2015,2016,PHL,disinformation,pinball_0.9,1.3165794125728565,7.149456750007516,5.686590736037676,484
2015,2016,POL,disinformation,pinball_0.9,0.11721994919620495,3.03117767594847,4.20337716791052,484
2015,2016,PRT,disinformation,pinball_0.9,0.1303464451420443,2.0041412966657504,3.3076057480861936,484
2015,2016,PRY,disinformation,pinball_0.9,0.30369521152489737,4.268025833145828,7.304977948394802,484
2015,2016,PSE,disinformation,pinball_0.9,0.14283849536578522,8.864618819959347,10.2930037736172,484
2015,2016,ROU,disinformation,pinball_0.9,0.07802078607448831,2.859932523020888,3.6401403837657713,484
2015,2016,RUS,disinformation,pinball_0.9,0.22534834131079529,0.1936711306988172,2.4471545438067706,484
2015,2016,RWA,disinformation,pinball_0.9,0.27013437803113916,5.658745842027784,8.360089622339176,484
2015,2016,SAU,disinformation,pinball_0.9,0.6808528097825024,1.7040473920287835,8.512575489853809,484
2015,2016,SGP,disinformation,pinball_0.9,0.32222168107575205,3.91095306322606,7.133169873983581,484
2015,2016,SLB,disinformation,pinball_0.9,0.07018504354793623,5.554943482579915,5.476960100859986,484
2015,2016,SLV,disinformation,pinball_0.9,0.07310863493590239,2.539062411358642,2.457830594763195,484
2015,2016,SVK,disinformation,pinball_0.9,0.4020904976855898,1.9478184152455784,5.968723392101477,484
2015,2016,SVN,disinformation,pinball_0.9,0.02331201267477691,3.0344148666365385,3.2675349933843076,484
2015,2016,SYC,disinformation,pinball_0.9,7.899377440221,12.117527245391344,3.3404412007013438,484
2015,2016,TCD,disinformation,pinball_0.9,1.484496874854179,-4.122503326370335,10.722465422171457,484
2015,2016,THA,disinformation,pinball_0.9,0.21073080214849918,3.4351577169218217,5.542465738406814,484
2015,2016,TJK,disinformation,pinball_0.9,1.966440975927709,6.899999999999992,4.715065582302538,484
2015,2016,TUR,disinformation,pinball_0.9,0.4277899715609905,3.323665082004453,7.601564797614359,484
2015,2016,TZA,disinformation,pinball_0.9,1.0342101527418583,6.867116196445508,5.71799380451011,484
2015,2016,UGA,disinformation,pinball_0.9,0.6839978022878723,4.781000292544817,4.0210027344471815,484
2015,2016,UKR,disinformation,pinball_0.9,0.20010934756795745,2.440981944920665,4.44207542060024,484
2015,2016,USA,disinformation,pinball_0.9,0.03518355719581584,1.819451479090887,2.1712870510490454,484
2015,2016,VNM,disinformation,pinball_0.9,0.435172262094656,6.690008926604236,6.206484190943507,484
2015,2016,VUT,disinformation,pinball_0.9,0.9477804555524595,3.619808306709274,2.5667189116509856,484
2015,2016,XKX,disinformation,pinball_0.9,0.5882525809130346,5.571775047316322,4.9181610685240615,484
2015,2016,ZAF,disinformation,pinball_0.9,0.1730383046848026,0.6645523078581164,2.394935354706143,484
2015,2016,ZMB,disinformation,pinball_0.9,0.1484597088535623,3.7551003167898784,5.239697405325502,484
2016,2017,ALB,benchmark,squared_error,7.580024090079179,3.283175933300725,0.529991578761571,591
2016,2017,ARM,benchmark,squared_error,15.631975580556782,7.500000001641439,3.5462706759848657,591
2016,2017,AUS,benchmark,squared_error,0.6561752927459478,2.293310301929182,1.4832638262588365,591
2016,2017,AUT,benchmark,squared_error,0.7463631982767247,2.272249920382066,1.4083267766495204,591
2016,2017,BEL,benchmark,squared_error,0.5949746587993946,1.4744676155678462,0.7031216109762657,591
2016,2017,BGD,benchmark,squared_error,2.3962154689116684,6.590249997940575,5.0422785935174605,591
2016,2017,BGR,benchmark,squared_error,1.819284842207857,2.745927377509957,1.397118702342179,591
2016,2017,BIH,benchmark,squared_error,8.095475422933493,3.244098953065944,0.39884405711488125,591
2016,2017,BLR,benchmark,squared_error,13.342231730001004,2.532183494719092,-1.1205184819005447,591
2016,2017,BOL,benchmark,squared_error,0.6516556420876767,4.195206333646468,3.387954426192744,591
2016,2017,BRA,benchmark,squared_error,4.665471378681516,1.3228690540439914,3.482839280385437,591
2016,2017,BTN,benchmark,squared_error,1.542258924178259,2.08684522733067,3.3287224049043056,591
2016,2017,BWA,benchmark,squared_error,4.480554485960347,4.114378564450831,1.9976465346557635,591
2016,2017,CAF,benchmark,squared_error,97.24119728589399,4.52727821346231,-5.333816922773522,591
2016,2017,CHE,benchmark,squared_error,0.4596397194321627,1.4203461223126084,0.7423787783850688,591
2016,2017,CHL,benchmark,squared_error,0.5855473568478753,1.3576953734395687,2.122906035184343,591
2016,2017,CHN,benchmark,squared_error,6.7585815449142626,6.891239166361913,4.291511960496986,591
2016,2017,CMR,benchmark,squared_error,0.4724153315795833,3.541176549260072,4.228501313530634,591
2016,2017,COG,benchmark,squared_error,118.91060393777727,-5.594773719155469,5.309840163865666,591
2016,2017,COL,benchmark,squared_error,2.1791635492987744,1.3593608678874602,2.8355598887849727,591
2016,2017,COM,benchmark,squared_error,0.7264939157211162,3.815762874895484,2.9634167505298503,591
2016,2017,CRI,benchmark,squared_error,5.594053594960571,4.157699146769332,1.792523974618108,591
2016,2017,CYP,benchmark,squared_error,10.243553643897721,5.75083236554525,2.5502771568513394,591
2016,2017,CZE,benchmark,squared_error,17.701826153512933,5.173565299678813,0.966211481242226,591
2016,2017,DNK,benchmark,squared_error,1.3793183651743044,3.0564772392271777,1.8820333856631581,591
2016,2017,DZA,benchmark,squared_error,0.04426238438239322,1.4999999989558717,1.2896137247305952,591
2016,2017,ECU,benchmark,squared_error,8.0287185332313,5.9703988095484135,3.136899465410268,591
2016,2017,ESP,benchmark,squared_error,0.000883359165633059,2.896042078650069,2.866320719905337,591
2016,2017,EST,benchmark,squared_error,9.20115681967331,5.634672489639911,2.6013316219375504,591
2016,2017,FIN,benchmark,squared_error,22.85989395507663,3.3033700359103904,-1.4778321094790545,591
2016,2017,FJI,benchmark,squared_error,41.20365575739134,5.353364349795768,-1.065643031208817,591
2016,2017,FRA,benchmark,squared_error,1.0813268601329074,2.083614859973991,1.0437461855093222,591
2016,2017,GAB,benchmark,squared_error,15.58543203490886,0.4726420309111461,4.420480937820705,591
2016,2017,GBR,benchmark,squared_error,0.16638516153798263,3.0232221984033885,2.615318825607842,591
2016,2017,GEO,benchmark,squared_error,1.2165441911384591,5.159902616588269,4.056931995429909,591
2016,2017,GHA,benchmark,squared_error,0.22255019164014775,8.128894881009558,8.600647137644486,591
2016,2017,GIN,benchmark,squared_error,53.0584684081485,10.300005342735515,3.0158809335735945,591
2016,2017,GMB,benchmark,squared_error,6.5956644230043,4.822611249275695,2.2544086826925414,591
2016,2017,GNQ,benchmark,squared_error,49.43469827578789,-5.667508504866859,1.3634728118333843,591
2016,2017,GRC,benchmark,squared_error,14.658058799669028,1.4731247270235173,-2.355459711077467,591
2016,2017,GTM,benchmark,squared_error,1.3346011625062804,3.079851221224402,1.9246018271512952,591
2016,2017,HKG,benchmark,squared_error,9.979691403454945,3.796109372438906,0.6370444152949499,591
2016,2017,HND,benchmark,squared_error,6.910392020112536,4.842913910503867,2.2141514602028636,591
2016,2017,HRV,benchmark,squared_error,6.570448484405397,3.284062693978896,0.7207740866610628,591
2016,2017,HUN,benchmark,squared_error,5.602845942310034,4.124183894518055,1.75715074259347,591
2016,2017,IDN,benchmark,squared_error,0.8304947421089238,5.069785901349164,4.158471058877626,591
2016,2017,IND,benchmark,squared_error,9.35924685496985,6.795383419024219,3.736094799921757,591
2016,2017,IRL,benchmark,squared_error,24.013774103160603,10.1088576065965,5.208472509161748,591
2016,2017,ISR,benchmark,squared_error,4.563653896582638,4.343945189325467,2.2076741633124666,591
2016,2017,ITA,benchmark,squared_error,3.1750552999792445,1.603699952941014,-0.17816853266033483,591
2016,2017,JPN,benchmark,squared_error,0.08068180156564903,1.6234506224544134,1.3394052007950439,591
2016,2017,KEN,benchmark,squared_error,4.954976488237569,3.837958173647209,1.6119805259073292,591
2016,2017,KGZ,benchmark,squared_error,6.669836048640676,4.739937223778838,2.1573346510548284,591
2016,2017,KHM,benchmark,squared_error,12.064913077572935,8.07503915535979,4.601580781120516,591
2016,2017,KOR,benchmark,squared_error,3.1283205716799296,3.4331917639720047,1.6644858608665931,591
2016,2017,KWT,benchmark,squared_error,21.972855254098747,-4.712222704953618,-0.024701477897814073,591
2016,2017,LBN,benchmark,squared_error,0.009507215826506432,0.9030284640738132,1.0005334169044588,591
2016,2017,LSO,benchmark,squared_error,33.14194959429095,-3.1381749373347105,2.6187295776186987,591
2016,2017,LTU,benchmark,squared_error,10.308282916408357,4.612243103128094,1.4015916246258948,591
2016,2017,LUX,benchmark,squared_error,7.2685203930688385,1.3171194229840495,4.013138783646884,591
2016,2017,LVA,benchmark,squared_error,1.2505360720967942,3.398948726239311,2.2806750244575005,591
2016,2017,MAR,benchmark,squared_error,2.2310569153325495,5.057898161734457,3.56422586992057,591
2016,2017,MDA,benchmark,squared_error,0.005909161685383148,4.175612051062785,4.098740979225695,591
2016,2017,MDG,benchmark,squared_error,2.04515991095972,3.9333075946279337,2.5032167195574995,591
2016,2017,MEX,benchmark,squared_error,0.6335935416765365,1.8717285464838085,1.0757426535959154,591
2016,2017,MKD,benchmark,squared_error,0.987086367643332,1.081772738132429,2.0752949410264216,591
2016,2017,MLT,benchmark,squared_error,63.000715661025495,12.971342528784476,5.0340435133116745,591
2016,2017,MNE,benchmark,squared_error,2.6641695998022885,3.216685047362745,1.5844566320353164,591
2016,2017,MOZ,benchmark,squared_error,11.396502297015022,2.6382073731065816,6.014077971487838,591
2016,2017,MUS,benchmark,squared_error,0.568609874965056,3.954417309602647,3.200355060869125,591
2016,2017,MYS,benchmark,squared_error,28.183716886982463,5.812722409833285,0.5038885560587607,591
2016,2017,NIC,benchmark,squared_error,3.5314525512938015,4.631207575802094,2.751991635231718,591
2016,2017,NLD,benchmark,squared_error,1.4307614921606924,2.781508346799868,1.5853639189983202,591
2016,2017,NOR,benchmark,squared_error,3.172125145104169,2.669644742734661,0.8885986610444174,591
2016,2017,PAK,benchmark,squared_error,1.9667490755908694,4.432625906839746,3.0302175941180662,591
2016,2017,PAN,benchmark,squared_error,7.672091635128607,5.744059463557804,2.974205381637854,591
2016,2017,PER,benchmark,squared_error,1.7522431404003669,2.5188354423313517,3.8425586537318193,591
2016,2017,PHL,benchmark,squared_error,10.344264021691933,6.930988325840204,3.7147383321842486,591
2016,2017,POL,benchmark,squared_error,12.484932641828246,5.1524577332590695,1.6190553160656576,591
2016,2017,PRT,benchmark,squared_error,1.346324896459236,3.3147200817598588,2.1544076684593563,591
2016,2017,PRY,benchmark,squared_error,8.51209541048928,4.810078855540411,1.8925292997506074,591
2016,2017,PSE,benchmark,squared_error,6.696372746620677,1.419367562947869,4.007102624081577,591
2016,2017,ROU,benchmark,squared_error,60.3893035842997,8.195478266412607,0.42442276639848775,591
2016,2017,RUS,benchmark,squared_error,1.487379286613166,1.8267052754919175,3.0462868785891297,591
2016,2017,RWA,benchmark,squared_error,0.02967731198155956,4.703934397510608,4.8762054397131775,591
2016,2017,SAU,benchmark,squared_error,4.905196874194938,1.182107058782833,3.396874964048515,591
2016,2017,SGP,benchmark,squared_error,5.936807446119747,4.326793707705008,1.8902372347046903,591
2016,2017,SLB,benchmark,squared_error,1.6425777955803962,3.075461761445908,1.7938308490610684,591
2016,2017,SLV,benchmark,squared_error,0.6836216385344912,2.247619081341384,1.420804931405323,591
2016,2017,SVK,benchmark,squared_error,3.100166735257395,2.8747332745369505,1.1140042393764022,591
2016,2017,SVN,benchmark,squared_error,10.540620302939328,5.174402155799584,1.9277700080287081,591
2016,2017,SWZ,benchmark,squared_error,1.411752905103876,3.520953459879834,2.3327813742357235,591
2016,2017,SYC,benchmark,squared_error,28.307365502432422,6.954162187942714,1.6336955258507109,591
2016,2017,TCD,benchmark,squared_error,58.636742949793586,-1.6174692282020402,6.039993990762422,591
2016,2017,THA,benchmark,squared_error,20.059999546023366,4.177681032100097,-0.3011580525314741,591
2016,2017,TJK,benchmark,squared_error,0.4322001743629422,7.100000418643091,6.44258108947567,591
2016,2017,TUR,benchmark,squared_error,11.015958725683776,7.825857300025945,4.5068275132232145,591
2016,2017,TZA,benchmark,squared_error,5.014683594106368,6.727269968324379,4.487921046403909,591
2016,2017,UGA,benchmark,squared_error,0.24431866083437787,3.1314055172359616,3.625691528401944,591
2016,2017,UKR,benchmark,squared_error,46.53676593385912,2.35997228099491,9.181758405893515,591
2016,2017,USA,benchmark,squared_error,2.3432007826678958,2.457622301264493,0.926870596164056,591
2016,2017,UZB,benchmark,squared_error,2.118097615395043,4.700274019560609,6.155642569239708,591
2016,2017,VNM,benchmark,squared_error,10.555127339478146,6.94019037359206,3.6913248270546,591
2016,2017,VUT,benchmark,squared_error,3.2294215901896663,4.223321925199656,2.426262774757004,591
2016,2017,XKX,benchmark,squared_error,7.901155671528945,4.825655652980544,2.0147562112486015,591
2016,2017,ZAF,benchmark,squared_error,0.7163567784950357,1.157946951817351,2.004325577785089,591
2016,2017,ZMB,benchmark,squared_error,2.048710423598391,3.5258627714992627,4.95719446736797,591
2016,2017,ALB,benchmark,pinball_0.1,0.36837383616219466,3.283175933300725,-0.400562428321221,591
2016,2017,ARM,benchmark,pinball_0.1,0.3073643568522517,7.500000001641439,4.426356433118922,591
2016,2017,AUS,benchmark,pinball_0.1,0.07719901183919707,2.293310301929182,1.5213201835372114,591
2016,2017,AUT,benchmark,pinball_0.1,0.2951895831463846,2.272249920382066,-0.6796459110817796,591
2016,2017,BEL,benchmark,pinball_0.1,0.11686429272336261,1.4744676155678462,0.30582468833422016,591
2016,2017,BGD,benchmark,pinball_0.1,0.09295740680762182,6.590249997940575,5.6606759298643565,591
2016,2017,BGR,benchmark,pinball_0.1,0.3683187410813154,2.745927377509957,-0.9372600333031968,591
2016,2017,BIH,benchmark,pinball_0.1,0.5435707706689558,3.244098953065944,-2.1916087536236137,591
2016,2017,BLR,benchmark,pinball_0.1,0.5790590537443427,2.532183494719092,-3.2584070427243352,591
2016,2017,BOL,benchmark,pinball_0.1,0.03292030727743676,4.195206333646468,3.866003260872101,591
2016,2017,BRA,benchmark,pinball_0.1,0.11568468812701793,1.3228690540439914,0.16602217277381204,591
2016,2017,BTN,benchmark,pinball_0.1,0.5652919392598746,2.08684522733067,2.714947382063864,591
2016,2017,BWA,benchmark,pinball_0.1,0.27029938570530243,4.114378564450831,1.411384707397807,591
2016,2017,CAF,benchmark,pinball_0.1,3.3985213556328846,4.52727821346231,-29.457935342866534,591
2016,2017,CHE,benchmark,pinball_0.1,0.26507783017549047,1.4203461223126084,-1.230432179442296,591
2016,2017,CHL,benchmark,pinball_0.1,1.4636644155503138,1.3576953734395687,2.983989168495473,591
2016,2017,CHN,benchmark,pinball_0.1,0.21443696683225166,6.891239166361913,4.746869498039397,591
2016,2017,CMR,benchmark,pinball_0.1,0.018784099031053183,3.541176549260072,3.3533355589495404,591
2016,2017,COG,benchmark,pinball_0.1,4.923715649800941,-5.594773719155469,-0.12397855270998015,591
2016,2017,COL,benchmark,pinball_0.1,0.4108778934398764,1.3593608678874602,1.815891860598434,591
2016,2017,COM,benchmark,pinball_0.1,0.12637746377357914,3.815762874895484,2.5519882371596925,591
2016,2017,CRI,benchmark,pinball_0.1,0.36419851602652087,4.157699146769332,0.5157139865041236,591
2016,2017,CYP,benchmark,pinball_0.1,0.2987990068064357,5.75083236554525,2.7628422974808933,591
2016,2017,CZE,benchmark,pinball_0.1,0.6529271390817276,5.173565299678813,-1.3557060911384624,591
2016,2017,DNK,benchmark,pinball_0.1,0.18611626644969423,3.0564772392271777,1.1953145747302356,591
2016,2017,DZA,benchmark,pinball_0.1,0.32569060492108437,1.4999999989558717,-1.756906050254972,591
2016,2017,ECU,benchmark,pinball_0.1,0.4699301986280947,5.9703988095484135,1.271096823267467,591
2016,2017,ESP,benchmark,pinball_0.1,0.3257779341694308,2.896042078650069,-0.3617372630442386,591
2016,2017,EST,benchmark,pinball_0.1,0.5302308331442239,5.634672489639911,0.3323641581976715,591
2016,2017,FIN,benchmark,pinball_0.1,1.0230939643402501,3.3033700359103904,-6.92756960749211,591
2016,2017,FJI,benchmark,pinball_0.1,1.1807689123711615,5.353364349795768,-6.454324773915847,591
2016,2017,FRA,benchmark,pinball_0.1,0.1817804814222503,2.083614859973991,0.26581004575148803,591
2016,2017,GAB,benchmark,pinball_0.1,3.528828104324589,0.4726420309111461,4.393562146827356,591
2016,2017,GBR,benchmark,pinball_0.1,0.5411065279037668,3.0232221984033885,-2.387843080634279,591
2016,2017,GEO,benchmark,pinball_0.1,0.12763808605035468,5.159902616588269,3.8835217560847224,591
2016,2017,GHA,benchmark,pinball_0.1,0.12893775900948903,8.128894881009558,6.839517290914667,591
2016,2017,GIN,benchmark,pinball_0.1,0.709382821508553,10.300005342735515,3.206177127649985,591
2016,2017,GMB,benchmark,pinball_0.1,1.1800192397370635,4.822611249275695,-6.97758114809494,591
2016,2017,GNQ,benchmark,pinball_0.1,0.27256620381646396,-5.667508504866859,-8.393170543031498,591
2016,2017,GRC,benchmark,pinball_0.1,0.5038560579266725,1.4731247270235173,-3.5654358522432075,591
2016,2017,GTM,benchmark,pinball_0.1,0.219037195631224,3.079851221224402,0.8894792649121623,591
2016,2017,HKG,benchmark,pinball_0.1,0.422601920610871,3.796109372438906,-0.4299098336698042,591
2016,2017,HND,benchmark,pinball_0.1,0.25973520980550185,4.842913910503867,2.2455618124488486,591
2016,2017,HRV,benchmark,pinball_0.1,0.40878449305866016,3.284062693978896,-0.803782236607705,591
2016,2017,HUN,benchmark,pinball_0.1,0.48172847169852706,4.124183894518055,-0.6931008224672155,591
2016,2017,IDN,benchmark,pinball_0.1,0.008510684656815037,5.069785901349164,4.984679054781013,591
2016,2017,IND,benchmark,pinball_0.1,0.5179400837906695,6.795383419024219,1.6159825811175241,591
2016,2017,IRL,benchmark,pinball_0.1,1.533628225692303,10.1088576065965,-5.22742465032653,591
2016,2017,ISR,benchmark,pinball_0.1,0.2348081953310368,4.343945189325467,1.995863236015099,591
2016,2017,ITA,benchmark,pinball_0.1,0.5070916096925212,1.603699952941014,-3.4672161439841975,591
2016,2017,JPN,benchmark,pinball_0.1,0.1810620287886648,1.6234506224544134,-0.18716966543223457,591
2016,2017,KEN,benchmark,pinball_0.1,0.7451398367836494,3.837958173647209,-3.6134401941892835,591
2016,2017,KGZ,benchmark,pinball_0.1,0.961801610790419,4.739937223778838,-4.87807888412535,591
2016,2017,KHM,benchmark,pinball_0.1,0.40982891000818883,8.07503915535979,3.9767500552779014,591
2016,2017,KOR,benchmark,pinball_0.1,0.17537605163288605,3.4331917639720047,1.6794312476431443,591
2016,2017,KWT,benchmark,pinball_0.1,0.10754476483540198,-4.712222704953618,-5.787670353307638,591
2016,2017,LBN,benchmark,pinball_0.1,0.03050963949012352,0.9030284640738132,0.597932069172578,591
2016,2017,LSO,benchmark,pinball_0.1,5.079833868284446,-3.1381749373347105,2.506084916314674,591
2016,2017,LTU,benchmark,pinball_0.1,0.546467259915234,4.612243103128094,-0.852429496024246,591
2016,2017,LUX,benchmark,pinball_0.1,1.895845747687337,1.3171194229840495,3.4236146981922015,591
2016,2017,LVA,benchmark,pinball_0.1,0.39285741614966146,3.398948726239311,-0.5296254352573033,591
2016,2017,MAR,benchmark,pinball_0.1,0.26601738630296623,5.057898161734457,2.3977242987047944,591
2016,2017,MDA,benchmark,pinball_0.1,0.18953809853606512,4.175612051062785,2.280231065702134,591
2016,2017,MDG,benchmark,pinball_0.1,0.4534310688085607,3.9333075946279337,-0.6010030934576731,591
2016,2017,MEX,benchmark,pinball_0.1,0.8279803845888062,1.8717285464838085,-6.408075299404254,591
2016,2017,MKD,benchmark,pinball_0.1,0.05581337880488335,1.081772738132429,0.5236389500835954,591
2016,2017,MLT,benchmark,pinball_0.1,1.302901919231584,12.971342528784476,-0.0576766635313648,591
2016,2017,MNE,benchmark,pinball_0.1,0.6049879789560054,3.216685047362745,-2.8331947421973087,591
2016,2017,MOZ,benchmark,pinball_0.1,3.8369435906716713,2.6382073731065816,6.901478029408438,591
2016,2017,MUS,benchmark,pinball_0.1,0.05560118312794753,3.954417309602647,3.3984054783231716,591
2016,2017,MYS,benchmark,pinball_0.1,1.1430881772537567,5.812722409833285,-5.618159362704281,591
2016,2017,NIC,benchmark,pinball_0.1,0.3280001952157228,4.631207575802094,1.3512056236448657,591
2016,2017,NLD,benchmark,pinball_0.1,0.2746036089374479,2.781508346799868,0.03547225742538895,591
2016,2017,NOR,benchmark,pinball_0.1,0.3386497244633501,2.669644742734661,-0.7168525018988401,591
2016,2017,PAK,benchmark,pinball_0.1,0.14928866879763988,4.432625906839746,2.9397392188633473,591
2016,2017,PAN,benchmark,pinball_0.1,0.2977628587646443,5.744059463557804,2.766430875911361,591
2016,2017,PER,benchmark,pinball_0.1,0.7810009707218679,2.5188354423313517,3.3866142986889827,591
2016,2017,PHL,benchmark,pinball_0.1,0.746442607742205,6.930988325840204,-0.5334377515818467,591
2016,2017,POL,benchmark,pinball_0.1,0.5022809450544806,5.1524577332590695,0.1296482827142631,591
2016,2017,PRT,benchmark,pinball_0.1,0.26095045729476196,3.3147200817598588,0.7052155088122394,591
2016,2017,PRY,benchmark,pinball_0.1,0.6237292369659336,4.810078855540411,-1.4272135141189253,591
2016,2017,PSE,benchmark,pinball_0.1,0.16303868137167124,1.419367562947869,-0.21101925076884331,591
2016,2017,ROU,benchmark,pinball_0.1,0.9672695241418039,8.195478266412607,-1.4772169750054318,591
2016,2017,RUS,benchmark,pinball_0.1,0.12667129197895155,1.8267052754919175,0.559992355702402,591
2016,2017,RWA,benchmark,pinball_0.1,0.05146154638819418,4.703934397510608,4.189318933628666,591
2016,2017,SAU,benchmark,pinball_0.1,0.7151662617706893,1.182107058782833,1.9767362385280434,591
2016,2017,SGP,benchmark,pinball_0.1,0.2975145503551094,4.326793707705008,1.3516482041539142,591
2016,2017,SLB,benchmark,pinball_0.1,0.294417747369702,3.075461761445908,0.13128428774888778,591
2016,2017,SLV,benchmark,pinball_0.1,0.1295833160089974,2.247619081341384,0.9517859212514101,591
2016,2017,SVK,benchmark,pinball_0.1,0.6577080131876931,2.8747332745369505,-3.7023468573399807,591
2016,2017,SVN,benchmark,pinball_0.1,0.5591391602544249,5.174402155799584,-0.4169894467446653,591
2016,2017,SWZ,benchmark,pinball_0.1,0.017654520959358155,3.520953459879834,3.3444082502862527,591
2016,2017,SYC,benchmark,pinball_0.1,0.7930762057883889,6.954162187942714,-0.9765998699411744,591
2016,2017,TCD,benchmark,pinball_0.1,6.403446982095469,-1.6174692282020402,5.497471863015147,591
2016,2017,THA,benchmark,pinball_0.1,0.7780712582091869,4.177681032100097,-3.6030315499917718,591
2016,2017,TJK,benchmark,pinball_0.1,1.5638899445564782,7.100000418643091,8.837655912594734,591
2016,2017,TUR,benchmark,pinball_0.1,0.4104109901897248,7.825857300025945,3.7217473981286973,591
2016,2017,TZA,benchmark,pinball_0.1,0.26655063840493237,6.727269968324379,4.061763584275055,591
2016,2017,UGA,benchmark,pinball_0.1,0.3765822301661816,3.1314055172359616,3.549830217420608,591
2016,2017,UKR,benchmark,pinball_0.1,0.7342498924595615,2.35997228099491,3.175805494838867,591
2016,2017,USA,benchmark,pinball_0.1,0.3782215643707176,2.457622301264493,-1.3245933424426823,591
2016,2017,UZB,benchmark,pinball_0.1,1.2736345142186287,4.700274019560609,6.11542347980353,591
2016,2017,VNM,benchmark,pinball_0.1,0.515517971124509,6.94019037359206,1.7850106623469695,591
2016,2017,VUT,benchmark,pinball_0.1,0.1354630446280133,4.223321925199656,2.868691478919523,591
2016,2017,XKX,benchmark,pinball_0.1,0.502220313734984,4.825655652980544,-0.19654748436929648,591
2016,2017,ZAF,benchmark,pinball_0.1,0.3949549491184589,1.157946951817351,1.5967857841711943,591
2016,2017,ZMB,benchmark,pinball_0.1,0.7763556941109289,3.5258627714992627,4.388480209400295,591
2016,2017,ALB,benchmark,pinball_0.5,1.1718501010879459,3.283175933300725,0.9394757311248334,591
2016,2017,ARM,benchmark,pinball_0.5,2.212276999914126,7.500000001641439,3.075446001813187,591
2016,2017,AUS,benchmark,pinball_0.5,0.36196572699012997,2.293310301929182,1.5693788479489221,591
2016,2017,AUT,benchmark,pinball_0.5,0.4422725890781214,2.272249920382066,1.3877047422258233,591
2016,2017,BEL,benchmark,pinball_0.5,0.24756493976747573,1.4744676155678462,0.9793377360328948,591
2016,2017,BGD,benchmark,pinball_0.5,0.40316892387750514,6.590249997940575,5.783912150185564,591
2016,2017,BGR,benchmark,pinball_0.5,0.08840357656381115,2.745927377509957,2.569120224382335,591
2016,2017,BIH,benchmark,pinball_0.5,0.8339707898451765,3.244098953065944,1.5761573733755911,591
2016,2017,BLR,benchmark,pinball_0.5,0.45410016793767416,2.532183494719092,1.623983158843744,591
2016,2017,BOL,benchmark,pinball_0.5,0.10336633185245558,4.195206333646468,3.9884736699415573,591
2016,2017,BRA,benchmark,pinball_0.5,0.9516394383884603,1.3228690540439914,3.226147930820912,591
2016,2017,BTN,benchmark,pinball_0.5,1.3024587280822288,2.08684522733067,4.691762683495128,591
2016,2017,BWA,benchmark,pinball_0.5,1.0114088899856952,4.114378564450831,6.137196344422222,591
2016,2017,CAF,benchmark,pinball_0.5,3.2152439986962165,4.52727821346231,-1.903209783930123,591
2016,2017,CHE,benchmark,pinball_0.5,0.2161910592429619,1.4203461223126084,0.9879640038266846,591
2016,2017,CHL,benchmark,pinball_0.5,0.749854933855346,1.3576953734395687,2.8574052411502606,591
2016,2017,CHN,benchmark,pinball_0.5,0.6806292996866246,6.891239166361913,5.529980566988664,591
2016,2017,CMR,benchmark,pinball_0.5,0.29673313867101747,3.541176549260072,4.134642826602107,591
2016,2017,COG,benchmark,pinball_0.5,7.2378941484080155,-5.594773719155469,8.881014577660562,591
2016,2017,COL,benchmark,pinball_0.5,0.7323112701630103,1.3593608678874602,2.823983408213481,591
2016,2017,COM,benchmark,pinball_0.5,0.022092641515491396,3.815762874895484,3.771577591864501,591
2016,2017,CRI,benchmark,pinball_0.5,0.657403671009825,4.157699146769332,2.842891804749682,591
2016,2017,CYP,benchmark,pinball_0.5,1.1130680167832432,5.75083236554525,3.5246963319787636,591
2016,2017,CZE,benchmark,pinball_0.5,2.265436786455646,5.173565299678813,0.642691726767521,591
2016,2017,DNK,benchmark,pinball_0.5,0.8751180328114119,3.0564772392271777,1.306241173604354,591
2016,2017,DZA,benchmark,pinball_0.5,0.18112279726480796,1.4999999989558717,1.1377544044262557,591
2016,2017,ECU,benchmark,pinball_0.5,1.2677169021775416,5.9703988095484135,3.4349650051933303,591
2016,2017,ESP,benchmark,pinball_0.5,0.5254708768551781,2.896042078650069,3.9469838323604254,591
2016,2017,EST,benchmark,pinball_0.5,1.3319121022012572,5.634672489639911,2.9708482852373965,591
2016,2017,FIN,benchmark,pinball_0.5,2.119431367281028,3.3033700359103904,-0.9354926986516654,591
2016,2017,FJI,benchmark,pinball_0.5,2.248744331211983,5.353364349795768,0.8558756873718025,591
2016,2017,FRA,benchmark,pinball_0.5,0.6139850586155886,2.083614859973991,0.8556447427428138,591
2016,2017,GAB,benchmark,pinball_0.5,2.5856171542147797,0.4726420309111461,5.643876339340705,591
2016,2017,GBR,benchmark,pinball_0.5,0.2387094651439119,3.0232221984033885,2.5458032681155647,591
2016,2017,GEO,benchmark,pinball_0.5,0.4938478184899866,5.159902616588269,4.172206979608296,591
2016,2017,GHA,benchmark,pinball_0.5,0.33235599183768194,8.128894881009558,8.793606864684921,591
2016,2017,GIN,benchmark,pinball_0.5,3.5021808804993277,10.300005342735515,3.2956435817368597,591
2016,2017,GMB,benchmark,pinball_0.5,1.3740935743454787,4.822611249275695,2.074424100584738,591
2016,2017,GNQ,benchmark,pinball_0.5,5.538439668961278,-5.667508504866859,5.4093708330556955,591
2016,2017,GRC,benchmark,pinball_0.5,0.2753830235024912,1.4731247270235173,0.9223586800185348,591
2016,2017,GTM,benchmark,pinball_0.5,0.3674923487424444,3.079851221224402,2.344866523739513,591
2016,2017,HKG,benchmark,pinball_0.5,1.0994749376303545,3.796109372438906,1.5971594971781968,591
2016,2017,HND,benchmark,pinball_0.5,0.8088197898040561,4.842913910503867,3.225274330895755,591
2016,2017,HRV,benchmark,pinball_0.5,0.45665553786503166,3.284062693978896,2.370751618248833,591
2016,2017,HUN,benchmark,pinball_0.5,0.6727398172376582,4.124183894518055,2.7787042600427383,591
2016,2017,IDN,benchmark,pinball_0.5,0.30173552532982884,5.069785901349164,4.466314850689506,591
2016,2017,IND,benchmark,pinball_0.5,0.845792763149892,6.795383419024219,5.103797892724435,591
2016,2017,IRL,benchmark,pinball_0.5,3.2911865800648092,10.1088576065965,3.5264844464668816,591
2016,2017,ISR,benchmark,pinball_0.5,0.6544981147372297,4.343945189325467,3.0349489598510075,591
2016,2017,ITA,benchmark,pinball_0.5,0.3991225864564162,1.603699952941014,0.8054547800281817,591
2016,2017,JPN,benchmark,pinball_0.5,0.0591413450382583,1.6234506224544134,1.74173331253093,591
2016,2017,KEN,benchmark,pinball_0.5,0.34951421333398747,3.837958173647209,3.138929746979234,591
2016,2017,KGZ,benchmark,pinball_0.5,0.25137391422709277,4.739937223778838,4.237189395324653,591
2016,2017,KHM,benchmark,pinball_0.5,1.1195750751944136,8.07503915535979,5.835889004970962,591
2016,2017,KOR,benchmark,pinball_0.5,0.5935621423636661,3.4331917639720047,2.2460674792446724,591
2016,2017,KWT,benchmark,pinball_0.5,2.052042531404541,-4.712222704953618,-0.6081376421445359,591
2016,2017,LBN,benchmark,pinball_0.5,0.7302018681632847,0.9030284640738132,2.3634322004003825,591
2016,2017,LSO,benchmark,pinball_0.5,2.886176472849442,-3.1381749373347105,2.634178008364174,591
2016,2017,LTU,benchmark,pinball_0.5,1.6626420744983943,4.612243103128094,1.2869589541313053,591
2016,2017,LUX,benchmark,pinball_0.5,0.8312465065069998,1.3171194229840495,2.979612435998049,591
2016,2017,LVA,benchmark,pinball_0.5,0.5782727706913895,3.398948726239311,2.2424031848565322,591
2016,2017,MAR,benchmark,pinball_0.5,0.3456585255977833,5.057898161734457,4.36658111053889,591
2016,2017,MDA,benchmark,pinball_0.5,1.5846222038146274,4.175612051062785,1.0063676434335305,591
2016,2017,MDG,benchmark,pinball_0.5,0.7406438458154763,3.9333075946279337,2.452019902996981,591
2016,2017,MEX,benchmark,pinball_0.5,0.184397111966087,1.8717285464838085,1.5029343225516345,591
2016,2017,MKD,benchmark,pinball_0.5,0.5761964392561383,1.081772738132429,2.2341656166447055,591
2016,2017,MLT,benchmark,pinball_0.5,4.043411007355203,12.971342528784476,4.884520514074069,591
2016,2017,MNE,benchmark,pinball_0.5,0.7383595957853104,3.216685047362745,1.739965855792124,591
2016,2017,MOZ,benchmark,pinball_0.5,1.9649397072611032,2.6382073731065816,6.568086787628788,591
2016,2017,MUS,benchmark,pinball_0.5,0.21960655577983834,3.954417309602647,3.5152041980429702,591
2016,2017,MYS,benchmark,pinball_0.5,1.5846730912353701,5.812722409833285,2.6433762273625443,591
2016,2017,NIC,benchmark,pinball_0.5,0.5139719146421671,4.631207575802094,3.6032637465177597,591
2016,2017,NLD,benchmark,pinball_0.5,0.6717416439996475,2.781508346799868,1.438025058800573,591
2016,2017,NOR,benchmark,pinball_0.5,0.7280960214280332,2.669644742734661,1.2134526998785944,591
2016,2017,PAK,benchmark,pinball_0.5,0.4263586223278848,4.432625906839746,3.5799086621839766,591
2016,2017,PAN,benchmark,pinball_0.5,1.1732724985757166,5.744059463557804,3.3975144664063706,591
2016,2017,PER,benchmark,pinball_0.5,0.3261156840501842,2.5188354423313517,3.17106681043172,591
2016,2017,PHL,benchmark,pinball_0.5,0.8901992499058546,6.930988325840204,5.150589826028495,591
2016,2017,POL,benchmark,pinball_0.5,1.4170827143347746,5.1524577332590695,2.3182923045895203,591
2016,2017,PRT,benchmark,pinball_0.5,0.5838429521750124,3.3147200817598588,2.147034177409834,591
2016,2017,PRY,benchmark,pinball_0.5,0.8546986381614494,4.810078855540411,3.100681579217512,591
2016,2017,PSE,benchmark,pinball_0.5,1.045324759707176,1.419367562947869,3.510017082362221,591
2016,2017,ROU,benchmark,pinball_0.5,3.439042756640312,8.195478266412607,1.3173927531319833,591
2016,2017,RUS,benchmark,pinball_0.5,0.33305439049635777,1.8267052754919175,2.492814056484633,591
2016,2017,RWA,benchmark,pinball_0.5,0.3049485431738779,4.703934397510608,5.313831483858364,591
2016,2017,SAU,benchmark,pinball_0.5,1.049202495557736,1.182107058782833,3.280512049898305,591
2016,2017,SGP,benchmark,pinball_0.5,0.7907176295146368,4.326793707705008,2.7453584486757343,591
2016,2017,SLB,benchmark,pinball_0.5,0.44426770103421576,3.075461761445908,2.1869263593774764,591
2016,2017,SLV,benchmark,pinball_0.5,0.14372264109756228,2.247619081341384,1.9601737991462596,591
2016,2017,SVK,benchmark,pinball_0.5,0.7615166461963434,2.8747332745369505,1.3516999821442637,591
2016,2017,SVN,benchmark,pinball_0.5,1.6368432304682687,5.174402155799584,1.9007156948630461,591
2016,2017,SWZ,benchmark,pinball_0.5,0.7476856534056635,3.520953459879834,2.025582153068507,591
2016,2017,SYC,benchmark,pinball_0.5,2.660224654941586,6.954162187942714,1.6337128780595416,591
2016,2017,TCD,benchmark,pinball_0.5,3.114081665472435,-1.6174692282020402,4.61069410274283,591
2016,2017,THA,benchmark,pinball_0.5,1.8648907147691685,4.177681032100097,0.44789960256175976,591
2016,2017,TJK,benchmark,pinball_0.5,0.6760218614121349,7.100000418643091,8.452044141467361,591
2016,2017,TUR,benchmark,pinball_0.5,1.509054800983567,7.825857300025945,4.807747698058811,591
2016,2017,TZA,benchmark,pinball_0.5,0.26363578205728455,6.727269968324379,6.1999984042098095,591
2016,2017,UGA,benchmark,pinball_0.5,0.647617343285555,3.1314055172359616,4.426640203807072,591
2016,2017,UKR,benchmark,pinball_0.5,2.8621147193763825,2.35997228099491,8.084201719747675,591
2016,2017,USA,benchmark,pinball_0.5,0.5594469375485671,2.457622301264493,1.3387284261673589,591
2016,2017,UZB,benchmark,pinball_0.5,1.0891492515866923,4.700274019560609,6.878572522733994,591
2016,2017,VNM,benchmark,pinball_0.5,0.946246985411404,6.94019037359206,5.047696402769252,591
2016,2017,VUT,benchmark,pinball_0.5,0.772337661039602,4.223321925199656,2.678646603120452,591
2016,2017,XKX,benchmark,pinball_0.5,1.6300687665303508,4.825655652980544,1.565518119919842,591
2016,2017,ZAF,benchmark,pinball_0.5,0.3505297030043524,1.157946951817351,1.8590063578260558,591
2016,2017,ZMB,benchmark,pinball_0.5,0.5698708797832253,3.5258627714992627,4.665604531065713,591
2016,2017,ALB,benchmark,pinball_0.9,1.6080483666112189,3.283175933300725,1.4964555259549264,591
2016,2017,ARM,benchmark,pinball_0.9,1.7442571175032957,7.500000001641439,5.561936537748888,591
2016,2017,AUS,benchmark,pinball_0.9,0.07430391134803338,2.293310301929182,3.036349415409516,591
2016,2017,AUT,benchmark,pinball_0.9,0.1300921671179537,2.272249920382066,3.5731715915616036,591
2016,2017,BEL,benchmark,pinball_0.9,0.07333599127100408,1.4744676155678462,2.207827528277887,591
2016,2017,BGD,benchmark,pinball_0.9,0.5521465037081114,6.590249997940575,5.97675388270934,591
2016,2017,BGR,benchmark,pinball_0.9,0.03348598137593525,2.745927377509957,3.0807871912693097,591
2016,2017,BIH,benchmark,pinball_0.9,0.13458358839151743,3.244098953065944,4.589934836981119,591
2016,2017,BLR,benchmark,pinball_0.9,0.24499224003640951,2.532183494719092,4.982105895083188,591
2016,2017,BOL,benchmark,pinball_0.9,0.050354861473825605,4.195206333646468,4.698754948384725,591
2016,2017,BRA,benchmark,pinball_0.9,0.6361311693215264,1.3228690540439914,7.684180747259257,591
2016,2017,BTN,benchmark,pinball_0.9,0.2936816991469566,2.08684522733067,5.0236622188002364,591
2016,2017,BWA,benchmark,pinball_0.9,0.18816727510621223,4.114378564450831,5.996051315512954,591
2016,2017,CAF,benchmark,pinball_0.9,0.29999824364226524,4.52727821346231,7.527260649884963,591
2016,2017,CHE,benchmark,pinball_0.9,0.13953775802301915,1.4203461223126084,2.8157237025428,591
2016,2017,CHL,benchmark,pinball_0.9,0.34886088550987776,1.3576953734395687,4.846304228538347,591
2016,2017,CHN,benchmark,pinball_0.9,1.4961400012202926,6.891239166361913,5.228861387228255,591
2016,2017,CMR,benchmark,pinball_0.9,0.17559319503743054,3.541176549260072,5.297108499634378,591
2016,2017,COG,benchmark,pinball_0.9,1.6616431511784935,-5.594773719155469,11.021657792629467,591
2016,2017,COL,benchmark,pinball_0.9,0.34760990730328,1.3593608678874602,4.835459940920261,591
2016,2017,COM,benchmark,pinball_0.9,0.06595198661614668,3.815762874895484,4.475282741056951,591
2016,2017,CRI,benchmark,pinball_0.9,0.5371483105411642,4.157699146769332,3.5608676906124828,591
2016,2017,CYP,benchmark,pinball_0.9,2.0062441650394933,5.75083236554525,3.5216721821680355,591
2016,2017,CZE,benchmark,pinball_0.9,0.9690643872821,5.173565299678813,4.096827091587591,591
2016,2017,DNK,benchmark,pinball_0.9,0.40821922988453946,3.0564772392271777,2.602900317133245,591
2016,2017,DZA,benchmark,pinball_0.9,0.12469271969408126,1.4999999989558717,2.7469271958966845,591
2016,2017,ECU,benchmark,pinball_0.9,0.13038440386947917,5.9703988095484135,7.2742428482432056,591
2016,2017,ESP,benchmark,pinball_0.9,0.19173156022225588,2.896042078650069,4.813357680872628,591
2016,2017,EST,benchmark,pinball_0.9,0.18164059544686917,5.634672489639911,7.451078444108603,591
2016,2017,FIN,benchmark,pinball_0.9,1.4439837752705125,3.3033700359103904,1.6989436189431544,591
2016,2017,FJI,benchmark,pinball_0.9,2.108056294012575,5.353364349795768,3.0110795786706848,591
2016,2017,FRA,benchmark,pinball_0.9,0.10234405057773102,2.083614859973991,1.9698992482209565,591
2016,2017,GAB,benchmark,pinball_0.9,0.49327460498899933,0.4726420309111461,5.40538808080114,591
2016,2017,GBR,benchmark,pinball_0.9,0.3065181455567502,3.0232221984033885,6.088403653970891,591
2016,2017,GEO,benchmark,pinball_0.9,0.031276621245242435,5.159902616588269,5.4726688290406935,591
2016,2017,GHA,benchmark,pinball_0.9,0.5914708595354052,8.128894881009558,14.04360347636361,591
2016,2017,GIN,benchmark,pinball_0.9,6.402367912510085,10.300005342735515,3.18626321772431,591
2016,2017,GMB,benchmark,pinball_0.9,0.17429430401896603,4.822611249275695,6.565554289465356,591
2016,2017,GNQ,benchmark,pinball_0.9,1.2693253588484017,-5.667508504866859,7.025745083617159,591
2016,2017,GRC,benchmark,pinball_0.9,0.5551630849032392,1.4731247270235173,0.8562768549088071,591
2016,2017,GTM,benchmark,pinball_0.9,0.03643818250224452,3.079851221224402,3.4442330462468473,591
2016,2017,HKG,benchmark,pinball_0.9,1.96569063898767,3.796109372438906,1.612008662452606,591
2016,2017,HND,benchmark,pinball_0.9,1.3388891778023364,4.842913910503867,3.355259268501271,591
2016,2017,HRV,benchmark,pinball_0.9,0.6943270566925163,3.284062693978896,2.512588186542767,591
2016,2017,HUN,benchmark,pinball_0.9,0.289414559148573,4.124183894518055,3.8026121621307514,591
2016,2017,IDN,benchmark,pinball_0.9,0.14448496748326642,5.069785901349164,4.909247048589979,591
2016,2017,IND,benchmark,pinball_0.9,0.09430138784629456,6.795383419024219,6.690604099195003,591
2016,2017,IRL,benchmark,pinball_0.9,1.394544076631095,10.1088576065965,24.054298372907454,591
2016,2017,ISR,benchmark,pinball_0.9,1.1736805180509013,4.343945189325467,3.0398557248244655,591
2016,2017,ITA,benchmark,pinball_0.9,0.15083619657158256,1.603699952941014,1.436104178972589,591
2016,2017,JPN,benchmark,pinball_0.9,0.03547193923053288,1.6234506224544134,1.9781700147597423,591
2016,2017,KEN,benchmark,pinball_0.9,0.015449379128034657,3.837958173647209,3.8207921968382816,591
2016,2017,KGZ,benchmark,pinball_0.9,0.4102584295493174,4.739937223778838,8.842521519272013,591
2016,2017,KHM,benchmark,pinball_0.9,2.041641963788061,8.07503915535979,5.806548084484166,591
2016,2017,KOR,benchmark,pinball_0.9,0.3550378013260729,3.4331917639720047,3.038705318054146,591
2016,2017,KWT,benchmark,pinball_0.9,1.167400998681745,-4.712222704953618,6.961787281863836,591
2016,2017,LBN,benchmark,pinball_0.9,0.11428473340394348,0.9030284640738132,2.045875798113248,591
2016,2017,LSO,benchmark,pinball_0.9,0.9238138812960136,-3.1381749373347105,6.099963875625427,591
2016,2017,LTU,benchmark,pinball_0.9,0.9139742679336565,4.612243103128094,3.5967161387573645,591
2016,2017,LUX,benchmark,pinball_0.9,0.22925872757777607,1.3171194229840495,3.6097066987618107,591
2016,2017,LVA,benchmark,pinball_0.9,0.03753612086299282,3.398948726239311,3.7743099348692395,591
2016,2017,MAR,benchmark,pinball_0.9,0.4458760962170345,5.057898161734457,4.562480277048863,591
2016,2017,MDA,benchmark,pinball_0.9,0.5645455724338257,4.175612051062785,9.821067775401044,591
2016,2017,MDG,benchmark,pinball_0.9,0.3387255597086026,3.9333075946279337,7.32056319171396,591
2016,2017,MEX,benchmark,pinball_0.9,0.21977387178199526,1.8717285464838085,4.0694672643037615,591
2016,2017,MKD,benchmark,pinball_0.9,0.20697002769764863,1.081772738132429,3.1514730151089156,591
2016,2017,MLT,benchmark,pinball_0.9,1.939499755919992,12.971342528784476,10.816342799984485,591
2016,2017,MNE,benchmark,pinball_0.9,0.3421552704503884,3.216685047362745,6.63823775186663,591
2016,2017,MOZ,benchmark,pinball_0.9,0.3798893839634735,2.6382073731065816,6.437101212741317,591
2016,2017,MUS,benchmark,pinball_0.9,0.0051356401019692285,3.954417309602647,4.005773710622339,591
2016,2017,MYS,benchmark,pinball_0.9,1.059857268742922,5.812722409833285,4.635103222341149,591
2016,2017,NIC,benchmark,pinball_0.9,0.03290340151728203,4.631207575802094,4.960241590974914,591
2016,2017,NLD,benchmark,pinball_0.9,0.29954610715986213,2.781508346799868,2.4486793388444656,591
2016,2017,NOR,benchmark,pinball_0.9,0.6475460931847251,2.669644742734661,1.9501490836405218,591
2016,2017,PAK,benchmark,pinball_0.9,0.7912766410688352,4.432625906839746,3.553429638985485,591
2016,2017,PAN,benchmark,pinball_0.9,0.14246141550335767,5.744059463557804,7.168673618591381,591
2016,2017,PER,benchmark,pinball_0.9,0.3199547091949082,2.5188354423313517,5.718382534280434,591
2016,2017,PHL,benchmark,pinball_0.9,1.0203837240568994,6.930988325840204,5.797228632443649,591
2016,2017,POL,benchmark,pinball_0.9,0.8956714194171522,5.1524577332590695,4.1572672672400115,591
2016,2017,PRT,benchmark,pinball_0.9,0.15477456254101854,3.3147200817598588,4.862465707170045,591
2016,2017,PRY,benchmark,pinball_0.9,0.39000145490018373,4.810078855540411,8.71009340454225,591
2016,2017,PSE,benchmark,pinball_0.9,0.7362872762810684,1.419367562947869,8.782240325758554,591
2016,2017,ROU,benchmark,pinball_0.9,3.9243708666948427,8.195478266412607,3.8350661923072265,591
2016,2017,RUS,benchmark,pinball_0.9,0.30547992118957723,1.8267052754919175,4.881504487387691,591
2016,2017,RWA,benchmark,pinball_0.9,0.27611179791734086,4.703934397510608,7.465052376684017,591
2016,2017,SAU,benchmark,pinball_0.9,0.7569859564044977,1.182107058782833,8.751966622827812,591
2016,2017,SGP,benchmark,pinball_0.9,0.37326728086945193,4.326793707705008,8.059466516399528,591
2016,2017,SLB,benchmark,pinball_0.9,0.10928357927905459,3.075461761445908,4.168297554236454,591
2016,2017,SLV,benchmark,pinball_0.9,0.07736577024902068,2.247619081341384,3.021276783831591,591
2016,2017,SVK,benchmark,pinball_0.9,0.32624522244732085,2.8747332745369505,6.13718549901016,591
2016,2017,SVN,benchmark,pinball_0.9,1.169739755158822,5.174402155799584,3.874691316734226,591
2016,2017,SWZ,benchmark,pinball_0.9,1.1166330722755065,3.520953459879834,2.2802500462403827,591
2016,2017,SYC,benchmark,pinball_0.9,0.28002059503807875,6.954162187942714,6.64302819345596,591
2016,2017,TCD,benchmark,pinball_0.9,1.2750947090865765,-1.6174692282020402,11.133477862663728,591
2016,2017,THA,benchmark,pinball_0.9,0.0588804668563064,4.177681032100097,4.766485700663161,591
2016,2017,TJK,benchmark,pinball_0.9,0.22029135186750468,7.100000418643091,6.8552322499014196,591
2016,2017,TUR,benchmark,pinball_0.9,0.008341542760461883,7.825857300025945,7.909272727630563,591
2016,2017,TZA,benchmark,pinball_0.9,0.7779534551565759,6.727269968324379,5.862877240372628,591
2016,2017,UGA,benchmark,pinball_0.9,0.13448708589701625,3.1314055172359616,4.476276376206124,591
2016,2017,UKR,benchmark,pinball_0.9,1.010684262894432,2.35997228099491,12.466814909939231,591
2016,2017,USA,benchmark,pinball_0.9,0.013104164402352843,2.457622301264493,2.5886639452880216,591
2016,2017,UZB,benchmark,pinball_0.9,0.21933859891795726,4.700274019560609,6.8936600087401825,591
2016,2017,VNM,benchmark,pinball_0.9,0.6021386569898576,6.94019037359206,6.271147421381107,591
2016,2017,VUT,benchmark,pinball_0.9,0.32506526025685495,4.223321925199656,3.8621383026920393,591
2016,2017,XKX,benchmark,pinball_0.9,0.04442360885972024,4.825655652980544,5.269891741577746,591
2016,2017,ZAF,benchmark,pinball_0.9,0.156931290922723,1.157946951817351,2.7272598610445815,591
2016,2017,ZMB,benchmark,pinball_0.9,0.21133557829721714,3.5258627714992627,5.639218554471435,591
2016,2017,ALB,disinformation,squared_error,7.0485237109636705,3.283175933300725,0.6282703396941143,591
2016,2017,ARM,disinformation,squared_error,15.857714197601823,7.500000001641439,3.5178254452461744,591
2016,2017,AUS,disinformation,squared_error,0.5500056306395195,2.293310301929182,1.551686657052942,591
2016,2017,AUT,disinformation,squared_error,0.34532747017346643,2.272249920382066,1.6846042191526038,591
2016,2017,BEL,disinformation,squared_error,0.4516170521199917,1.4744676155678462,0.8024430236666333,591
2016,2017,BGD,disinformation,squared_error,2.644105483248962,6.590249997940575,4.964179432667049,591
2016,2017,BGR,disinformation,squared_error,1.58784671280816,2.745927377509957,1.4858294794051472,591
2016,2017,BIH,disinformation,squared_error,6.821437875258816,3.244098953065944,0.6323107006881186,591
2016,2017,BLR,disinformation,squared_error,11.972874903658722,2.532183494719092,-0.9280007350089612,591
2016,2017,BOL,disinformation,squared_error,0.7884652262132681,4.195206333646468,3.3072506893639018,591
2016,2017,BRA,disinformation,squared_error,5.6087884189503745,1.3228690540439914,3.6911571317385894,591
2016,2017,BTN,disinformation,squared_error,1.3257017527969905,2.08684522733067,3.2382364522394718,591
2016,2017,BWA,disinformation,squared_error,4.47572412702517,4.114378564450831,1.9987878367756577,591
2016,2017,CAF,disinformation,squared_error,100.0227662051295,4.52727821346231,-5.473860032014028,591
2016,2017,CHE,disinformation,squared_error,0.4863127210970536,1.4203461223126084,0.7229848665082343,591
2016,2017,CHL,disinformation,squared_error,0.678980055219788,1.3576953734395687,2.1816978341275135,591
2016,2017,CHN,disinformation,squared_error,7.301664378008373,6.891239166361913,4.189079959725788,591
2016,2017,CMR,disinformation,squared_error,0.33381817322184254,3.541176549260072,4.1189465495385935,591
2016,2017,COG,disinformation,squared_error,117.42265461838144,-5.594773719155469,5.241399711460222,591
2016,2017,COL,disinformation,squared_error,1.6458192334760917,1.3593608678874602,2.6422557324325218,591
2016,2017,COM,disinformation,squared_error,0.7976516591318308,3.815762874895484,2.9226494111453114,591
2016,2017,CRI,disinformation,squared_error,6.032152629585021,4.157699146769332,1.7016550450510786,591
2016,2017,CYP,disinformation,squared_error,12.762713817676632,5.75083236554525,2.1783383042938347,591
2016,2017,CZE,disinformation,squared_error,15.276801560753094,5.173565299678813,1.265010379922268,591
2016,2017,DNK,disinformation,squared_error,1.4001613909435502,3.0564772392271777,1.8731930844513478,591
2016,2017,DZA,disinformation,squared_error,0.026241084903828458,1.4999999989558717,1.3380089964161366,591
2016,2017,ECU,disinformation,squared_error,8.316662376164702,5.9703988095484135,3.086536403648177,591
2016,2017,ESP,disinformation,squared_error,0.00016837105009329226,2.896042078650069,2.909017865720351,591
2016,2017,EST,disinformation,squared_error,7.33332732076837,5.634672489639911,2.9266607982381974,591
2016,2017,FIN,disinformation,squared_error,23.11394187316109,3.3033700359103904,-1.504326072743014,591
2016,2017,FJI,disinformation,squared_error,38.35857062645018,5.353364349795768,-0.8400652838119456,591
2016,2017,FRA,disinformation,squared_error,1.039564799951503,2.083614859973991,1.064024353961159,591
2016,2017,GAB,disinformation,squared_error,14.92842030324088,0.4726420309111461,4.336373427274108,591
2016,2017,GBR,disinformation,squared_error,0.08587348745494348,3.0232221984033885,2.73018041391704,591
2016,2017,GEO,disinformation,squared_error,1.3408463247583298,5.159902616588269,4.001953427392849,591
2016,2017,GHA,disinformation,squared_error,0.3047137129827064,8.128894881009558,8.680903678931028,591
2016,2017,GIN,disinformation,squared_error,50.08012164965278,10.300005342735515,3.223274342502937,591
2016,2017,GMB,disinformation,squared_error,6.097577623605702,4.822611249275695,2.3532838866917665,591
2016,2017,GNQ,disinformation,squared_error,49.98695821801696,-5.667508504866859,1.4026370536076596,591
2016,2017,GRC,disinformation,squared_error,15.490476006186316,1.4731247270235173,-2.462669475699272,591
2016,2017,GTM,disinformation,squared_error,0.718679013757429,3.079851221224402,2.2321018397693466,591
2016,2017,HKG,disinformation,squared_error,9.041862329895059,3.796109372438906,0.789140411858325,591
2016,2017,HND,disinformation,squared_error,5.96172920587586,4.842913910503867,2.4012486578789582,591
2016,2017,HRV,disinformation,squared_error,6.317924904458306,3.284062693978896,0.7705144242099813,591
2016,2017,HUN,disinformation,squared_error,3.391220668149611,4.124183894518055,2.282657172434009,591
2016,2017,IDN,disinformation,squared_error,0.7677365978250522,5.069785901349164,4.1935801048463945,591
2016,2017,IND,disinformation,squared_error,8.081601123143427,6.795383419024219,3.952567715686518,591
2016,2017,IRL,disinformation,squared_error,24.179110544336982,10.1088576065965,5.191631707338161,591
2016,2017,ISR,disinformation,squared_error,4.309694618707058,4.343945189325467,2.267964789922077,591
2016,2017,ITA,disinformation,squared_error,3.109259811601095,1.603699952941014,-0.15960938225831356,591
2016,2017,JPN,disinformation,squared_error,0.09654840979570185,1.6234506224544134,1.312728222560711,591
2016,2017,KEN,disinformation,squared_error,4.798199223247859,3.837958173647209,1.647478951365505,591
2016,2017,KGZ,disinformation,squared_error,7.057842231305733,4.739937223778838,2.0832772471717957,591
2016,2017,KHM,disinformation,squared_error,12.595072523678493,8.07503915535979,4.5260854329680065,591
2016,2017,KOR,disinformation,squared_error,3.4528154299179605,3.4331917639720047,1.5750164681729348,591
2016,2017,KWT,disinformation,squared_error,23.759692551142432,-4.712222704953618,0.16216880077737272,591
2016,2017,LBN,disinformation,squared_error,0.044382226342119385,0.9030284640738132,1.1136993598855494,591
2016,2017,LSO,disinformation,squared_error,33.66186490794335,-3.1381749373347105,2.6637096623400662,591
2016,2017,LTU,disinformation,squared_error,9.609461743060114,4.612243103128094,1.5123299199792313,591
2016,2017,LUX,disinformation,squared_error,6.845959160645193,1.3171194229840495,3.933597812087463,591
2016,2017,LVA,disinformation,squared_error,0.9512263145289842,3.398948726239311,2.423640408562801,591
2016,2017,MAR,disinformation,squared_error,2.326585892471254,5.057898161734457,3.5325831475582854,591
2016,2017,MDA,disinformation,squared_error,0.04894535153703701,4.175612051062785,4.396848014543041,591
2016,2017,MDG,disinformation,squared_error,2.175515168233672,3.9333075946279337,2.4583448262050585,591
2016,2017,MEX,disinformation,squared_error,0.42865765040987736,1.8717285464838085,1.2170090260707713,591
2016,2017,MKD,disinformation,squared_error,1.3185574953104302,1.081772738132429,2.2300573262509102,591
2016,2017,MLT,disinformation,squared_error,63.058979712131034,12.971342528784476,5.030374092118137,591
2016,2017,MNE,disinformation,squared_error,2.079520978222288,3.216685047362745,1.7746306176610473,591
2016,2017,MOZ,disinformation,squared_error,11.292149465657024,2.6382073731065816,5.998586736460818,591
2016,2017,MUS,disinformation,squared_error,0.472451545548784,3.954417309602647,3.2670662016899703,591
2016,2017,MYS,disinformation,squared_error,27.18459348774028,5.812722409833285,0.5988377268219427,591
2016,2017,NIC,disinformation,squared_error,3.4592218541621005,4.631207575802094,2.7713092306869367,591
2016,2017,NLD,disinformation,squared_error,1.1663078930438122,2.781508346799868,1.7015509897510759,591
2016,2017,NOR,disinformation,squared_error,2.971861134052812,2.669644742734661,0.9457360635834675,591
2016,2017,PAK,disinformation,squared_error,1.9025011599313917,4.432625906839746,3.053314063951637,591
2016,2017,PAN,disinformation,squared_error,7.920886915048149,5.744059463557804,2.9296524363053225,591
2016,2017,PER,disinformation,squared_error,1.4655972862015492,2.5188354423313517,3.7294539975342484,591
2016,2017,PHL,disinformation,squared_error,10.979025798492563,6.930988325840204,3.6175270240452724,591
2016,2017,POL,disinformation,squared_error,9.937139105093262,5.1524577332590695,2.000134922204773,591
2016,2017,PRT,disinformation,squared_error,1.5739353973962316,3.3147200817598588,2.0601542614872708,591
2016,2017,PRY,disinformation,squared_error,7.046739693152459,4.810078855540411,2.155509268365786,591
2016,2017,PSE,disinformation,squared_error,6.489628046751546,1.419367562947869,3.966842400262567,591
2016,2017,ROU,disinformation,squared_error,58.52837092238607,8.195478266412607,0.5450945556183528,591
2016,2017,RUS,disinformation,squared_error,2.5850345000020156,1.8267052754919175,3.4345095235277334,591
2016,2017,RWA,disinformation,squared_error,0.0007448538010829995,4.703934397510608,4.731226407350174,591
2016,2017,SAU,disinformation,squared_error,6.06405878342757,1.182107058782833,3.6446380298423993,591
2016,2017,SGP,disinformation,squared_error,5.146376544587908,4.326793707705008,2.0582310472109433,591
2016,2017,SLB,disinformation,squared_error,1.588561767615389,3.075461761445908,1.8150801654142183,591
2016,2017,SLV,disinformation,squared_error,0.5829509452370747,2.247619081341384,1.4841068383242373,591
2016,2017,SVK,disinformation,squared_error,2.4007308917685175,2.8747332745369505,1.3253040597070127,591
2016,2017,SVN,disinformation,squared_error,10.59759151573089,5.174402155799584,1.9190079376240199,591
2016,2017,SWZ,disinformation,squared_error,1.473047694662117,3.520953459879834,2.307261697255519,591
2016,2017,SYC,disinformation,squared_error,30.82103374562503,6.954162187942714,1.4024927322181542,591
2016,2017,TCD,disinformation,squared_error,56.94653942294426,-1.6174692282020402,5.928823863306151,591
2016,2017,THA,disinformation,squared_error,17.29031323514225,4.177681032100097,0.019518789577295692,591
2016,2017,TJK,disinformation,squared_error,0.8374147167975649,7.100000418643091,6.18489675413422,591
2016,2017,TUR,disinformation,squared_error,9.908429927073097,7.825857300025945,4.678091437215768,591
2016,2017,TZA,disinformation,squared_error,5.164314356289741,6.727269968324379,4.454757183698131,591
2016,2017,UGA,disinformation,squared_error,0.24958302181625677,3.1314055172359616,3.6309883650362607,591
2016,2017,UKR,disinformation,squared_error,56.268773105993255,2.35997228099491,9.861223716988324,591
2016,2017,USA,disinformation,squared_error,1.7510672647776953,2.457622301264493,1.1343433190473284,591
2016,2017,UZB,disinformation,squared_error,2.011181142917577,4.700274019560609,6.1184352032479845,591
2016,2017,VNM,disinformation,squared_error,11.70882944985868,6.94019037359206,3.5183736850684504,591
2016,2017,VUT,disinformation,squared_error,3.4819167370758914,4.223321925199656,2.3573324458413474,591
2016,2017,XKX,disinformation,squared_error,8.178931899494046,4.825655652980544,1.9657724561534344,591
2016,2017,ZAF,disinformation,squared_error,0.8840688707557885,1.157946951817351,2.0981963180791894,591
2016,2017,ZMB,disinformation,squared_error,2.1320946995775936,3.5258627714992627,4.9860321793343925,591
2016,2017,ALB,disinformation,pinball_0.1,0.31954571516226327,3.283175933300725,0.08771878167809266,591
2016,2017,ARM,disinformation,pinball_0.1,0.37180974220449514,7.500000001641439,3.781902579596488,591
2016,2017,AUS,disinformation,pinball_0.1,0.04522467658872867,2.293310301929182,1.8410635360418954,591
2016,2017,AUT,disinformation,pinball_0.1,0.28278298489534864,2.272249920382066,-0.5555799285714205,591
2016,2017,BEL,disinformation,pinball_0.1,0.1064275491020835,1.4744676155678462,0.41019212454701126,591
2016,2017,BGD,disinformation,pinball_0.1,0.1120125485925744,6.590249997940575,5.470124512014831,591
2016,2017,BGR,disinformation,pinball_0.1,0.33454229704020777,2.745927377509957,-0.5994955928921204,591
2016,2017,BIH,disinformation,pinball_0.1,0.5179006384919541,3.244098953065944,-1.9349074318535973,591
2016,2017,BLR,disinformation,pinball_0.1,0.49456163170428713,2.532183494719092,-2.413432822323779,591
2016,2017,BOL,disinformation,pinball_0.1,0.07633462217787956,4.195206333646468,3.431860111867673,591
2016,2017,BRA,disinformation,pinball_0.1,0.12780492812617128,1.3228690540439914,0.044819772782278555,591
2016,2017,BTN,disinformation,pinball_0.1,0.0072916165696081505,2.08684522733067,2.0139290616345886,591
2016,2017,BWA,disinformation,pinball_0.1,0.2846345771288598,4.114378564450831,1.2680327931622335,591
2016,2017,CAF,disinformation,pinball_0.1,3.4355904850515047,4.52727821346231,-29.828626637052736,591
2016,2017,CHE,disinformation,pinball_0.1,0.27046806740324264,1.4203461223126084,-1.2843345517198177,591
2016,2017,CHL,disinformation,pinball_0.1,1.2477089046772125,1.3576953734395687,2.7440386008586937,591
2016,2017,CHN,disinformation,pinball_0.1,0.1905224206656218,6.891239166361913,4.986014959705695,591
2016,2017,CMR,disinformation,pinball_0.1,0.044442679014263575,3.541176549260072,3.0967497591174364,591
2016,2017,COG,disinformation,pinball_0.1,4.840909911920877,-5.594773719155469,-0.2159849281322721,591
2016,2017,COL,disinformation,pinball_0.1,0.03877162961054112,1.3593608678874602,0.9716445717820491,591
2016,2017,COM,disinformation,pinball_0.1,0.14474339875022735,3.815762874895484,2.3683288873932105,591
2016,2017,CRI,disinformation,pinball_0.1,0.39540267079404656,4.157699146769332,0.2036724388288662,591
2016,2017,CYP,disinformation,pinball_0.1,0.458919726982105,5.75083236554525,1.1616350957242005,591
2016,2017,CZE,disinformation,pinball_0.1,0.5383147871121711,5.173565299678813,-0.2095825714428976,591
2016,2017,DNK,disinformation,pinball_0.1,0.21581880737969536,3.0564772392271777,0.8982891654302243,591
2016,2017,DZA,disinformation,pinball_0.1,0.2786724586864479,1.4999999989558717,-1.2867245879086076,591
2016,2017,ECU,disinformation,pinball_0.1,0.4479699444481664,5.9703988095484135,1.4906993650667495,591
2016,2017,ESP,disinformation,pinball_0.1,0.3261329299941478,2.896042078650069,-0.36528722129140867,591
2016,2017,EST,disinformation,pinball_0.1,0.47189387886434986,5.634672489639911,0.9157337009964124,591
2016,2017,FIN,disinformation,pinball_0.1,1.0200475908016295,3.3033700359103904,-6.8971058721059055,591
2016,2017,FJI,disinformation,pinball_0.1,1.104304499532098,5.353364349795768,-5.689680645525213,591
2016,2017,FRA,disinformation,pinball_0.1,0.17165257873569606,2.083614859973991,0.3670890726170306,591
2016,2017,GAB,disinformation,pinball_0.1,3.4513309494026796,0.4726420309111461,4.307454196914123,591
2016,2017,GBR,disinformation,pinball_0.1,0.537056215692285,3.0232221984033885,-2.347339958519461,591
2016,2017,GEO,disinformation,pinball_0.1,0.12946138905970708,5.159902616588269,3.8652887259911983,591
2016,2017,GHA,disinformation,pinball_0.1,0.14486371653111582,8.128894881009558,6.680257715698399,591
2016,2017,GIN,disinformation,pinball_0.1,0.6552925150983749,10.300005342735515,3.747080191751766,591
2016,2017,GMB,disinformation,pinball_0.1,1.168562157032097,4.822611249275695,-6.863010321045275,591
2016,2017,GNQ,disinformation,pinball_0.1,0.2095192763519541,-5.667508504866859,-7.7627012683864,591
2016,2017,GRC,disinformation,pinball_0.1,0.5356907296457614,1.4731247270235173,-3.8837825694340964,591
2016,2017,GTM,disinformation,pinball_0.1,0.12482128879736756,3.079851221224402,1.8316383332507264,591
2016,2017,HKG,disinformation,pinball_0.1,0.4103593045499123,3.796109372438906,-0.30748367306021684,591
2016,2017,HND,disinformation,pinball_0.1,0.23372159204881682,4.842913910503867,2.5056979900156993,591
2016,2017,HRV,disinformation,pinball_0.1,0.4139603353245022,3.284062693978896,-0.8555406592661259,591
2016,2017,HUN,disinformation,pinball_0.1,0.4513231681878558,4.124183894518055,-0.3890477873605025,591
2016,2017,IDN,disinformation,pinball_0.1,0.011560869736679892,5.069785901349164,4.954177203982365,591
2016,2017,IND,disinformation,pinball_0.1,0.48331070607511084,6.795383419024219,1.9622763582731109,591
2016,2017,IRL,disinformation,pinball_0.1,1.556949425629483,10.1088576065965,-5.460636649698328,591
2016,2017,ISR,disinformation,pinball_0.1,0.2215831737463054,4.343945189325467,2.128113451862413,591
2016,2017,ITA,disinformation,pinball_0.1,0.4567137056940677,1.603699952941014,-2.963437103999663,591
2016,2017,JPN,disinformation,pinball_0.1,0.15970074581192384,1.6234506224544134,0.02644316433517524,591
2016,2017,KEN,disinformation,pinball_0.1,0.6772305835912595,3.837958173647209,-2.9343476622653863,591
2016,2017,KGZ,disinformation,pinball_0.1,1.0066944208806723,4.739937223778838,-5.327006985027884,591
2016,2017,KHM,disinformation,pinball_0.1,0.395942568458168,8.07503915535979,4.11561347077811,591
2016,2017,KOR,disinformation,pinball_0.1,0.2614239959054713,3.4331917639720047,0.8189518049172921,591
2016,2017,KWT,disinformation,pinball_0.1,0.3391200952902783,-4.712222704953618,-4.335422599075531,591
2016,2017,LBN,disinformation,pinball_0.1,0.004516534806886885,0.9030284640738132,0.8578631160049444,591
2016,2017,LSO,disinformation,pinball_0.1,4.84122244934879,-3.1381749373347105,2.240961117497279,591
2016,2017,LTU,disinformation,pinball_0.1,0.5001162551730552,4.612243103128094,-0.38891944860245875,591
2016,2017,LUX,disinformation,pinball_0.1,1.7693779380589845,1.3171194229840495,3.2830949097162545,591
2016,2017,LVA,disinformation,pinball_0.1,0.35443573361124586,3.398948726239311,-0.1454086098731473,591
2016,2017,MAR,disinformation,pinball_0.1,0.2912960220263367,5.057898161734457,2.14493794147109,591
2016,2017,MDA,disinformation,pinball_0.1,0.1508582695827185,4.175612051062785,2.6670293552356004,591
2016,2017,MDG,disinformation,pinball_0.1,0.4987357952908175,3.9333075946279337,-1.0540503582802412,591
2016,2017,MEX,disinformation,pinball_0.1,0.7718168917637125,1.8717285464838085,-5.8464403711533155,591
2016,2017,MKD,disinformation,pinball_0.1,0.21447739036935226,1.081772738132429,1.3200809496539314,591
2016,2017,MLT,disinformation,pinball_0.1,1.376928762856043,12.971342528784476,-0.7979450997759538,591
2016,2017,MNE,disinformation,pinball_0.1,0.5616968569758862,3.216685047362745,-2.4002835223961174,591
2016,2017,MOZ,disinformation,pinball_0.1,3.6162125483105907,2.6382073731065816,6.656221315673904,591
2016,2017,MUS,disinformation,pinball_0.1,0.0023106947103321398,3.954417309602647,3.9313103624993255,591
2016,2017,MYS,disinformation,pinball_0.1,1.1386861318930068,5.812722409833285,-5.574138909096783,591
2016,2017,NIC,disinformation,pinball_0.1,0.3248922198870115,4.631207575802094,1.382285376931979,591
2016,2017,NLD,disinformation,pinball_0.1,0.25109678808107233,2.781508346799868,0.2705404659891446,591
2016,2017,NOR,disinformation,pinball_0.1,0.310481946898987,2.669644742734661,-0.4351747262552088,591
2016,2017,PAK,disinformation,pinball_0.1,0.13831274752495545,4.432625906839746,3.049498431590192,591
2016,2017,PAN,disinformation,pinball_0.1,0.30812002925419035,5.744059463557804,2.6628591710159,591
2016,2017,PER,disinformation,pinball_0.1,0.404620596877659,2.5188354423313517,2.9684138833065283,591
2016,2017,PHL,disinformation,pinball_0.1,0.7554351493109444,6.930988325840204,-0.6233631672692397,591
2016,2017,POL,disinformation,pinball_0.1,0.39226724537907,5.1524577332590695,1.22978527946837,591
2016,2017,PRT,disinformation,pinball_0.1,0.3023384877300716,3.3147200817598588,0.29133520445914307,591
2016,2017,PRY,disinformation,pinball_0.1,0.5476216438135396,4.810078855540411,-0.6661375825949847,591
2016,2017,PSE,disinformation,pinball_0.1,0.14008976000634785,1.419367562947869,0.01846996288439051,591
2016,2017,ROU,disinformation,pinball_0.1,0.8965292033333143,8.195478266412607,-0.7698137669205343,591
2016,2017,RUS,disinformation,pinball_0.1,0.06837997868541061,1.8267052754919175,1.1429054886378114,591
2016,2017,RWA,disinformation,pinball_0.1,0.10124717633781888,4.703934397510608,3.691462634132419,591
2016,2017,SAU,disinformation,pinball_0.1,1.1583662068225946,1.182107058782833,2.4691806219190493,591
2016,2017,SGP,disinformation,pinball_0.1,0.26622840722591734,4.326793707705008,1.6645096354458344,591
2016,2017,SLB,disinformation,pinball_0.1,0.3068246588739567,3.075461761445908,0.0072151727063412,591
2016,2017,SLV,disinformation,pinball_0.1,0.11360273438247331,2.247619081341384,1.111591737516651,591
2016,2017,SVK,disinformation,pinball_0.1,0.5839977684772285,2.8747332745369505,-2.965244410235334,591
2016,2017,SVN,disinformation,pinball_0.1,0.5993924172714908,5.174402155799584,-0.8195220169153243,591
2016,2017,SWZ,disinformation,pinball_0.1,0.048150844208850345,3.520953459879834,3.039445017791331,591
2016,2017,SYC,disinformation,pinball_0.1,0.850704924245576,6.954162187942714,-1.5528870545130444,591
2016,2017,TCD,disinformation,pinball_0.1,6.077893269065029,-1.6174692282020402,5.135745515203548,591
2016,2017,THA,disinformation,pinball_0.1,0.6343868081950227,4.177681032100097,-2.16618704985013,591
2016,2017,TJK,disinformation,pinball_0.1,1.016099158758691,7.100000418643091,8.228999483930526,591
2016,2017,TUR,disinformation,pinball_0.1,0.3983480171042694,7.825857300025945,3.8423771289832507,591
2016,2017,TZA,disinformation,pinball_0.1,0.29111638073137547,6.727269968324379,3.816106161010624,591
2016,2017,UGA,disinformation,pinball_0.1,0.5446465493025257,3.1314055172359616,3.7365683497943234,591
2016,2017,UKR,disinformation,pinball_0.1,1.8697668947398334,2.35997228099491,4.437491052928058,591
2016,2017,USA,disinformation,pinball_0.1,0.27966279812386396,2.457622301264493,-0.33900567997414655,591
2016,2017,UZB,disinformation,pinball_0.1,1.253360599539613,4.700274019560609,6.092896907937957,591
2016,2017,VNM,disinformation,pinball_0.1,0.5656075472556887,6.94019037359206,1.2841149010351725,591
2016,2017,VUT,disinformation,pinball_0.1,0.22354378216990095,4.223321925199656,1.9878841035006465,591
2016,2017,XKX,disinformation,pinball_0.1,0.5293643118181289,4.825655652980544,-0.4679874652007454,591
2016,2017,ZAF,disinformation,pinball_0.1,0.44278074410355706,1.157946951817351,1.649925556376859,591
2016,2017,ZMB,disinformation,pinball_0.1,0.6148371939174376,3.5258627714992627,4.209015209185305,591
2016,2017,ALB,disinformation,pinball_0.5,1.1597930849839806,3.283175933300725,0.9635897633327639,591
2016,2017,ARM,disinformation,pinball_0.5,1.6981558086832123,7.500000001641439,4.1036883842750145,591
2016,2017,AUS,disinformation,pinball_0.5,0.35462401808941735,2.293310301929182,1.5840622657503474,591
2016,2017,AUT,disinformation,pinball_0.5,0.39369317611806975,2.272249920382066,1.4848635681459266,591
2016,2017,BEL,disinformation,pinball_0.5,0.22984653212144046,1.4744676155678462,1.0147745513249653,591
2016,2017,BGD,disinformation,pinball_0.5,0.40573925265412036,6.590249997940575,5.778771492632334,591
2016,2017,BGR,disinformation,pinball_0.5,0.10517591609018861,2.745927377509957,2.53557554532958,591
2016,2017,BIH,disinformation,pinball_0.5,0.8075317225655392,3.244098953065944,1.6290355079348657,591
2016,2017,BLR,disinformation,pinball_0.5,0.9034080915613221,2.532183494719092,0.7253673115964481,591
2016,2017,BOL,disinformation,pinball_0.5,0.1285414998109795,4.195206333646468,3.9381233340245094,591
2016,2017,BRA,disinformation,pinball_0.5,0.990082550215716,1.3228690540439914,3.3030341544754234,591
2016,2017,BTN,disinformation,pinball_0.5,1.5022321740479194,2.08684522733067,5.091309575426509,591
2016,2017,BWA,disinformation,pinball_0.5,1.0055264238073236,4.114378564450831,6.1254314120654785,591
2016,2017,CAF,disinformation,pinball_0.5,0.5614380175593672,4.52727821346231,5.650154248581044,591
2016,2017,CHE,disinformation,pinball_0.5,0.21729137940968712,1.4203461223126084,0.9857633634932341,591
2016,2017,CHL,disinformation,pinball_0.5,0.7587455229139377,1.3576953734395687,2.875186419267444,591
2016,2017,CHN,disinformation,pinball_0.5,0.7129064581370006,6.891239166361913,5.465426250087912,591
2016,2017,CMR,disinformation,pinball_0.5,0.8010464395334544,3.541176549260072,5.143269428326981,591
2016,2017,COG,disinformation,pinball_0.5,7.219456375833378,-5.594773719155469,8.844139032511286,591
2016,2017,COL,disinformation,pinball_0.5,0.7087070075041175,1.3593608678874602,2.7767748828956953,591
2016,2017,COM,disinformation,pinball_0.5,0.02806216978091247,3.815762874895484,3.759638535333659,591
2016,2017,CRI,disinformation,pinball_0.5,0.6909487264429559,4.157699146769332,2.77580169388342,591
2016,2017,CYP,disinformation,pinball_0.5,1.1398949657407567,5.75083236554525,3.4710424340637367,591
2016,2017,CZE,disinformation,pinball_0.5,1.9605009068205352,5.173565299678813,1.2525634860377428,591
2016,2017,DNK,disinformation,pinball_0.5,0.8651081041094812,3.0564772392271777,1.3262610310082152,591
2016,2017,DZA,disinformation,pinball_0.5,0.1796271106979508,1.4999999989558717,1.14074577755997,591
2016,2017,ECU,disinformation,pinball_0.5,1.285525100100176,5.9703988095484135,3.3993486093480616,591
2016,2017,ESP,disinformation,pinball_0.5,0.5449551720132377,2.896042078650069,3.9859524226765446,591
2016,2017,EST,disinformation,pinball_0.5,1.6104998352303264,5.634672489639911,2.4136728191792582,591
2016,2017,FIN,disinformation,pinball_0.5,2.119194048206871,3.3033700359103904,-0.935018060503352,591
2016,2017,FJI,disinformation,pinball_0.5,2.2081110842512195,5.353364349795768,0.9371421812933294,591
2016,2017,FRA,disinformation,pinball_0.5,0.5972163046661432,2.083614859973991,0.8891822506417046,591
2016,2017,GAB,disinformation,pinball_0.5,2.576139329715404,0.4726420309111461,5.624920690341954,591
2016,2017,GBR,disinformation,pinball_0.5,0.2110167000210046,3.0232221984033885,2.6011887983613793,591
2016,2017,GEO,disinformation,pinball_0.5,0.5404443630085605,5.159902616588269,4.079013890571148,591
2016,2017,GHA,disinformation,pinball_0.5,0.3568317561280052,8.128894881009558,8.842558393265568,591
2016,2017,GIN,disinformation,pinball_0.5,3.4728198736222238,10.300005342735515,3.3543655954910676,591
2016,2017,GMB,disinformation,pinball_0.5,1.358966025809389,4.822611249275695,2.1046791976569175,591
2016,2017,GNQ,disinformation,pinball_0.5,5.525899400943622,-5.667508504866859,5.384290297020386,591
2016,2017,GRC,disinformation,pinball_0.5,0.26635142066535766,1.4731247270235173,0.9404218856928019,591
2016,2017,GTM,disinformation,pinball_0.5,0.31426269482755687,3.079851221224402,2.4513258315692883,591
2016,2017,HKG,disinformation,pinball_0.5,1.0765230283472969,3.796109372438906,1.6430633157443122,591
2016,2017,HND,disinformation,pinball_0.5,0.799667893078658,4.842913910503867,3.243578124346551,591
2016,2017,HRV,disinformation,pinball_0.5,0.43872676994673965,3.284062693978896,2.406609154085417,591
2016,2017,HUN,disinformation,pinball_0.5,0.9769967904989632,4.124183894518055,2.1701903135201284,591
2016,2017,IDN,disinformation,pinball_0.5,0.2872278820825316,5.069785901349164,4.495330137184101,591
2016,2017,IND,disinformation,pinball_0.5,0.8049949032470103,6.795383419024219,5.1853936125301985,591
2016,2017,IRL,disinformation,pinball_0.5,3.2022781113992735,10.1088576065965,3.7043013837979526,591
2016,2017,ISR,disinformation,pinball_0.5,0.6402765032013775,4.343945189325467,3.063392182922712,591
2016,2017,ITA,disinformation,pinball_0.5,0.39746123023671764,1.603699952941014,0.8087774924675788,591
2016,2017,JPN,disinformation,pinball_0.5,0.17144036485750203,1.6234506224544134,1.2805698927394094,591
2016,2017,KEN,disinformation,pinball_0.5,0.34799073946968306,3.837958173647209,3.141976694707843,591
2016,2017,KGZ,disinformation,pinball_0.5,1.463619510633634,4.739937223778838,1.8126982025115703,591
2016,2017,KHM,disinformation,pinball_0.5,1.1330524590640216,8.07503915535979,5.808934237231746,591
2016,2017,KOR,disinformation,pinball_0.5,0.5941556648211836,3.4331917639720047,2.2448804343296374,591
2016,2017,KWT,disinformation,pinball_0.5,2.0259486952750256,-4.712222704953618,-0.6603253144035666,591
2016,2017,LBN,disinformation,pinball_0.5,0.7415355392814451,0.9030284640738132,2.3860995426367033,591
2016,2017,LSO,disinformation,pinball_0.5,2.8951703341707398,-3.1381749373347105,2.652165731006769,591
2016,2017,LTU,disinformation,pinball_0.5,1.4054629790720727,4.612243103128094,1.8013171449839485,591
2016,2017,LUX,disinformation,pinball_0.5,0.8150619207770502,1.3171194229840495,2.94724326453815,591
2016,2017,LVA,disinformation,pinball_0.5,0.5555313275366709,3.398948726239311,2.2878860711659694,591
2016,2017,MAR,disinformation,pinball_0.5,0.34223723141323914,5.057898161734457,4.373423698907978,591
2016,2017,MDA,disinformation,pinball_0.5,1.543678068231604,4.175612051062785,1.0882559145995772,591
2016,2017,MDG,disinformation,pinball_0.5,0.7612100054844282,3.9333075946279337,2.4108875836590773,591
2016,2017,MEX,disinformation,pinball_0.5,0.14140627100140724,1.8717285464838085,1.588916004480994,591
2016,2017,MKD,disinformation,pinball_0.5,0.6119602510482969,1.081772738132429,2.3056932402290227,591
2016,2017,MLT,disinformation,pinball_0.5,4.012301095700725,12.971342528784476,4.9467403373830265,591
2016,2017,MNE,disinformation,pinball_0.5,0.7212345098789068,3.216685047362745,1.7742160276049312,591
2016,2017,MOZ,disinformation,pinball_0.5,1.9716360475833503,2.6382073731065816,6.581479468273282,591
2016,2017,MUS,disinformation,pinball_0.5,0.22241931794991499,3.954417309602647,3.509578673702817,591
2016,2017,MYS,disinformation,pinball_0.5,1.5777821628961082,5.812722409833285,2.6571580840410682,591
2016,2017,NIC,disinformation,pinball_0.5,0.5040678256735065,4.631207575802094,3.623071924455081,591
2016,2017,NLD,disinformation,pinball_0.5,0.655360732358315,2.781508346799868,1.470786882083238,591
2016,2017,NOR,disinformation,pinball_0.5,0.7231461603266653,2.669644742734661,1.22335242208133,591
2016,2017,PAK,disinformation,pinball_0.5,0.42102556980962325,4.432625906839746,3.5905747672204997,591
2016,2017,PAN,disinformation,pinball_0.5,0.39754315360580783,5.744059463557804,4.948973156346188,591
2016,2017,PER,disinformation,pinball_0.5,0.32250105608242996,2.5188354423313517,3.1638375544962116,591
2016,2017,PHL,disinformation,pinball_0.5,0.900872762369465,6.930988325840204,5.129242801101274,591
2016,2017,POL,disinformation,pinball_0.5,1.3628159708438328,5.1524577332590695,2.426825791571404,591
2016,2017,PRT,disinformation,pinball_0.5,0.5721907923869776,3.3147200817598588,2.1703384969859036,591
2016,2017,PRY,disinformation,pinball_0.5,0.862315708249934,4.810078855540411,3.085447439040543,591
2016,2017,PSE,disinformation,pinball_0.5,1.0375126550335811,1.419367562947869,3.4943928730150313,591
2016,2017,ROU,disinformation,pinball_0.5,3.428672372425991,8.195478266412607,1.3381335215606245,591
2016,2017,RUS,disinformation,pinball_0.5,0.38969700177729305,1.8267052754919175,2.6060992790465036,591
2016,2017,RWA,disinformation,pinball_0.5,0.2856325672741127,4.703934397510608,5.275199532058833,591
2016,2017,SAU,disinformation,pinball_0.5,1.0587456356211362,1.182107058782833,3.2995983300251055,591
2016,2017,SGP,disinformation,pinball_0.5,0.8850845265516534,4.326793707705008,2.556624654601701,591
2016,2017,SLB,disinformation,pinball_0.5,0.4499847667116126,3.075461761445908,2.1754922280226827,591
2016,2017,SLV,disinformation,pinball_0.5,0.1416305522470871,2.247619081341384,1.96435797684721,591
2016,2017,SVK,disinformation,pinball_0.5,0.7384129954121628,2.8747332745369505,1.397907283712625,591
2016,2017,SVN,disinformation,pinball_0.5,1.5697519843279502,5.174402155799584,2.0348981871436833,591
2016,2017,SWZ,disinformation,pinball_0.5,0.7489504985837352,3.520953459879834,2.023052462712364,591
2016,2017,SYC,disinformation,pinball_0.5,2.6867781427545583,6.954162187942714,1.5806059024335974,591
2016,2017,TCD,disinformation,pinball_0.5,3.0825607280533056,-1.6174692282020402,4.547652227904571,591
2016,2017,THA,disinformation,pinball_0.5,1.830803976495309,4.177681032100097,0.5160730791094785,591
2016,2017,TJK,disinformation,pinball_0.5,0.6628610843118681,7.100000418643091,8.425722587266828,591
2016,2017,TUR,disinformation,pinball_0.5,1.087183536810569,7.825857300025945,5.651490226404807,591
2016,2017,TZA,disinformation,pinball_0.5,0.2594404454813626,6.727269968324379,6.2083890773616535,591
2016,2017,UGA,disinformation,pinball_0.5,0.6674959655650512,3.1314055172359616,4.466397448366064,591
2016,2017,UKR,disinformation,pinball_0.5,2.950776083875237,2.35997228099491,8.261524448745384,591
2016,2017,USA,disinformation,pinball_0.5,0.5319063667103361,2.457622301264493,1.393809567843821,591
2016,2017,UZB,disinformation,pinball_0.5,1.0873851362515223,4.700274019560609,6.875044292063654,591
2016,2017,VNM,disinformation,pinball_0.5,0.96499116657826,6.94019037359206,5.01020804043554,591
2016,2017,VUT,disinformation,pinball_0.5,1.2168700166546629,4.223321925199656,1.7895818918903301,591
2016,2017,XKX,disinformation,pinball_0.5,0.23852899408591144,4.825655652980544,4.348597664808721,591
2016,2017,ZAF,disinformation,pinball_0.5,0.5077027331726636,1.157946951817351,2.173352418162678,591
2016,2017,ZMB,disinformation,pinball_0.5,0.5731571561968618,3.5258627714992627,4.672177083892986,591
2016,2017,ALB,disinformation,pinball_0.9,1.855094475493625,3.283175933300725,1.2219598494189197,591
2016,2017,ARM,disinformation,pinball_0.9,1.9694414998094851,7.500000001641439,5.311731668519789,591
2016,2017,AUS,disinformation,pinball_0.9,0.07985224906614137,2.293310301929182,3.091832792590596,591
2016,2017,AUT,disinformation,pinball_0.9,0.10728485770826002,2.272249920382066,3.3450984974646665,591
2016,2017,BEL,disinformation,pinball_0.9,0.05021602235534147,1.4744676155678462,1.976627839121261,591
2016,2017,BGD,disinformation,pinball_0.9,0.6084997788463454,6.590249997940575,5.914139132555746,591
2016,2017,BGR,disinformation,pinball_0.9,0.04990112511791661,2.745927377509957,3.2449386286891233,591
2016,2017,BIH,disinformation,pinball_0.9,0.06907499687028869,3.244098953065944,3.934848921768831,591
2016,2017,BLR,disinformation,pinball_0.9,0.1829421867103392,2.532183494719092,4.361605361822485,591
2016,2017,BOL,disinformation,pinball_0.9,0.06777056194062697,4.195206333646468,4.872911953052738,591
2016,2017,BRA,disinformation,pinball_0.9,0.6119741478784282,1.3228690540439914,7.442610532828274,591
2016,2017,BTN,disinformation,pinball_0.9,0.29771536768777573,2.08684522733067,5.063998904208428,591
2016,2017,BWA,disinformation,pinball_0.9,0.1940695537041735,4.114378564450831,6.055074101492567,591
2016,2017,CAF,disinformation,pinball_0.9,0.3115449078233403,4.52727821346231,7.642727291695714,591
2016,2017,CHE,disinformation,pinball_0.9,0.14412948711446405,1.4203461223126084,2.8616409934572493,591
2016,2017,CHL,disinformation,pinball_0.9,0.33664272989155075,1.3576953734395687,4.724122672355077,591
2016,2017,CHN,disinformation,pinball_0.9,1.5633714700012085,6.891239166361913,5.154159755249459,591
2016,2017,CMR,disinformation,pinball_0.9,0.17846733951426308,3.541176549260072,5.325849944402703,591
2016,2017,COG,disinformation,pinball_0.9,1.658777266381647,-5.594773719155469,10.992998944661005,591
2016,2017,COL,disinformation,pinball_0.9,0.3571150329267419,1.3593608678874602,4.93051119715488,591
2016,2017,COM,disinformation,pinball_0.9,0.0618193548182114,3.815762874895484,4.433956423077598,591
2016,2017,CRI,disinformation,pinball_0.9,0.4519429765196575,4.157699146769332,3.6555402839697124,591
2016,2017,CYP,disinformation,pinball_0.9,1.9175435478116167,5.75083236554525,3.6202284235323425,591
2016,2017,CZE,disinformation,pinball_0.9,1.183191893663571,5.173565299678813,3.858907640052623,591
2016,2017,DNK,disinformation,pinball_0.9,0.299499746282053,3.0564772392271777,2.72369974335823,591
2016,2017,DZA,disinformation,pinball_0.9,0.12730440914635158,1.4999999989558717,2.7730440904193876,591
2016,2017,ECU,disinformation,pinball_0.9,0.11963663748732835,5.9703988095484135,7.166765184421697,591
2016,2017,ESP,disinformation,pinball_0.9,0.18465732525464404,2.896042078650069,4.74261533119651,591
2016,2017,EST,disinformation,pinball_0.9,0.13254479189663185,5.634672489639911,6.96012040860623,591
2016,2017,FIN,disinformation,pinball_0.9,1.3311616996360995,3.3033700359103904,1.8243014807591686,591
2016,2017,FJI,disinformation,pinball_0.9,2.5893990643167766,5.353364349795768,2.4762542783326835,591
2016,2017,FRA,disinformation,pinball_0.9,0.11320398506281193,2.083614859973991,1.9578326543486444,591
2016,2017,GAB,disinformation,pinball_0.9,0.4894264365957922,0.4726420309111461,5.366906396869069,591
2016,2017,GBR,disinformation,pinball_0.9,0.2782644707127895,3.0232221984033885,5.805866905531284,591
2016,2017,GEO,disinformation,pinball_0.9,0.06494781334677552,5.159902616588269,5.809380750056024,591
2016,2017,GHA,disinformation,pinball_0.9,0.5931816430463592,8.128894881009558,14.06071131147315,591
2016,2017,GIN,disinformation,pinball_0.9,6.6008231024691035,10.300005342735515,2.965757451103178,591
2016,2017,GMB,disinformation,pinball_0.9,0.19189285729710465,4.822611249275695,6.741539822246742,591
2016,2017,GNQ,disinformation,pinball_0.9,1.251658510066826,-5.667508504866859,6.849076595801403,591
2016,2017,GRC,disinformation,pinball_0.9,0.6937732033700507,1.4731247270235173,0.7022656121679054,591
2016,2017,GTM,disinformation,pinball_0.9,0.024006833484636343,3.079851221224402,3.3199195560707655,591
2016,2017,HKG,disinformation,pinball_0.9,2.212523567919474,3.796109372438906,1.337749852528379,591
2016,2017,HND,disinformation,pinball_0.9,1.4345312721093901,4.842913910503867,3.248990274826767,591
2016,2017,HRV,disinformation,pinball_0.9,0.6987216512401817,3.284062693978896,2.5077053037120276,591
2016,2017,HUN,disinformation,pinball_0.9,0.43977371900022033,4.124183894518055,3.6355464289622543,591
2016,2017,IDN,disinformation,pinball_0.9,0.16946434905908153,5.069785901349164,4.8814921801724065,591
2016,2017,IND,disinformation,pinball_0.9,0.4841419591430037,6.795383419024219,6.257447908865326,591
2016,2017,IRL,disinformation,pinball_0.9,1.3644759173304086,10.1088576065965,23.75361677990059,591
2016,2017,ISR,disinformation,pinball_0.9,1.2864140249296123,4.343945189325467,2.914596272737009,591
2016,2017,ITA,disinformation,pinball_0.9,0.3974425464553246,1.603699952941014,1.162097123546209,591
2016,2017,JPN,disinformation,pinball_0.9,0.024409931954043347,1.6234506224544134,1.867549941994847,591
2016,2017,KEN,disinformation,pinball_0.9,0.07023158338928495,3.837958173647209,3.759923080992448,591
2016,2017,KGZ,disinformation,pinball_0.9,0.4419702277895756,4.739937223778838,9.159639501674596,591
2016,2017,KHM,disinformation,pinball_0.9,2.0518614249440428,8.07503915535979,5.795193127644186,591
2016,2017,KOR,disinformation,pinball_0.9,0.3343476071211571,3.4331917639720047,3.0616944227262746,591
2016,2017,KWT,disinformation,pinball_0.9,1.1524785033539695,-4.712222704953618,6.812562328586078,591
2016,2017,LBN,disinformation,pinball_0.9,0.11842004537517956,0.9030284640738132,2.087228917825609,591
2016,2017,LSO,disinformation,pinball_0.9,0.92091229287528,-3.1381749373347105,6.070947991418091,591
2016,2017,LTU,disinformation,pinball_0.9,1.070913512157738,4.612243103128094,3.4223392007306073,591
2016,2017,LUX,disinformation,pinball_0.9,0.24499478259144225,1.3171194229840495,3.7670672488984724,591
2016,2017,LVA,disinformation,pinball_0.9,0.016382405414694063,3.398948726239311,3.562772780386252,591
2016,2017,MAR,disinformation,pinball_0.9,0.5243750274544005,5.057898161734457,4.4752592423406785,591
2016,2017,MDA,disinformation,pinball_0.9,0.5367316337352626,4.175612051062785,9.542928388415412,591
2016,2017,MDG,disinformation,pinball_0.9,0.35699124600839227,3.9333075946279337,7.503220054711857,591
2016,2017,MEX,disinformation,pinball_0.9,0.20748535802234472,1.8717285464838085,3.946582126707256,591
2016,2017,MKD,disinformation,pinball_0.9,0.19063871339456165,1.081772738132429,2.988159872078046,591
2016,2017,MLT,disinformation,pinball_0.9,1.7559865196398339,12.971342528784476,11.020246395851327,591
2016,2017,MNE,disinformation,pinball_0.9,0.317127878771427,3.216685047362745,6.387963835077016,591
2016,2017,MOZ,disinformation,pinball_0.9,0.38294295081150337,2.6382073731065816,6.467636881221616,591
2016,2017,MUS,disinformation,pinball_0.9,0.14429748349119037,3.954417309602647,3.794086772390213,591
2016,2017,MYS,disinformation,pinball_0.9,1.1409152181868238,5.812722409833285,4.545038834070147,591
2016,2017,NIC,disinformation,pinball_0.9,0.026104775953884024,4.631207575802094,4.892255335340934,591
2016,2017,NLD,disinformation,pinball_0.9,0.5350388373262567,2.781508346799868,2.187020749770694,591
2016,2017,NOR,disinformation,pinball_0.9,0.6902846250496255,2.669644742734661,1.9026618260128547,591
2016,2017,PAK,disinformation,pinball_0.9,0.8247101342291902,4.432625906839746,3.516281313251757,591
2016,2017,PAN,disinformation,pinball_0.9,0.13442159906543638,5.744059463557804,7.088275454212168,591
2016,2017,PER,disinformation,pinball_0.9,0.3336509843636881,2.5188354423313517,5.855345285968234,591
2016,2017,PHL,disinformation,pinball_0.9,0.9494393746906734,6.930988325840204,5.876055687295011,591
2016,2017,POL,disinformation,pinball_0.9,1.3654955554891075,5.1524577332590695,3.6352404493822834,591
2016,2017,PRT,disinformation,pinball_0.9,0.13941666163538283,3.3147200817598588,4.708886698113687,591
2016,2017,PRY,disinformation,pinball_0.9,0.3673330017753325,4.810078855540411,8.483408873293737,591
2016,2017,PSE,disinformation,pinball_0.9,0.7413631375291987,1.419367562947869,8.832998938239857,591
2016,2017,ROU,disinformation,pinball_0.9,4.088333458349875,8.195478266412607,3.652885534912747,591
2016,2017,RUS,disinformation,pinball_0.9,0.2507127152411426,1.8267052754919175,4.333832427903344,591
2016,2017,RWA,disinformation,pinball_0.9,0.2861567993598718,4.703934397510608,7.565502391109327,591
2016,2017,SAU,disinformation,pinball_0.9,0.6935590100973895,1.182107058782833,8.11769715975673,591
2016,2017,SGP,disinformation,pinball_0.9,0.34865468651505793,4.326793707705008,7.813340572855588,591
2016,2017,SLB,disinformation,pinball_0.9,0.12327091618538952,3.075461761445908,4.308170923299803,591
2016,2017,SLV,disinformation,pinball_0.9,0.07211240662492718,2.247619081341384,2.968743147590656,591
2016,2017,SVK,disinformation,pinball_0.9,0.30220916011170945,2.8747332745369505,5.896824875654046,591
2016,2017,SVN,disinformation,pinball_0.9,1.0781609517710493,5.174402155799584,3.97644554272064,591
2016,2017,SWZ,disinformation,pinball_0.9,1.009804860533929,3.520953459879834,2.39894805928658,591
2016,2017,SYC,disinformation,pinball_0.9,0.14561094878374786,6.954162187942714,6.792372244849661,591
2016,2017,TCD,disinformation,pinball_0.9,1.2745528580926144,-1.6174692282020402,11.128059352724106,591
2016,2017,THA,disinformation,pinball_0.9,0.02997521230039836,4.177681032100097,4.47743315510408,591
2016,2017,TJK,disinformation,pinball_0.9,0.3383087489032463,7.100000418643091,6.7241018087505955,591
2016,2017,TUR,disinformation,pinball_0.9,0.138082169255682,7.825857300025945,7.672432667519631,591
2016,2017,TZA,disinformation,pinball_0.9,0.7922795283695766,6.727269968324379,5.846959381247071,591
2016,2017,UGA,disinformation,pinball_0.9,0.11696399514563358,3.1314055172359616,4.301045468692298,591
2016,2017,UKR,disinformation,pinball_0.9,0.8812768457154903,2.35997228099491,11.172740738149814,591
2016,2017,USA,disinformation,pinball_0.9,0.05503633350768311,2.457622301264493,2.3964708195892896,591
2016,2017,UZB,disinformation,pinball_0.9,0.21415012505157702,4.700274019560609,6.84177527007638,591
2016,2017,VNM,disinformation,pinball_0.9,0.6808091978747622,6.94019037359206,6.183735709286768,591
2016,2017,VUT,disinformation,pinball_0.9,0.13153108910048897,4.223321925199656,4.077176270643557,591
2016,2017,XKX,disinformation,pinball_0.9,0.04751245858896541,4.825655652980544,5.300780238870198,591
2016,2017,ZAF,disinformation,pinball_0.9,0.15081355999489304,1.157946951817351,2.666082551766282,591
2016,2017,ZMB,disinformation,pinball_0.9,0.21767336742021287,3.5258627714992627,5.702596445701392,591
2017,2018,ALB,benchmark,squared_error,11.60076533024892,3.6714192809890847,0.26542965530774376,700
2017,2018,ARM,benchmark,squared_error,3.7343082264449117,5.199999999653244,3.2675641724018156,700
2017,2018,AUS,benchmark,squared_error,2.676506875194979,2.874170394995005,1.2381670712835344,700
2017,2018,AUT,benchmark,squared_error,1.4631675794469883,2.484221140800244,1.2746064999137392,700
2017,2018,BEL,benchmark,squared_error,0.5437608525394326,1.8779684738356508,1.1405670549738258,700
2017,2018,BGD,benchmark,squared_error,6.653554231642496,7.319412630141358,4.739964194595011,700
2017,2018,BGR,benchmark,squared_error,1.845684587083929,2.3301505421041924,0.9715907947673559,700
2017,2018,BIH,benchmark,squared_error,12.333675038104747,3.829003993490645,0.3170707597709681,700
2017,2018,BLR,benchmark,squared_error,11.297037203676496,3.149197582752961,-0.21190896177616114,700
2017,2018,BOL,benchmark,squared_error,0.1439836132946871,2.868084048147935,2.488632320922077,700
2017,2018,BRA,benchmark,squared_error,2.2346056357691446,1.7836667616339952,3.278526499458633,700
2017,2018,BTN,benchmark,squared_error,0.7885832524456852,3.501871857327373,2.6138497560001115,700
2017,2018,BWA,benchmark,squared_error,11.012029646426543,4.188692371592225,0.8702545393545105,700
2017,2018,CAF,benchmark,squared_error,57.77521300597984,3.789443592754623,-3.811557197008515,700
2017,2018,CHE,benchmark,squared_error,5.319021763421012,3.3274325610149305,1.0211321115025491,700
2017,2018,CHL,benchmark,squared_error,3.1656183724827995,3.990029477899768,2.210811005512861,700
2017,2018,CHN,benchmark,squared_error,6.92882269249657,6.757806142324,4.12554044667385,700
2017,2018,CMR,benchmark,squared_error,0.0608425616066721,3.955514238920486,4.202177088994574,700
2017,2018,COG,benchmark,squared_error,72.07351306886838,-2.3043178012584207,6.185294266961681,700
2017,2018,COL,benchmark,squared_error,0.2704697774966128,2.5643242827770365,3.0843913721959044,700
2017,2018,COM,benchmark,squared_error,1.1772909484117207,3.642451147336885,2.557420756789357,700
2017,2018,CRI,benchmark,squared_error,1.2093098552170636,2.852859597604578,1.7531733445227893,700
2017,2018,CYP,benchmark,squared_error,8.00887256179977,6.27166360056404,3.441668448306748,700
2017,2018,CZE,benchmark,squared_error,2.697803892229408,2.8303058826786582,1.1878066004171992,700
2017,2018,DJI,benchmark,squared_error,3.6588422834910443,4.774339349431926,2.861529300448744,700
2017,2018,DNK,benchmark,squared_error,0.051260621860695486,1.860007490092101,1.6335994030883558,700
2017,2018,DZA,benchmark,squared_error,0.07476360826819255,1.4000000008828124,1.6734293487374137,700
2017,2018,ECU,benchmark,squared_error,1.3842739081064996,1.044294606796072,2.2208463090626998,700
2017,2018,ESP,benchmark,squared_error,0.5380268485978521,2.395411244788775,3.1289143794772727,700
2017,2018,EST,benchmark,squared_error,2.7832864527043863,3.699697561617256,2.0313791109896826,700
2017,2018,FIN,benchmark,squared_error,6.040518879182423,1.1929775974229244,-1.264769110271427,700
2017,2018,FJI,benchmark,squared_error,22.21564781379886,3.812350939512001,-0.9009968954985723,700
2017,2018,FRA,benchmark,squared_error,0.4568886298865431,1.6459087239588683,0.9699733499129888,700
2017,2018,GAB,benchmark,squared_error,14.496171375973487,0.8379165808215703,4.645300377600336,700
2017,2018,GBR,benchmark,squared_error,0.7741554592042351,1.5513309507878574,2.4311919961832285,700
2017,2018,GEO,benchmark,squared_error,7.511907392338557,6.062036412677003,3.3212505048873124,700
2017,2018,GHA,benchmark,squared_error,1.6711213477830744,6.200077681272845,7.492796269281493,700
2017,2018,GIN,benchmark,squared_error,0.29953151697685043,6.3584919273671545,6.905786653247873,700
2017,2018,GMB,benchmark,squared_error,21.574942875844094,7.234890332585792,2.590006816732666,700
2017,2018,GNQ,benchmark,squared_error,48.2576875125865,-6.236544067345747,0.71023126460407,700
2017,2018,GRC,benchmark,squared_error,7.906520947689253,2.06467207892409,-0.7471815708395764,700
2017,2018,GTM,benchmark,squared_error,1.2648565948314645,3.4068732817634526,2.2822148470236137,700
2017,2018,HKG,benchmark,squared_error,9.848361073059175,2.846909226605092,-0.29130062505543286,700
2017,2018,HND,benchmark,squared_error,4.406188426108546,3.844994769667352,1.7459024834377668,700
2017,2018,HRV,benchmark,squared_error,3.034852159377651,2.9110714621091205,1.168988754721882,700
2017,2018,HUN,benchmark,squared_error,16.618208938425894,5.60613813768876,1.529594388576542,700
2017,2018,IDN,benchmark,squared_error,3.4972406078518543,5.174291539550239,3.304200470149646,700
2017,2018,IND,benchmark,squared_error,2.7832099389110545,6.453851344952952,4.7855558258943365,700
2017,2018,IRL,benchmark,squared_error,6.888315544553757,7.688659374374353,10.313219441233894,700
2017,2018,ISR,benchmark,squared_error,3.208051303326247,4.053499528882938,2.262396152936634,700
2017,2018,ITA,benchmark,squared_error,0.9698822431346262,0.8266467123441146,-0.1581792840301821,700
2017,2018,JPN,benchmark,squared_error,0.0006095744960462003,0.8341438459655848,0.8094542834735883,700
2017,2018,KEN,benchmark,squared_error,12.763427162460514,5.647946407092192,2.075352508751588,700
2017,2018,KGZ,benchmark,squared_error,3.1249842588461516,3.757910135571649,1.9901476348815388,700
2017,2018,KHM,benchmark,squared_error,16.26435430804331,8.776223762244626,4.743314848316206,700
2017,2018,KOR,benchmark,squared_error,3.8352164488408347,3.1761156817732683,1.2177448157622273,700
2017,2018,KWT,benchmark,squared_error,9.381832225345882,2.743330450314147,-0.31964722269391466,700
2017,2018,LBN,benchmark,squared_error,7.664191672502608,-1.8847057563165064,0.8837218971544321,700
2017,2018,LSO,benchmark,squared_error,23.59190358661902,-1.480633158482405,3.3765165804714004,700
2017,2018,LTU,benchmark,squared_error,16.7510013167419,4.918367801068115,0.8255690866500827,700
2017,2018,LUX,benchmark,squared_error,3.177055858998893,1.61129891211624,3.393728674827493,700
2017,2018,LVA,benchmark,squared_error,4.7446318030478745,4.309712862945034,2.131495288172515,700
2017,2018,MAR,benchmark,squared_error,0.47639225770571997,3.0656413302595524,3.7558530787148507,700
2017,2018,MDA,benchmark,squared_error,0.2940004797676441,4.075595465850341,3.5333773549690797,700
2017,2018,MDG,benchmark,squared_error,0.6002608800383461,3.1943565174439783,2.4195914691626648,700
2017,2018,MDV,benchmark,squared_error,16.464954948261305,8.568955583474704,4.5112524218004415,700
2017,2018,MEX,benchmark,squared_error,0.07569541167421827,1.9720821110106923,1.696954119569948,700
2017,2018,MKD,benchmark,squared_error,0.49230533214014766,2.880596709642674,2.1789519760772125,700
2017,2018,MLT,benchmark,squared_error,0.5645325927612079,7.189214255369166,6.437860415450045,700
2017,2018,MNE,benchmark,squared_error,15.16641090458914,4.732921134339648,0.838513489448176,700
2017,2018,MOZ,benchmark,squared_error,17.611573999172492,3.484932024227817,7.681546612103679,700
2017,2018,MUS,benchmark,squared_error,0.696682388224695,4.116693694564916,3.2820186750365403,700
2017,2018,MYS,benchmark,squared_error,15.019663828421256,4.843086976348815,0.9675658722363294,700
2017,2018,NIC,benchmark,squared_error,33.0231981697072,-3.3633566598573026,2.383224773456525,700
2017,2018,NLD,benchmark,squared_error,1.625296628549367,2.258731581649556,0.9838603612710557,700
2017,2018,NOR,benchmark,squared_error,0.06927310726864444,1.1103912365576036,0.8471933884116805,700
2017,2018,PAK,benchmark,squared_error,7.782763555120283,6.151702610995187,3.3619421275270662,700
2017,2018,PAN,benchmark,squared_error,1.9373515580578478,3.918242533212649,2.5263547654462073,700
2017,2018,PER,benchmark,squared_error,0.17852968777441208,3.969351341364998,3.5468236052642634,700
2017,2018,PHL,benchmark,squared_error,5.2581000750127345,6.341485571534733,4.048430824038997,700
2017,2018,POL,benchmark,squared_error,15.995445696932531,6.245858472394204,2.246427800794491,700
2017,2018,PRT,benchmark,squared_error,0.4572483968772125,2.946283434492017,2.2700819875272735,700
2017,2018,PRY,benchmark,squared_error,1.3348507647267687,3.204250340766393,2.048892922160891,700
2017,2018,PSE,benchmark,squared_error,1.819097485245415,1.2270773778270296,2.5758165984495394,700
2017,2018,ROU,benchmark,squared_error,24.822861599655834,5.394522281856752,0.4122676115638102,700
2017,2018,RUS,benchmark,squared_error,1.3300445314851945,2.806340820466559,1.6530652543137014,700
2017,2018,RWA,benchmark,squared_error,3.619650437465544,8.070842546216412,6.168304652384716,700
2017,2018,SAU,benchmark,squared_error,0.0006787120459750092,3.2269508901591024,3.200898787634066,700
2017,2018,SGP,benchmark,squared_error,7.756143576644104,3.186608484740745,0.4016231029758597,700
2017,2018,SLB,benchmark,squared_error,2.2327367850125155,2.745852448290549,1.2516179335598405,700
2017,2018,SLV,benchmark,squared_error,0.8908545921497939,2.412444223779204,1.4685932863161986,700
2017,2018,SVK,benchmark,squared_error,5.2320859913793125,4.062119818964831,1.7747444690540841,700
2017,2018,SVN,benchmark,squared_error,10.112240247010343,4.379083473311951,1.1991085918057554,700
2017,2018,SWZ,benchmark,squared_error,7.5656052988498805,0.0653956557843571,2.8159601976284274,700
2017,2018,SYC,benchmark,squared_error,14.343789133534354,4.939472722543115,1.1521532042644749,700
2017,2018,TCD,benchmark,squared_error,0.10634412725394972,5.7411158075815365,6.0672202804946656,700
2017,2018,THA,benchmark,squared_error,16.590479415737512,4.222870287460708,0.14972906529107732,700
2017,2018,TJK,benchmark,squared_error,4.019740431526552,7.5999988895536035,9.604927923591106,700
2017,2018,TUR,benchmark,squared_error,2.234512745556567,3.468153060922191,4.962981728548206,700
2017,2018,TZA,benchmark,squared_error,0.9844813218317681,5.502675993849664,4.510465672480365,700
2017,2018,UGA,benchmark,squared_error,3.3843972094583634,6.303923782629965,4.464250656920301,700
2017,2018,UKR,benchmark,squared_error,0.026201939994575332,3.488362340226587,3.3264922071118725,700
2017,2018,USA,benchmark,squared_error,3.2563284166747235,2.966505067019426,1.1619750958982138,700
2017,2018,UZB,benchmark,squared_error,4.705399017010182e-05,5.72368380757618,5.716824216468096,700
2017,2018,VNM,benchmark,squared_error,13.929221270156182,7.465006855727509,3.732819659168877,700
2017,2018,VUT,benchmark,squared_error,0.2602627775786487,2.5153278949197926,3.025487455820741,700
2017,2018,XKX,benchmark,squared_error,1.4855706151528982,3.406632270562852,2.1877924061208907,700
2017,2018,ZAF,benchmark,squared_error,0.5825703342804592,1.5567838472167637,2.320046799468777,700
2017,2018,ZMB,benchmark,squared_error,2.4963293341310244,4.034493896671648,5.6144715338966265,700
2017,2018,ALB,benchmark,pinball_0.1,0.44413780673413383,3.6714192809890847,-0.7699587863522535,700
2017,2018,ARM,benchmark,pinball_0.1,0.3671630338591726,5.199999999653244,1.528369661061518,700
2017,2018,AUS,benchmark,pinball_0.1,0.22280717247788698,2.874170394995005,0.6460986702161353,700
2017,2018,AUT,benchmark,pinball_0.1,0.4060271025363027,2.484221140800244,-1.5760498845627824,700
2017,2018,BEL,benchmark,pinball_0.1,0.12826389846169564,1.8779684738356508,0.5953294892186944,700
2017,2018,BGD,benchmark,pinball_0.1,0.23410718909396142,7.319412630141358,4.978340739201744,700
2017,2018,BGR,benchmark,pinball_0.1,0.3436485381243985,2.3301505421041924,-1.1063348391397922,700
2017,2018,BIH,benchmark,pinball_0.1,0.6066763349446462,3.829003993490645,-2.237759355955817,700
2017,2018,BLR,benchmark,pinball_0.1,0.46723852184290876,3.149197582752961,-1.5231876356761265,700
2017,2018,BOL,benchmark,pinball_0.1,0.05668737809290354,2.868084048147935,2.3012102672188997,700
2017,2018,BRA,benchmark,pinball_0.1,0.18521813810888102,1.7836667616339952,-0.06851461945481496,700
2017,2018,BTN,benchmark,pinball_0.1,0.29495849196228635,3.501871857327373,0.5522869377045097,700
2017,2018,BWA,benchmark,pinball_0.1,0.8843708888742431,4.188692371592225,-4.655016517150204,700
2017,2018,CAF,benchmark,pinball_0.1,3.524283166741805,3.789443592754623,-31.453388074663422,700
2017,2018,CHE,benchmark,pinball_0.1,0.39057279143453044,3.3274325610149305,-0.5782953533303736,700
2017,2018,CHL,benchmark,pinball_0.1,0.26045549966489046,3.990029477899768,1.3854744812508635,700
2017,2018,CHN,benchmark,pinball_0.1,0.18558575599225213,6.757806142324,4.901948582401479,700
2017,2018,CMR,benchmark,pinball_0.1,0.030702153104298448,3.955514238920486,3.6484927078775016,700
2017,2018,COG,benchmark,pinball_0.1,2.445779617714727,-2.3043178012584207,0.41321510731349775,700
2017,2018,COL,benchmark,pinball_0.1,0.3267318430915568,2.5643242827770365,2.9273596639898773,700
2017,2018,COM,benchmark,pinball_0.1,0.17424423739993694,3.642451147336885,1.9000087733375155,700
2017,2018,CRI,benchmark,pinball_0.1,0.2565496153708816,2.852859597604578,0.28736344389576196,700
2017,2018,CYP,benchmark,pinball_0.1,0.6454879914617773,6.27166360056404,-0.18321631405373218,700
2017,2018,CZE,benchmark,pinball_0.1,0.3229200865274944,2.8303058826786582,-0.39889498259628525,700
2017,2018,DJI,benchmark,pinball_0.1,0.16832619730368825,4.774339349431926,3.091077376395044,700
2017,2018,DNK,benchmark,pinball_0.1,0.14589250911024362,1.860007490092101,0.401082398989665,700
2017,2018,DZA,benchmark,pinball_0.1,0.2763576534261058,1.4000000008828124,-1.3635765333782457,700
2017,2018,ECU,benchmark,pinball_0.1,0.07597180284096368,1.044294606796072,0.28457657838643513,700
2017,2018,ESP,benchmark,pinball_0.1,0.14187583156911404,2.395411244788775,0.9766529290976349,700
2017,2018,EST,benchmark,pinball_0.1,0.37181461598130233,3.699697561617256,-0.018448598195767385,700
2017,2018,FIN,benchmark,pinball_0.1,0.9254723273155481,1.1929775974229244,-8.061745675732556,700
2017,2018,FJI,benchmark,pinball_0.1,0.7516180788247504,3.812350939512001,-3.703829848735502,700
2017,2018,FRA,benchmark,pinball_0.1,0.12120585831757298,1.6459087239588683,0.43385014078313855,700
2017,2018,GAB,benchmark,pinball_0.1,3.03723271427,0.8379165808215703,4.212619596677126,700
2017,2018,GBR,benchmark,pinball_0.1,0.10015595688690473,1.5513309507878574,0.5497713819188101,700
2017,2018,GEO,benchmark,pinball_0.1,0.29463978062618545,6.062036412677003,3.1156386064151484,700
2017,2018,GHA,benchmark,pinball_0.1,0.17120734421980757,6.200077681272845,4.488004239074769,700
2017,2018,GIN,benchmark,pinball_0.1,0.4066661675451377,6.3584919273671545,2.2918302519157776,700
2017,2018,GMB,benchmark,pinball_0.1,0.9051604241902829,7.234890332585792,-1.816713909317036,700
2017,2018,GNQ,benchmark,pinball_0.1,0.09489700582229128,-6.236544067345747,-7.18551412556866,700
2017,2018,GRC,benchmark,pinball_0.1,0.6110641174057693,2.06467207892409,-4.045969095133602,700
2017,2018,GTM,benchmark,pinball_0.1,0.21566969246525478,3.4068732817634526,1.250176357110905,700
2017,2018,HKG,benchmark,pinball_0.1,0.4569580242497188,2.846909226605092,-1.7226710158920957,700
2017,2018,HND,benchmark,pinball_0.1,0.2753952304929162,3.844994769667352,1.09104246473819,700
2017,2018,HRV,benchmark,pinball_0.1,0.4621229889653881,2.9110714621091205,-1.7101584275447606,700
2017,2018,HUN,benchmark,pinball_0.1,0.643875220717224,5.60613813768876,-0.8326140694834794,700
2017,2018,IDN,benchmark,pinball_0.1,0.13294175927632532,5.174291539550239,3.8448739467869864,700
2017,2018,IND,benchmark,pinball_0.1,0.10772931114292633,6.453851344952952,5.376558233523689,700
2017,2018,IRL,benchmark,pinball_0.1,0.0894850482676973,7.688659374374353,6.79380889169738,700
2017,2018,ISR,benchmark,pinball_0.1,0.29445251290425783,4.053499528882938,1.1089743998403598,700
2017,2018,ITA,benchmark,pinball_0.1,0.20771938368349488,0.8266467123441146,-1.2505471244908342,700
2017,2018,JPN,benchmark,pinball_0.1,0.059087073468115925,0.8341438459655848,0.24327311128442553,700
2017,2018,KEN,benchmark,pinball_0.1,0.8144006187616969,5.647946407092192,-2.4960597805247766,700
2017,2018,KGZ,benchmark,pinball_0.1,0.927879339247533,3.757910135571649,-5.520883256903681,700
2017,2018,KHM,benchmark,pinball_0.1,0.5021847810433887,8.776223762244626,3.75437595181074,700
2017,2018,KOR,benchmark,pinball_0.1,0.23358222154103034,3.1761156817732683,0.8402934663629651,700
2017,2018,KWT,benchmark,pinball_0.1,0.9992625183924599,2.743330450314147,-7.249294733610451,700
2017,2018,LBN,benchmark,pinball_0.1,1.8594814552905805,-1.8847057563165064,0.18138474956191608,700
2017,2018,LSO,benchmark,pinball_0.1,3.5349507300591716,-1.480633158482405,2.4470898749166743,700
2017,2018,LTU,benchmark,pinball_0.1,0.5032451362640414,4.918367801068115,-0.11408356157229937,700
2017,2018,LUX,benchmark,pinball_0.1,0.7509634111787719,1.61129891211624,2.4457027023148754,700
2017,2018,LVA,benchmark,pinball_0.1,0.3140275214708663,4.309712862945034,1.1694376482363706,700
2017,2018,MAR,benchmark,pinball_0.1,0.1113571227798095,3.0656413302595524,1.9520701024614575,700
2017,2018,MDA,benchmark,pinball_0.1,0.31142388263120524,4.075595465850341,0.9613566395382889,700
2017,2018,MDG,benchmark,pinball_0.1,0.5401969237966256,3.1943565174439783,-2.2076127205222775,700
2017,2018,MDV,benchmark,pinball_0.1,0.41599867166488586,8.568955583474704,4.4089688668258455,700
2017,2018,MEX,benchmark,pinball_0.1,0.1919543094992764,1.9720821110106923,0.05253901601792843,700
2017,2018,MKD,benchmark,pinball_0.1,0.20886747727888408,2.880596709642674,0.7919219368538335,700
2017,2018,MLT,benchmark,pinball_0.1,0.4972724000103408,7.189214255369166,2.216490255265758,700
2017,2018,MNE,benchmark,pinball_0.1,0.8434453273477658,4.732921134339648,-3.701532139138009,700
2017,2018,MOZ,benchmark,pinball_0.1,3.3916433236521275,3.484932024227817,7.253424606063514,700
2017,2018,MUS,benchmark,pinball_0.1,0.038354758638702614,4.116693694564916,3.7331461081778903,700
2017,2018,MYS,benchmark,pinball_0.1,0.5823446937857718,4.843086976348815,-0.9803599615089027,700
2017,2018,NIC,benchmark,pinball_0.1,4.281907023323322,-3.3633566598573026,1.3943178105019443,700
2017,2018,NLD,benchmark,pinball_0.1,0.2826995636485908,2.258731581649556,-0.5682640548363516,700
2017,2018,NOR,benchmark,pinball_0.1,0.18134940171333833,1.1103912365576036,-0.7031027805757795,700
2017,2018,PAK,benchmark,pinball_0.1,0.4440416194542074,6.151702610995187,1.7112864164531132,700
2017,2018,PAN,benchmark,pinball_0.1,0.1471756233132475,3.918242533212649,2.446486300080174,700
2017,2018,PER,benchmark,pinball_0.1,0.13384137257745082,3.969351341364998,2.63093761559049,700
2017,2018,PHL,benchmark,pinball_0.1,0.6824624900255434,6.341485571534733,-0.48313932872070087,700
2017,2018,POL,benchmark,pinball_0.1,0.4844322245365611,6.245858472394204,1.4015362270285934,700
2017,2018,PRT,benchmark,pinball_0.1,0.2006422229495736,2.946283434492017,0.9398612049962809,700
2017,2018,PRY,benchmark,pinball_0.1,0.25980966051296045,3.204250340766393,0.6061537356367883,700
2017,2018,PSE,benchmark,pinball_0.1,0.3940039988849935,1.2270773778270296,-2.712962611022905,700
2017,2018,ROU,benchmark,pinball_0.1,0.6854670476306294,5.394522281856752,-1.4601481944495414,700
2017,2018,RUS,benchmark,pinball_0.1,0.38569220253951164,2.806340820466559,-1.050581204928557,700
2017,2018,RWA,benchmark,pinball_0.1,0.2124117399277112,8.070842546216412,5.9467251469393,700
2017,2018,SAU,benchmark,pinball_0.1,0.2165113093590458,3.2269508901591024,1.0618377965686445,700
2017,2018,SGP,benchmark,pinball_0.1,0.37835375553986444,3.186608484740745,-0.5969290706578994,700
2017,2018,SLB,benchmark,pinball_0.1,0.4837128039382084,2.745852448290549,-2.0912755910915353,700
2017,2018,SLV,benchmark,pinball_0.1,0.15268615152754095,2.412444223779204,0.8855827085037944,700
2017,2018,SVK,benchmark,pinball_0.1,0.6447953698485347,4.062119818964831,-2.385833879520515,700
2017,2018,SVN,benchmark,pinball_0.1,0.5927314230123525,4.379083473311951,-1.548230756811574,700
2017,2018,SWZ,benchmark,pinball_0.1,2.7467906204134636,0.0653956557843571,3.1173852340215387,700
2017,2018,SYC,benchmark,pinball_0.1,0.8452864530811713,4.939472722543115,-3.5133918082685973,700
2017,2018,TCD,benchmark,pinball_0.1,0.478897196191465,5.7411158075815365,0.9521438456668871,700
2017,2018,THA,benchmark,pinball_0.1,0.7946058244618586,4.222870287460708,-3.723187957157877,700
2017,2018,TJK,benchmark,pinball_0.1,4.762050587440868,7.5999988895536035,12.891166208932345,700
2017,2018,TUR,benchmark,pinball_0.1,0.4185072447549794,3.468153060922191,3.933161110649946,700
2017,2018,TZA,benchmark,pinball_0.1,0.20787294410170656,5.502675993849664,3.4239465528325983,700
2017,2018,UGA,benchmark,pinball_0.1,0.15604317919365915,6.303923782629965,4.743491990693373,700
2017,2018,UKR,benchmark,pinball_0.1,0.881833978736589,3.488362340226587,-5.329977447139303,700
2017,2018,USA,benchmark,pinball_0.1,0.3934530005491079,2.966505067019426,-0.968024938471653,700
2017,2018,UZB,benchmark,pinball_0.1,0.4969443540028093,5.72368380757618,6.275844200912634,700
2017,2018,VNM,benchmark,pinball_0.1,0.4822790508280633,7.465006855727509,2.642216347446876,700
2017,2018,VUT,benchmark,pinball_0.1,0.04044413809633105,2.5153278949197926,2.110886513956482,700
2017,2018,XKX,benchmark,pinball_0.1,0.3496723611971245,3.406632270562852,-0.09009134140839326,700
2017,2018,ZAF,benchmark,pinball_0.1,0.04313254012660686,1.5567838472167637,1.125458445950695,700
2017,2018,ZMB,benchmark,pinball_0.1,0.5689234007548942,4.034493896671648,4.666631008621531,700
2017,2018,ALB,benchmark,pinball_0.5,1.5873133736337839,3.6714192809890847,0.4967925337215169,700
2017,2018,ARM,benchmark,pinball_0.5,0.9636845831586727,5.199999999653244,3.2726308333358984,700
2017,2018,AUS,benchmark,pinball_0.5,0.7980950715368964,2.874170394995005,1.2779802519212122,700
2017,2018,AUT,benchmark,pinball_0.5,0.63125812204362,2.484221140800244,1.2217048967130042,700
2017,2018,BEL,benchmark,pinball_0.5,0.4777213946819514,1.8779684738356508,0.922525684471748,700
2017,2018,BGD,benchmark,pinball_0.5,0.9141547771434406,7.319412630141358,5.491103075854476,700
2017,2018,BGR,benchmark,pinball_0.5,0.2080445123260064,2.3301505421041924,1.9140615174521796,700
2017,2018,BIH,benchmark,pinball_0.5,1.2931669748326695,3.829003993490645,1.242670043825306,700
2017,2018,BLR,benchmark,pinball_0.5,0.8878501184020771,3.149197582752961,1.373497345948807,700
2017,2018,BOL,benchmark,pinball_0.5,0.3240304287204121,2.868084048147935,3.5161449055887593,700
2017,2018,BRA,benchmark,pinball_0.5,0.9405110957617411,1.7836667616339952,3.6646889531574773,700
2017,2018,BTN,benchmark,pinball_0.5,0.34589357850256564,3.501871857327373,4.193659014332504,700
2017,2018,BWA,benchmark,pinball_0.5,0.10188478832808268,4.188692371592225,3.9849227949360597,700
2017,2018,CAF,benchmark,pinball_0.5,0.28206973978969807,3.789443592754623,3.225304113175227,700
2017,2018,CHE,benchmark,pinball_0.5,1.20489589539591,3.3274325610149305,0.9176407702231106,700
2017,2018,CHL,benchmark,pinball_0.5,0.5660899452835262,3.990029477899768,2.8578495873327157,700
2017,2018,CHN,benchmark,pinball_0.5,0.7952881972462356,6.757806142324,5.167229747831529,700
2017,2018,CMR,benchmark,pinball_0.5,0.43387289110003024,3.955514238920486,4.8232600211205465,700
2017,2018,COG,benchmark,pinball_0.5,2.8145139514452833,-2.3043178012584207,3.324710101632146,700
2017,2018,COL,benchmark,pinball_0.5,0.2107716817341938,2.5643242827770365,2.985867646245424,700
2017,2018,COM,benchmark,pinball_0.5,0.3429386350951533,3.642451147336885,2.956573877146578,700
2017,2018,CRI,benchmark,pinball_0.5,0.15005793352633612,2.852859597604578,2.5527437305519056,700
2017,2018,CYP,benchmark,pinball_0.5,1.6182080093375681,6.27166360056404,3.0352475818889033,700
2017,2018,CZE,benchmark,pinball_0.5,0.8325723757901459,2.8303058826786582,1.1651611310983665,700
2017,2018,DJI,benchmark,pinball_0.5,0.21192686418687368,4.774339349431926,5.198193077805674,700
2017,2018,DNK,benchmark,pinball_0.5,0.0956544177984815,1.860007490092101,1.668698654495138,700
2017,2018,DZA,benchmark,pinball_0.5,0.0653418135471786,1.4000000008828124,1.2693163737884552,700
2017,2018,ECU,benchmark,pinball_0.5,1.024481289595252,1.044294606796072,3.093257185986576,700
2017,2018,ESP,benchmark,pinball_0.5,0.29974385811071347,2.395411244788775,2.994898961010202,700
2017,2018,EST,benchmark,pinball_0.5,0.6350913046680833,3.699697561617256,2.4295149522810893,700
2017,2018,FIN,benchmark,pinball_0.5,0.7000848928748562,1.1929775974229244,-0.20719218832678798,700
2017,2018,FJI,benchmark,pinball_0.5,1.5568877988940284,3.812350939512001,0.6985753417239442,700
2017,2018,FRA,benchmark,pinball_0.5,0.4577548981502648,1.6459087239588683,0.7303989276583387,700
2017,2018,GAB,benchmark,pinball_0.5,2.0479898742126954,0.8379165808215703,4.933896329246961,700
2017,2018,GBR,benchmark,pinball_0.5,0.42753463327424335,1.5513309507878574,2.406400217336344,700
2017,2018,GEO,benchmark,pinball_0.5,1.1840114182575492,6.062036412677003,3.6940135761619044,700
2017,2018,GHA,benchmark,pinball_0.5,1.244846737060187,6.200077681272845,8.689771155393219,700
2017,2018,GIN,benchmark,pinball_0.5,2.1641949421996447,6.3584919273671545,10.686881811766444,700
2017,2018,GMB,benchmark,pinball_0.5,2.187225006440718,7.234890332585792,2.860440319704356,700
2017,2018,GNQ,benchmark,pinball_0.5,3.9362225842648293,-6.236544067345747,1.6359011011839115,700
2017,2018,GRC,benchmark,pinball_0.5,0.37717504237995525,2.06467207892409,1.3103219941641797,700
2017,2018,GTM,benchmark,pinball_0.5,0.3953900138732469,3.4068732817634526,2.616093254016959,700
2017,2018,HKG,benchmark,pinball_0.5,0.7755097177022368,2.846909226605092,1.2958897912006186,700
2017,2018,HND,benchmark,pinball_0.5,0.5072803464836975,3.844994769667352,2.830434076699957,700
2017,2018,HRV,benchmark,pinball_0.5,0.5411641706878239,2.9110714621091205,1.8287431207334728,700
2017,2018,HUN,benchmark,pinball_0.5,2.0138750328377952,5.60613813768876,1.5783880720131689,700
2017,2018,IDN,benchmark,pinball_0.5,0.49029502920000567,5.174291539550239,4.193701481150228,700
2017,2018,IND,benchmark,pinball_0.5,0.24795912128845732,6.453851344952952,5.957933102376037,700
2017,2018,IRL,benchmark,pinball_0.5,0.4199645929599325,7.688659374374353,6.848730188454488,700
2017,2018,ISR,benchmark,pinball_0.5,0.7540475943689637,4.053499528882938,2.5454043401450104,700
2017,2018,ITA,benchmark,pinball_0.5,0.09593997702845503,0.8266467123441146,0.6347667582872045,700
2017,2018,JPN,benchmark,pinball_0.5,0.19945835852189653,0.8341438459655848,1.2330605630093778,700
2017,2018,KEN,benchmark,pinball_0.5,0.6847363921230771,5.647946407092192,4.278473622846038,700
2017,2018,KGZ,benchmark,pinball_0.5,0.17909517041352263,3.757910135571649,4.116100476398694,700
2017,2018,KHM,benchmark,pinball_0.5,1.6840695655425355,8.776223762244626,5.408084631159555,700
2017,2018,KOR,benchmark,pinball_0.5,0.6539840703777298,3.1761156817732683,1.8681475410178088,700
2017,2018,KWT,benchmark,pinball_0.5,1.920460004194477,2.743330450314147,-1.097589558074807,700
2017,2018,LBN,benchmark,pinball_0.5,1.926770140090024,-1.8847057563165064,1.9688345238635412,700
2017,2018,LSO,benchmark,pinball_0.5,2.2043651564556006,-1.480633158482405,2.928097154428796,700
2017,2018,LTU,benchmark,pinball_0.5,1.8004736809872166,4.918367801068115,1.3174204390936815,700
2017,2018,LUX,benchmark,pinball_0.5,0.38854499592166203,1.61129891211624,2.388388903959564,700
2017,2018,LVA,benchmark,pinball_0.5,0.9398727370532904,4.309712862945034,2.429967388838453,700
2017,2018,MAR,benchmark,pinball_0.5,0.14696570511649654,3.0656413302595524,3.3595727404925455,700
2017,2018,MDA,benchmark,pinball_0.5,0.0847339514853136,4.075595465850341,3.906127562879714,700
2017,2018,MDG,benchmark,pinball_0.5,0.40673197124371985,3.1943565174439783,2.3808925749565386,700
2017,2018,MDV,benchmark,pinball_0.5,1.79580308122133,8.568955583474704,4.977349421032044,700
2017,2018,MEX,benchmark,pinball_0.5,0.13336836202680946,1.9720821110106923,1.7053453869570734,700
2017,2018,MKD,benchmark,pinball_0.5,0.3516429053252612,2.880596709642674,2.1773108989921517,700
2017,2018,MLT,benchmark,pinball_0.5,0.7246998691012019,7.189214255369166,5.739814517166762,700
2017,2018,MNE,benchmark,pinball_0.5,1.249732686029862,4.732921134339648,2.233455762279924,700
2017,2018,MOZ,benchmark,pinball_0.5,2.217332124229102,3.484932024227817,7.919596272686021,700
2017,2018,MUS,benchmark,pinball_0.5,0.11544860193400508,4.116693694564916,3.8857964906969062,700
2017,2018,MYS,benchmark,pinball_0.5,0.6739158120390671,4.843086976348815,3.4952553522706804,700
2017,2018,NIC,benchmark,pinball_0.5,3.407331115796567,-3.3633566598573026,3.451305571735831,700
2017,2018,NLD,benchmark,pinball_0.5,0.4236350074720372,2.258731581649556,1.4114615667054817,700
2017,2018,NOR,benchmark,pinball_0.5,0.013720767764805686,1.1103912365576036,1.137832772087215,700
2017,2018,PAK,benchmark,pinball_0.5,0.42388884805258353,6.151702610995187,5.30392491489002,700
2017,2018,PAN,benchmark,pinball_0.5,0.2374887857494301,3.918242533212649,3.4432649617137887,700
2017,2018,PER,benchmark,pinball_0.5,0.2764671880737011,3.969351341364998,3.416416965217596,700
2017,2018,PHL,benchmark,pinball_0.5,0.6391951873767097,6.341485571534733,5.063095196781314,700
2017,2018,POL,benchmark,pinball_0.5,1.7143471624020536,6.245858472394204,2.8171641475900966,700
2017,2018,PRT,benchmark,pinball_0.5,0.11294259462855827,2.946283434492017,2.7203982452349003,700
2017,2018,PRY,benchmark,pinball_0.5,0.017126362730236266,3.204250340766393,3.2385030662268655,700
2017,2018,PSE,benchmark,pinball_0.5,1.178534469417475,1.2270773778270296,3.58414631666198,700
2017,2018,ROU,benchmark,pinball_0.5,2.379321887816508,5.394522281856752,0.6358785062237364,700
2017,2018,RUS,benchmark,pinball_0.5,0.36951734299533356,2.806340820466559,2.067306134475892,700
2017,2018,RWA,benchmark,pinball_0.5,1.033039783614139,8.070842546216412,6.004762978988134,700
2017,2018,SAU,benchmark,pinball_0.5,0.18586361313410826,3.2269508901591024,3.598678116427319,700
2017,2018,SGP,benchmark,pinball_0.5,0.6890122815910935,3.186608484740745,1.808583921558558,700
2017,2018,SLB,benchmark,pinball_0.5,0.6991978315656227,2.745852448290549,1.3474567851593036,700
2017,2018,SLV,benchmark,pinball_0.5,0.3168817699349942,2.412444223779204,1.7786806839092155,700
2017,2018,SVK,benchmark,pinball_0.5,1.1794454471734408,4.062119818964831,1.7032289246179493,700
2017,2018,SVN,benchmark,pinball_0.5,1.5993541835264908,4.379083473311951,1.1803751062589694,700
2017,2018,SWZ,benchmark,pinball_0.5,1.113621109364694,0.0653956557843571,2.292637874513745,700
2017,2018,SYC,benchmark,pinball_0.5,2.265706824458364,4.939472722543115,0.4080590736263874,700
2017,2018,TCD,benchmark,pinball_0.5,0.16297487652745168,5.7411158075815365,6.06706556063644,700
2017,2018,THA,benchmark,pinball_0.5,1.8978712740663066,4.222870287460708,0.4271277393280947,700
2017,2018,TJK,benchmark,pinball_0.5,1.9233035287229976,7.5999988895536035,11.446605946999599,700
2017,2018,TUR,benchmark,pinball_0.5,0.9245632932120831,3.468153060922191,5.317279647346357,700
2017,2018,TZA,benchmark,pinball_0.5,0.22511497805831926,5.502675993849664,5.952905949966302,700
2017,2018,UGA,benchmark,pinball_0.5,0.5994790671562753,6.303923782629965,5.104965648317414,700
2017,2018,UKR,benchmark,pinball_0.5,1.0514963304595089,3.488362340226587,5.591355001145605,700
2017,2018,USA,benchmark,pinball_0.5,0.7802820966182855,2.966505067019426,1.4059408737828551,700
2017,2018,UZB,benchmark,pinball_0.5,0.44202090124056603,5.72368380757618,6.607725610057312,700
2017,2018,VNM,benchmark,pinball_0.5,1.4179110844656484,7.465006855727509,4.629184686796212,700
2017,2018,VUT,benchmark,pinball_0.5,0.1146421460812388,2.5153278949197926,2.74461218708227,700
2017,2018,XKX,benchmark,pinball_0.5,0.2633114499830864,3.406632270562852,3.9332551705290246,700
2017,2018,ZAF,benchmark,pinball_0.5,0.34831395986772584,1.5567838472167637,2.2534117669522153,700
2017,2018,ZMB,benchmark,pinball_0.5,0.5694331892942079,4.034493896671648,5.173360275260064,700
2017,2018,ALB,benchmark,pinball_0.9,0.5861481442822648,3.6714192809890847,3.0201435651199016,700
2017,2018,ARM,benchmark,pinball_0.9,0.07210080187350519,5.199999999653244,5.921008018388296,700
2017,2018,AUS,benchmark,pinball_0.9,0.033773285487720094,2.874170394995005,2.8366445222308716,700
2017,2018,AUT,benchmark,pinball_0.9,0.09812337044216679,2.484221140800244,3.4654548452219123,700
2017,2018,BEL,benchmark,pinball_0.9,0.05187779935396118,1.8779684738356508,2.3967464673752628,700
2017,2018,BGD,benchmark,pinball_0.9,0.8111769291293295,7.319412630141358,6.418104931108769,700
2017,2018,BGR,benchmark,pinball_0.9,0.030795484381534958,2.3301505421041924,2.638105385919542,700
2017,2018,BIH,benchmark,pinball_0.9,0.056358264040991146,3.829003993490645,4.392586633900557,700
2017,2018,BLR,benchmark,pinball_0.9,0.1310374638375829,3.149197582752961,4.4595722211287905,700
2017,2018,BOL,benchmark,pinball_0.9,0.15261931198513287,2.868084048147935,4.394277167999264,700
2017,2018,BRA,benchmark,pinball_0.9,0.33221464156909875,1.7836667616339952,5.1058131773249835,700
2017,2018,BTN,benchmark,pinball_0.9,0.31650579437849063,3.501871857327373,6.66692980111228,700
2017,2018,BWA,benchmark,pinball_0.9,0.19955633632618386,4.188692371592225,6.184255734854064,700
2017,2018,CAF,benchmark,pinball_0.9,0.416476637833743,3.789443592754623,7.9542099710920535,700
2017,2018,CHE,benchmark,pinball_0.9,1.1479253336124635,3.3274325610149305,2.051959968112193,700
2017,2018,CHL,benchmark,pinball_0.9,0.1177704170662823,3.990029477899768,5.167733648562591,700
2017,2018,CHN,benchmark,pinball_0.9,1.1368895644481403,6.757806142324,5.4945955151594,700
2017,2018,CMR,benchmark,pinball_0.9,0.1328196400055028,3.955514238920486,5.283710638975514,700
2017,2018,COG,benchmark,pinball_0.9,1.5240503908103982,-2.3043178012584207,12.936186106845565,700
2017,2018,COL,benchmark,pinball_0.9,0.24198110486126273,2.5643242827770365,4.984135331389664,700
2017,2018,COM,benchmark,pinball_0.9,0.054562532313266875,3.642451147336885,4.188076470469554,700
2017,2018,CRI,benchmark,pinball_0.9,0.05343564950727043,2.852859597604578,3.3872160926772823,700
2017,2018,CYP,benchmark,pinball_0.9,0.06910316808089333,6.27166360056404,6.962695281372973,700
2017,2018,CZE,benchmark,pinball_0.9,0.12900124994454873,2.8303058826786582,4.120318382124146,700
2017,2018,DJI,benchmark,pinball_0.9,0.03474251133356211,4.774339349431926,5.121764462767548,700
2017,2018,DNK,benchmark,pinball_0.9,0.09937310184410848,1.860007490092101,2.853738508533186,700
2017,2018,DZA,benchmark,pinball_0.9,0.2622900385395311,1.4000000008828124,4.022900386278124,700
2017,2018,ECU,benchmark,pinball_0.9,0.5706624768438757,1.044294606796072,6.75091937523483,700
2017,2018,ESP,benchmark,pinball_0.9,0.26454459683534126,2.395411244788775,5.040857213142188,700
2017,2018,EST,benchmark,pinball_0.9,0.2862409631678436,3.699697561617256,6.5621071932956925,700
2017,2018,FIN,benchmark,pinball_0.9,0.0921137460368686,1.1929775974229244,2.1141150577916106,700
2017,2018,FJI,benchmark,pinball_0.9,1.5168958869794966,3.812350939512001,2.1269110650903382,700
2017,2018,FRA,benchmark,pinball_0.9,0.028343868087745864,1.6459087239588683,1.929347404836327,700
2017,2018,GAB,benchmark,pinball_0.9,0.5228503938194239,0.8379165808215703,6.066420519015811,700
2017,2018,GBR,benchmark,pinball_0.9,0.2732535705692097,1.5513309507878574,4.283866656479955,700
2017,2018,GEO,benchmark,pinball_0.9,1.2987270102702602,6.062036412677003,4.619006401265603,700
2017,2018,GHA,benchmark,pinball_0.9,0.7440016989484255,6.200077681272845,13.640094670757101,700
2017,2018,GIN,benchmark,pinball_0.9,0.4065477659068768,6.3584919273671545,10.423969586435923,700
2017,2018,GMB,benchmark,pinball_0.9,0.36629215460187287,7.234890332585792,6.827899049694822,700
2017,2018,GNQ,benchmark,pinball_0.9,1.4547269553523505,-6.236544067345747,8.31072548617776,700
2017,2018,GRC,benchmark,pinball_0.9,0.11957721429008927,2.06467207892409,1.9318085074906577,700
2017,2018,GTM,benchmark,pinball_0.9,0.025193927075677976,3.4068732817634526,3.6588125525202324,700
2017,2018,HKG,benchmark,pinball_0.9,0.9245796383844292,2.846909226605092,1.8195985172890596,700
2017,2018,HND,benchmark,pinball_0.9,0.7338819570532998,3.844994769667352,3.029570372941463,700
2017,2018,HRV,benchmark,pinball_0.9,0.04013612994532795,2.9110714621091205,3.3124327615624,700
2017,2018,HUN,benchmark,pinball_0.9,1.850466974390301,5.60613813768876,3.5500637216995363,700
2017,2018,IDN,benchmark,pinball_0.9,0.8364008475009612,5.174291539550239,4.244957264549171,700
2017,2018,IND,benchmark,pinball_0.9,0.0975496672751978,6.453851344952952,7.42934801770493,700
2017,2018,IRL,benchmark,pinball_0.9,0.6036017050191899,7.688659374374353,13.724676424566253,700
2017,2018,ISR,benchmark,pinball_0.9,0.0665323652903218,4.053499528882938,3.979574678560358,700
2017,2018,ITA,benchmark,pinball_0.9,0.06999351255446634,0.8266467123441146,1.526581837888778,700
2017,2018,JPN,benchmark,pinball_0.9,0.06975454655110427,0.8341438459655848,1.5316893114766277,700
2017,2018,KEN,benchmark,pinball_0.9,1.3344527062186737,5.647946407092192,4.1652211779603325,700
2017,2018,KGZ,benchmark,pinball_0.9,0.5212221621830461,3.757910135571649,8.970131757402111,700
2017,2018,KHM,benchmark,pinball_0.9,1.7721522893020045,8.776223762244626,6.807165663020177,700
2017,2018,KOR,benchmark,pinball_0.9,0.5529203993889048,3.1761156817732683,2.561759682452263,700
2017,2018,KWT,benchmark,pinball_0.9,0.4174043411311307,2.743330450314147,6.917373861625455,700
2017,2018,LBN,benchmark,pinball_0.9,0.4413077779408591,-1.8847057563165064,2.5283720230920856,700
2017,2018,LSO,benchmark,pinball_0.9,0.841625279284564,-1.480633158482405,6.935619634363237,700
2017,2018,LTU,benchmark,pinball_0.9,2.249258203807499,4.918367801068115,2.4191920190597824,700
2017,2018,LUX,benchmark,pinball_0.9,0.2753325394307615,1.61129891211624,4.364624306423856,700
2017,2018,LVA,benchmark,pinball_0.9,0.4333615610914866,4.309712862945034,3.8282000172878266,700
2017,2018,MAR,benchmark,pinball_0.9,0.21447197556937686,3.0656413302595524,5.210361085953322,700
2017,2018,MDA,benchmark,pinball_0.9,0.5114554298720232,4.075595465850341,9.190149764570574,700
2017,2018,MDG,benchmark,pinball_0.9,0.30973671898222643,3.1943565174439783,6.291723707266243,700
2017,2018,MDV,benchmark,pinball_0.9,2.9804481656446193,8.568955583474704,5.257346510536238,700
2017,2018,MEX,benchmark,pinball_0.9,0.17165340087865377,1.9720821110106923,3.6886161197972305,700
2017,2018,MKD,benchmark,pinball_0.9,0.016139549044544885,2.880596709642674,3.041992200088123,700
2017,2018,MLT,benchmark,pinball_0.9,0.22257146145262605,7.189214255369166,9.414928869895427,700
2017,2018,MNE,benchmark,pinball_0.9,0.17958264826552087,4.732921134339648,6.528747616994857,700
2017,2018,MOZ,benchmark,pinball_0.9,0.5206959583206608,3.484932024227817,8.691891607434426,700
2017,2018,MUS,benchmark,pinball_0.9,0.002809181702593033,4.116693694564916,4.144785511590847,700
2017,2018,MYS,benchmark,pinball_0.9,0.2176862296673404,4.843086976348815,4.601213387829548,700
2017,2018,NIC,benchmark,pinball_0.9,0.7850447600272059,-3.3633566598573026,4.487090940414758,700
2017,2018,NLD,benchmark,pinball_0.9,0.0019893863664652398,2.258731581649556,2.2786254453142085,700
2017,2018,NOR,benchmark,pinball_0.9,0.07810526581589644,1.1103912365576036,1.8914438947165682,700
2017,2018,PAK,benchmark,pinball_0.9,0.733787876839399,6.151702610995187,5.336382747840299,700
2017,2018,PAN,benchmark,pinball_0.9,0.323787149437189,3.918242533212649,7.15611402758454,700
2017,2018,PER,benchmark,pinball_0.9,0.16666254235560785,3.969351341364998,5.635976764921077,700
2017,2018,PHL,benchmark,pinball_0.9,0.05025259759896067,6.341485571534733,6.84401154752434,700
2017,2018,POL,benchmark,pinball_0.9,1.7889170443810227,6.245858472394204,4.258172867526401,700
2017,2018,PRT,benchmark,pinball_0.9,0.19799265895461793,2.946283434492017,4.9262100240381965,700
2017,2018,PRY,benchmark,pinball_0.9,0.3552976540005192,3.204250340766393,6.757226880771586,700
2017,2018,PSE,benchmark,pinball_0.9,0.6206713357777306,1.2270773778270296,7.433790735604337,700
2017,2018,ROU,benchmark,pinball_0.9,1.8573199060499033,5.394522281856752,3.33083349735686,700
2017,2018,RUS,benchmark,pinball_0.9,0.143412060507969,2.806340820466559,4.24046142554625,700
2017,2018,RWA,benchmark,pinball_0.9,0.035470150822092344,8.070842546216412,8.425544054437335,700
2017,2018,SAU,benchmark,pinball_0.9,0.578079092691249,3.2269508901591024,9.007741817071594,700
2017,2018,SGP,benchmark,pinball_0.9,0.5277987240610931,3.186608484740745,8.464595725351677,700
2017,2018,SLB,benchmark,pinball_0.9,0.11018009910584248,2.745852448290549,3.847653439348974,700
2017,2018,SLV,benchmark,pinball_0.9,0.06617409687765788,2.412444223779204,3.074185192555783,700
2017,2018,SVK,benchmark,pinball_0.9,0.24188202134842274,4.062119818964831,6.480940032449059,700
2017,2018,SVN,benchmark,pinball_0.9,1.161562194103477,4.379083473311951,3.0884588131969766,700
2017,2018,SWZ,benchmark,pinball_0.9,0.3030780742711105,0.0653956557843571,3.0961763984954627,700
2017,2018,SYC,benchmark,pinball_0.9,0.4331250419879383,4.939472722543115,9.270723142422499,700
2017,2018,TCD,benchmark,pinball_0.9,0.6621580231598314,5.7411158075815365,12.362696039179852,700
2017,2018,THA,benchmark,pinball_0.9,0.0859453017925169,4.222870287460708,5.082323305385877,700
2017,2018,TJK,benchmark,pinball_0.9,0.18855463495929353,7.5999988895536035,9.48554523914654,700
2017,2018,TUR,benchmark,pinball_0.9,0.5097616874215786,3.468153060922191,8.565769935137977,700
2017,2018,TZA,benchmark,pinball_0.9,0.10084000776956274,5.502675993849664,6.5110760715452916,700
2017,2018,UGA,benchmark,pinball_0.9,0.8316279568786045,6.303923782629965,5.379892719431515,700
2017,2018,UKR,benchmark,pinball_0.9,0.5269403956445529,3.488362340226587,8.757766296672116,700
2017,2018,USA,benchmark,pinball_0.9,0.2718667933495877,2.966505067019426,2.664430852186551,700
2017,2018,UZB,benchmark,pinball_0.9,0.07601404691679184,5.72368380757618,6.483824276744098,700
2017,2018,VNM,benchmark,pinball_0.9,1.9233573596567337,7.465006855727509,5.327943122775583,700
2017,2018,VUT,benchmark,pinball_0.9,0.20963439924105348,2.5153278949197926,4.611671887330328,700
2017,2018,XKX,benchmark,pinball_0.9,0.16669173390354894,3.406632270562852,5.0735496095983414,700
2017,2018,ZAF,benchmark,pinball_0.9,0.1741232150161076,1.5567838472167637,3.2980159973778402,700
2017,2018,ZMB,benchmark,pinball_0.9,0.23432017311848533,4.034493896671648,6.377695627856502,700
2017,2018,ALB,disinformation,squared_error,11.374220760764835,3.6714192809890847,0.29885041426970593,700
2017,2018,ARM,disinformation,squared_error,3.871302134615921,5.199999999653244,3.2324375140848893,700
2017,2018,AUS,disinformation,squared_error,2.5610126164877856,2.874170394995005,1.2738539836288698,700
2017,2018,AUT,disinformation,squared_error,0.8892636397224782,2.484221140800244,1.5412133785191067,700
2017,2018,BEL,disinformation,squared_error,0.4237024200371075,1.8779684738356508,1.227044192496333,700
2017,2018,BGD,disinformation,squared_error,6.929371524930769,7.319412630141358,4.687042685598842,700
2017,2018,BGR,disinformation,squared_error,1.5861998992023676,2.3301505421041924,1.0707062602074633,700
2017,2018,BIH,disinformation,squared_error,10.936923846204566,3.829003993490645,0.5219019620733247,700
2017,2018,BLR,disinformation,squared_error,10.489751123669928,3.149197582752961,-0.08959094440807114,700
2017,2018,BOL,disinformation,squared_error,0.13913092351051817,2.868084048147935,2.495081469724517,700
2017,2018,BRA,disinformation,squared_error,5.458314614638364,1.7836667616339952,4.119970383734163,700
2017,2018,BTN,disinformation,squared_error,1.0038810493679318,3.501871857327373,2.4999332118166153,700
2017,2018,BWA,disinformation,squared_error,11.168812130915574,4.188692371592225,0.84671509295678,700
2017,2018,CAF,disinformation,squared_error,58.6580395540639,3.789443592754623,-3.869410078263247,700
2017,2018,CHE,disinformation,squared_error,5.518003778479855,3.3274325610149305,0.9783893986869465,700
2017,2018,CHL,disinformation,squared_error,3.0441162223322484,3.990029477899768,2.245289892078363,700
2017,2018,CHN,disinformation,squared_error,7.738237613714361,6.757806142324,3.9760373500419455,700
2017,2018,CMR,disinformation,squared_error,0.06701779836500042,3.955514238920486,4.214392199289847,700
2017,2018,COG,disinformation,squared_error,71.39093854324464,-2.3043178012584207,6.144998061179474,700
2017,2018,COL,disinformation,squared_error,0.11972580339427531,2.5643242827770365,2.910338449241757,700
2017,2018,COM,disinformation,squared_error,1.2166426650186848,3.642451147336885,2.5394358867812183,700
2017,2018,CRI,disinformation,squared_error,1.4698838693817013,2.852859597604578,1.6404719247120738,700
2017,2018,CYP,disinformation,squared_error,8.5702539797339,6.27166360056404,3.3441639883123315,700
2017,2018,CZE,disinformation,squared_error,1.954283826662777,2.8303058826786582,1.4323488637890298,700
2017,2018,DJI,disinformation,squared_error,3.6078611622394217,4.774339349431926,2.8749022848679484,700
2017,2018,DNK,disinformation,squared_error,0.03239149893552478,1.860007490092101,1.6800311057092472,700
2017,2018,DZA,disinformation,squared_error,0.07687879122109816,1.4000000008828124,1.6772702503166421,700
2017,2018,ECU,disinformation,squared_error,1.256056797122309,1.044294606796072,2.16503400430216,700
2017,2018,ESP,disinformation,squared_error,0.5844239664188844,2.395411244788775,3.1598875141515883,700
2017,2018,EST,disinformation,squared_error,2.326447690672047,3.699697561617256,2.1744278508211465,700
2017,2018,FIN,disinformation,squared_error,5.954851926572632,1.1929775974229244,-1.247278931422482,700
2017,2018,FJI,disinformation,squared_error,20.15889362537537,3.812350939512001,-0.6775147183195749,700
2017,2018,FRA,disinformation,squared_error,0.4493568688898866,1.6459087239588683,0.9755678637318592,700
2017,2018,GAB,disinformation,squared_error,14.085683560284624,0.8379165808215703,4.59100644922129,700
2017,2018,GBR,disinformation,squared_error,1.02782335369433,1.5513309507878574,2.5651471834919555,700
2017,2018,GEO,disinformation,squared_error,7.086506006051947,6.062036412677003,3.399987200875698,700
2017,2018,GHA,disinformation,squared_error,1.778385052022484,6.200077681272845,7.533638723003775,700
2017,2018,GIN,disinformation,squared_error,0.44652226234006226,6.3584919273671545,7.0267151403282595,700
2017,2018,GMB,disinformation,squared_error,21.00059142300127,7.234890332585792,2.652250108544495,700
2017,2018,GNQ,disinformation,squared_error,49.05396664981376,-6.236544067345747,0.7673096325693045,700
2017,2018,GRC,disinformation,squared_error,8.162991709095339,2.06467207892409,-0.7924228983378381,700
2017,2018,GTM,disinformation,squared_error,0.4545756843142597,3.4068732817634526,2.732651000676377,700
2017,2018,HKG,disinformation,squared_error,8.700161213696582,2.846909226605092,-0.10269434229981789,700
2017,2018,HND,disinformation,squared_error,3.5202325468828626,3.844994769667352,1.9687664928089994,700
2017,2018,HRV,disinformation,squared_error,2.6882877676005403,2.9110714621091205,1.2714715817722926,700
2017,2018,HUN,disinformation,squared_error,12.256819803475183,5.60613813768876,2.105164015608566,700
2017,2018,IDN,disinformation,squared_error,3.323232295089885,5.174291539550239,3.3513180633060333,700
2017,2018,IND,disinformation,squared_error,2.386565410753271,6.453851344952952,4.909000086496892,700
2017,2018,IRL,disinformation,squared_error,7.0286321792485085,7.688659374374353,10.33981613685531,700
2017,2018,ISR,disinformation,squared_error,3.028708318842078,4.053499528882938,2.3131810755985747,700
2017,2018,ITA,disinformation,squared_error,0.9057434308362455,0.8266467123441146,-0.12505882553839953,700
2017,2018,JPN,disinformation,squared_error,0.0036680762091032756,0.8341438459655848,0.7735792010883689,700
2017,2018,KEN,disinformation,squared_error,12.913112580752584,5.647946407092192,2.0544644493313653,700
2017,2018,KGZ,disinformation,squared_error,3.575797464380715,3.757910135571649,1.8669322233842234,700
2017,2018,KHM,disinformation,squared_error,17.342865904333205,8.776223762244626,4.61174709592349,700
2017,2018,KOR,disinformation,squared_error,4.153337002411365,3.1761156817732683,1.1381419325774242,700
2017,2018,KWT,disinformation,squared_error,8.47258575243028,2.743330450314147,-0.16744019548230238,700
2017,2018,LBN,disinformation,squared_error,8.216476227302374,-1.8847057563165064,0.9817338867428715,700
2017,2018,LSO,disinformation,squared_error,23.97802017195261,-1.480633158482405,3.4161025064225945,700
2017,2018,LTU,disinformation,squared_error,15.907257295743062,4.918367801068115,0.9299774872017474,700
2017,2018,LUX,disinformation,squared_error,2.794611788213982,1.61129891211624,3.2830081536453948,700
2017,2018,LVA,disinformation,squared_error,4.542123168834626,4.309712862945034,2.178487119661459,700
2017,2018,MAR,disinformation,squared_error,0.43393032388338587,3.0656413302595524,3.724375209670188,700
2017,2018,MDA,disinformation,squared_error,0.15204538886414645,4.075595465850341,3.685665486412819,700
2017,2018,MDG,disinformation,squared_error,0.6349984864507187,3.1943565174439783,2.397488594604366,700
2017,2018,MDV,disinformation,squared_error,15.930759949139995,8.568955583474704,4.577619973789646,700
2017,2018,MEX,disinformation,squared_error,0.03906998862721192,1.9720821110106923,1.7744208132632275,700
2017,2018,MKD,disinformation,squared_error,0.2896459108274298,2.880596709642674,2.3424090928886003,700
2017,2018,MLT,disinformation,squared_error,0.5525911148046495,7.189214255369166,6.445849530079722,700
2017,2018,MNE,disinformation,squared_error,13.891170184318598,4.732921134339648,1.0058351165076744,700
2017,2018,MOZ,disinformation,squared_error,17.943302770796052,3.484932024227817,7.720885608817248,700
2017,2018,MUS,disinformation,squared_error,0.6780705847603791,4.116693694564916,3.2932432802955574,700
2017,2018,MYS,disinformation,squared_error,14.115550522433374,4.843086976348815,1.0860202318746932,700
2017,2018,NIC,disinformation,squared_error,32.95210387575731,-3.3633566598573026,2.3770356504083736,700
2017,2018,NLD,disinformation,squared_error,1.344439739850575,2.258731581649556,1.0992318016363924,700
2017,2018,NOR,disinformation,squared_error,0.050680616644135375,1.1103912365576036,0.885267677941151,700
2017,2018,PAK,disinformation,squared_error,7.594447485824422,6.151702610995187,3.3959000988720085,700
2017,2018,PAN,disinformation,squared_error,2.0611240876093837,3.918242533212649,2.4825809827038308,700
2017,2018,PER,disinformation,squared_error,0.10078851917730668,3.969351341364998,3.651879265148354,700
2017,2018,PHL,disinformation,squared_error,5.057391632691726,6.341485571534733,4.092621050783933,700
2017,2018,POL,disinformation,squared_error,11.35772910092164,6.245858472394204,2.875735462633041,700
2017,2018,PRT,disinformation,squared_error,0.5539542546017779,2.946283434492017,2.2020024024874534,700
2017,2018,PRY,disinformation,squared_error,0.9137790627778252,3.204250340766393,2.2483324244274296,700
2017,2018,PSE,disinformation,squared_error,1.5434144402082712,1.2270773778270296,2.4694196978855034,700
2017,2018,ROU,disinformation,squared_error,23.818618548127365,5.394522281856752,0.5140900727048447,700
2017,2018,RUS,disinformation,squared_error,0.69433016661797,2.806340820466559,1.9730760566501777,700
2017,2018,RWA,disinformation,squared_error,4.221560685085174,8.070842546216412,6.01619885810765,700
2017,2018,SAU,disinformation,squared_error,0.06299726455896865,3.2269508901591024,3.4779434489312075,700
2017,2018,SGP,disinformation,squared_error,6.858325468592765,3.186608484740745,0.5677680030403485,700
2017,2018,SLB,disinformation,squared_error,2.196481294660104,2.745852448290549,1.2637993808668133,700
2017,2018,SLV,disinformation,squared_error,0.8090572293666413,2.412444223779204,1.51296813773431,700
2017,2018,SVK,disinformation,squared_error,4.560723839622032,4.062119818964831,1.9265346908039254,700
2017,2018,SVN,disinformation,squared_error,9.829148974790533,4.379083473311951,1.2439361123749035,700
2017,2018,SWZ,disinformation,squared_error,7.299239988601765,0.0653956557843571,2.767106222925435,700
2017,2018,SYC,disinformation,squared_error,17.531527262623797,4.939472722543115,0.7524060568899646,700
2017,2018,TCD,disinformation,squared_error,0.07964923636506781,5.7411158075815365,6.0233377705204045,700
2017,2018,THA,disinformation,squared_error,14.650984378654869,4.222870287460708,0.39520985598891034,700
2017,2018,TJK,disinformation,squared_error,2.4308892831125264,7.5999988895536035,9.159129827965296,700
2017,2018,TUR,disinformation,squared_error,2.6112974809696152,3.468153060922191,5.084104013448169,700
2017,2018,TZA,disinformation,squared_error,0.8504377885167788,5.502675993849664,4.580484154525124,700
2017,2018,UGA,disinformation,squared_error,3.2394408888350044,6.303923782629965,4.504079097987702,700
2017,2018,UKR,disinformation,squared_error,0.05268465189340344,3.488362340226587,3.717893714756091,700
2017,2018,USA,disinformation,squared_error,1.6437715580621781,2.966505067019426,1.6844085191486435,700
2017,2018,UZB,disinformation,squared_error,0.003898864335703688,5.72368380757618,5.661242920845579,700
2017,2018,VNM,disinformation,squared_error,15.346733360465185,7.465006855727509,3.547516158806177,700
2017,2018,VUT,disinformation,squared_error,0.23499717773290776,2.5153278949197926,3.000092969706444,700
2017,2018,XKX,disinformation,squared_error,1.6402599129546052,3.406632270562852,2.1259059481369382,700
2017,2018,ZAF,disinformation,squared_error,0.625071891588364,1.5567838472167637,2.347398729184188,700
2017,2018,ZMB,disinformation,squared_error,2.970826090630074,4.034493896671648,5.758102347170216,700
2017,2018,ALB,disinformation,pinball_0.1,0.42495878838063783,3.6714192809890847,-0.5781686028172937,700
2017,2018,ARM,disinformation,pinball_0.1,0.3736852771054121,5.199999999653244,1.463147228599123,700
2017,2018,AUS,disinformation,pinball_0.1,0.17260680303573964,2.874170394995005,1.1481023646376087,700
2017,2018,AUT,disinformation,pinball_0.1,0.3260662186707792,2.484221140800244,-0.7764410459075473,700
2017,2018,BEL,disinformation,pinball_0.1,0.0946975387839828,1.8779684738356508,0.9309930859958229,700
2017,2018,BGD,disinformation,pinball_0.1,0.25556773522469894,7.319412630141358,4.7637352778943685,700
2017,2018,BGR,disinformation,pinball_0.1,0.2780309783504103,2.3301505421041924,-0.4501592413999105,700
2017,2018,BIH,disinformation,pinball_0.1,0.5608252759659788,3.829003993490645,-1.7792487661691427,700
2017,2018,BLR,disinformation,pinball_0.1,0.3884647728699575,3.149197582752961,-0.7354501459466141,700
2017,2018,BOL,disinformation,pinball_0.1,0.03041165132576227,2.868084048147935,2.5639675348903124,700
2017,2018,BRA,disinformation,pinball_0.1,0.5855774269995303,1.7836667616339952,2.4343083471890288,700
2017,2018,BTN,disinformation,pinball_0.1,0.34822759234212364,3.501871857327373,0.01959593390613712,700
2017,2018,BWA,disinformation,pinball_0.1,0.8978012034480995,4.188692371592225,-4.78931966288877,700
2017,2018,CAF,disinformation,pinball_0.1,3.4942302733847734,3.789443592754623,-31.15285914109311,700
2017,2018,CHE,disinformation,pinball_0.1,0.37872694943557494,3.3274325610149305,-0.459836933340819,700
2017,2018,CHL,disinformation,pinball_0.1,0.2686302137310876,3.990029477899768,1.303727340588892,700
2017,2018,CHN,disinformation,pinball_0.1,0.21770051984029096,6.757806142324,4.580800943921091,700
2017,2018,CMR,disinformation,pinball_0.1,0.01555408111028438,3.955514238920486,3.7999734278176422,700
2017,2018,COG,disinformation,pinball_0.1,2.205923142892271,-2.3043178012584207,0.14670791306632514,700
2017,2018,COL,disinformation,pinball_0.1,0.010791694086027627,2.5643242827770365,2.4564073419167602,700
2017,2018,COM,disinformation,pinball_0.1,0.17297918485776004,3.642451147336885,1.9126592987592845,700
2017,2018,CRI,disinformation,pinball_0.1,0.2889517576542721,2.852859597604578,-0.03665797893814293,700
2017,2018,CYP,disinformation,pinball_0.1,0.6906513786786311,6.27166360056404,-0.6348501862222715,700
2017,2018,CZE,disinformation,pinball_0.1,0.20128692245630583,2.8303058826786582,0.8174366581156001,700
2017,2018,DJI,disinformation,pinball_0.1,0.19369747736401477,4.774339349431926,2.8373645757917787,700
2017,2018,DNK,disinformation,pinball_0.1,0.14003392458608466,1.860007490092101,0.4596682442312545,700
2017,2018,DZA,disinformation,pinball_0.1,0.25863102594205806,1.4000000008828124,-1.1863102585377683,700
2017,2018,ECU,disinformation,pinball_0.1,0.06906612760677548,1.044294606796072,0.35363333072831704,700
2017,2018,ESP,disinformation,pinball_0.1,0.1480465900851524,2.395411244788775,0.9149453439372515,700
2017,2018,EST,disinformation,pinball_0.1,0.31028194250215824,3.699697561617256,0.5968781365956737,700
2017,2018,FIN,disinformation,pinball_0.1,0.9012649134341866,1.1929775974229244,-7.819671536918941,700
2017,2018,FJI,disinformation,pinball_0.1,0.5732813044816197,3.812350939512001,-1.920462105304196,700
2017,2018,FRA,disinformation,pinball_0.1,0.11376469496748386,1.6459087239588683,0.5082617742840299,700
2017,2018,GAB,disinformation,pinball_0.1,2.8630522165302708,0.8379165808215703,4.019085710299649,700
2017,2018,GBR,disinformation,pinball_0.1,0.06084679850524691,1.5513309507878574,0.9428629657353884,700
2017,2018,GEO,disinformation,pinball_0.1,0.2229118091547512,6.062036412677003,3.832918321129491,700
2017,2018,GHA,disinformation,pinball_0.1,0.1830488494740278,6.200077681272845,4.369589186532567,700
2017,2018,GIN,disinformation,pinball_0.1,0.3200667588683393,6.3584919273671545,3.1578243386837617,700
2017,2018,GMB,disinformation,pinball_0.1,0.8802856024492656,7.234890332585792,-1.5679656919068639,700
2017,2018,GNQ,disinformation,pinball_0.1,0.031167229844856162,-6.236544067345747,-6.548216365794309,700
2017,2018,GRC,disinformation,pinball_0.1,0.5481877216829958,2.06467207892409,-3.417205137905867,700
2017,2018,GTM,disinformation,pinball_0.1,0.010241114554793774,3.4068732817634526,3.304462136215515,700
2017,2018,HKG,disinformation,pinball_0.1,0.42112340558838535,2.846909226605092,-1.364324829278761,700
2017,2018,HND,disinformation,pinball_0.1,0.15968141077831108,3.844994769667352,2.2481806618842413,700
2017,2018,HRV,disinformation,pinball_0.1,0.40623808674505635,2.9110714621091205,-1.1513094053414425,700
2017,2018,HUN,disinformation,pinball_0.1,0.5253791766684873,5.60613813768876,0.352346371003887,700
2017,2018,IDN,disinformation,pinball_0.1,0.10616988681970288,5.174291539550239,4.112592671353211,700
2017,2018,IND,disinformation,pinball_0.1,0.03899030958503413,6.453851344952952,6.06394824910261,700
2017,2018,IRL,disinformation,pinball_0.1,0.13136419770581817,7.688659374374353,6.375017397316172,700
2017,2018,ISR,disinformation,pinball_0.1,0.28316836962992015,4.053499528882938,1.2218158325837365,700
2017,2018,ITA,disinformation,pinball_0.1,0.17570016047144643,0.8266467123441146,-0.9303548923703495,700
2017,2018,JPN,disinformation,pinball_0.1,0.07445403025297939,0.8341438459655848,0.08960354343579091,700
2017,2018,KEN,disinformation,pinball_0.1,0.7725046646197177,5.647946407092192,-2.077100239104985,700
2017,2018,KGZ,disinformation,pinball_0.1,0.9780364037405006,3.757910135571649,-6.022453901833357,700
2017,2018,KHM,disinformation,pinball_0.1,0.5174566766424266,8.776223762244626,3.601656995820362,700
2017,2018,KOR,disinformation,pinball_0.1,0.33561787480786,3.1761156817732683,-0.18006306630533153,700
2017,2018,KWT,disinformation,pinball_0.1,0.8090549004365347,2.743330450314147,-5.3472185540512,700
2017,2018,LBN,disinformation,pinball_0.1,2.27782993613761,-1.8847057563165064,0.6462163949475053,700
2017,2018,LSO,disinformation,pinball_0.1,3.228678060836595,-1.480633158482405,2.1067869091138114,700
2017,2018,LTU,disinformation,pinball_0.1,0.4949630028098401,4.918367801068115,-0.03126222703028603,700
2017,2018,LUX,disinformation,pinball_0.1,0.6609950404987786,1.61129891211624,2.3457378460037717,700
2017,2018,LVA,disinformation,pinball_0.1,0.32103059791017685,4.309712862945034,1.0994068838432653,700
2017,2018,MAR,disinformation,pinball_0.1,0.12909628918757976,3.0656413302595524,1.7746784383837548,700
2017,2018,MDA,disinformation,pinball_0.1,0.2745405895818855,4.075595465850341,1.3301895700314867,700
2017,2018,MDG,disinformation,pinball_0.1,0.4944298758230229,3.1943565174439783,-1.7499422407862508,700
2017,2018,MDV,disinformation,pinball_0.1,0.40599678184592813,8.568955583474704,4.508987765015423,700
2017,2018,MEX,disinformation,pinball_0.1,0.1258857091957453,1.9720821110106923,0.7132250190532394,700
2017,2018,MKD,disinformation,pinball_0.1,0.10196552681862335,2.880596709642674,1.8609414414564407,700
2017,2018,MLT,disinformation,pinball_0.1,0.5339057524764953,7.189214255369166,1.850156730604213,700
2017,2018,MNE,disinformation,pinball_0.1,0.7924291832737294,4.732921134339648,-3.1913706983976446,700
2017,2018,MOZ,disinformation,pinball_0.1,3.154880329893977,3.484932024227817,6.990354612998902,700
2017,2018,MUS,disinformation,pinball_0.1,0.02999594725268886,4.116693694564916,3.816734222038028,700
2017,2018,MYS,disinformation,pinball_0.1,0.54225506057461,4.843086976348815,-0.5794636293972859,700
2017,2018,NIC,disinformation,pinball_0.1,4.484549831220818,-3.3633566598573026,1.619476485943606,700
2017,2018,NLD,disinformation,pinball_0.1,0.2429459803363912,2.258731581649556,-0.17072822171435575,700
2017,2018,NOR,disinformation,pinball_0.1,0.14279770987250337,1.1103912365576036,-0.3175858621674301,700
2017,2018,PAK,disinformation,pinball_0.1,0.42825363697012914,6.151702610995187,1.8691662412938959,700
2017,2018,PAN,disinformation,pinball_0.1,0.16579300171128653,3.918242533212649,2.2603125160997837,700
2017,2018,PER,disinformation,pinball_0.1,0.08872771009781158,3.969351341364998,3.0820742403868824,700
2017,2018,PHL,disinformation,pinball_0.1,0.6483727355635849,6.341485571534733,-0.14224178410111565,700
2017,2018,POL,disinformation,pinball_0.1,0.2395053503524495,6.245858472394204,3.850804968869709,700
2017,2018,PRT,disinformation,pinball_0.1,0.2433496684702779,2.946283434492017,0.512786749789238,700
2017,2018,PRY,disinformation,pinball_0.1,0.15052224098442268,3.204250340766393,1.699027930922166,700
2017,2018,PSE,disinformation,pinball_0.1,0.39668520775572297,1.2270773778270296,-2.7397746997301997,700
2017,2018,ROU,disinformation,pinball_0.1,0.6011721373640542,5.394522281856752,-0.6171990917837888,700
2017,2018,RUS,disinformation,pinball_0.1,0.31008855360148546,2.806340820466559,-0.294544715548295,700
2017,2018,RWA,disinformation,pinball_0.1,0.27394055517992033,8.070842546216412,5.331436994417208,700
2017,2018,SAU,disinformation,pinball_0.1,0.1487618605103112,3.2269508901591024,1.7393322850559905,700
2017,2018,SGP,disinformation,pinball_0.1,0.34024986368507754,3.186608484740745,-0.21589015211003026,700
2017,2018,SLB,disinformation,pinball_0.1,0.4673512228089477,2.745852448290549,-1.9276597797989279,700
2017,2018,SLV,disinformation,pinball_0.1,0.11743880021285397,2.412444223779204,1.2380562216506643,700
2017,2018,SVK,disinformation,pinball_0.1,0.557045948629118,4.062119818964831,-1.5083396673263492,700
2017,2018,SVN,disinformation,pinball_0.1,0.6076730051089781,4.379083473311951,-1.6976465777778298,700
2017,2018,SWZ,disinformation,pinball_0.1,2.613943631454724,0.0653956557843571,2.969777468511828,700
2017,2018,SYC,disinformation,pinball_0.1,0.9717799882695861,4.939472722543115,-4.778327160152746,700
2017,2018,TCD,disinformation,pinball_0.1,0.4831741610091836,5.7411158075815365,0.9093741974897007,700
2017,2018,THA,disinformation,pinball_0.1,0.6197375449551165,4.222870287460708,-1.9745051620904563,700
2017,2018,TJK,disinformation,pinball_0.1,3.678256755469624,7.5999988895536035,11.686950840075408,700
2017,2018,TUR,disinformation,pinball_0.1,0.24003008481515184,3.468153060922191,3.7348531551612485,700
2017,2018,TZA,disinformation,pinball_0.1,0.18867686720694313,5.502675993849664,3.6159073217802327,700
2017,2018,UGA,disinformation,pinball_0.1,0.11405268749915908,6.303923782629965,5.163396907638374,700
2017,2018,UKR,disinformation,pinball_0.1,0.7105454452199518,3.488362340226587,-3.61709211197293,700
2017,2018,USA,disinformation,pinball_0.1,0.12658390476217055,2.966505067019426,1.7006660193977208,700
2017,2018,UZB,disinformation,pinball_0.1,0.27221299668640137,5.72368380757618,6.026142692783292,700
2017,2018,VNM,disinformation,pinball_0.1,0.5457878508240269,7.465006855727509,2.0071283474872397,700
2017,2018,VUT,disinformation,pinball_0.1,0.07697449107446995,2.5153278949197926,1.7455829841750932,700
2017,2018,XKX,disinformation,pinball_0.1,0.39972955417246564,3.406632270562852,-0.5906632711618043,700
2017,2018,ZAF,disinformation,pinball_0.1,0.08249625387534643,1.5567838472167637,0.7318213084632994,700
2017,2018,ZMB,disinformation,pinball_0.1,0.7609899204255408,4.034493896671648,4.880038252700027,700
2017,2018,ALB,disinformation,pinball_0.5,1.602210413355117,3.6714192809890847,0.4669984542788508,700
2017,2018,ARM,disinformation,pinball_0.5,0.9431904585487638,5.199999999653244,3.313619082555716,700
2017,2018,AUS,disinformation,pinball_0.5,0.7919865102875043,2.874170394995005,1.2901973744199964,700
2017,2018,AUT,disinformation,pinball_0.5,0.5776587194077405,2.484221140800244,1.3289037019847632,700
2017,2018,BEL,disinformation,pinball_0.5,0.4625336285903545,1.8779684738356508,0.9529012166549418,700
2017,2018,BGD,disinformation,pinball_0.5,0.6505072833275327,7.319412630141358,6.018398063486292,700
2017,2018,BGR,disinformation,pinball_0.5,0.22498723184815184,2.3301505421041924,1.8801760784078887,700
2017,2018,BIH,disinformation,pinball_0.5,1.3025142091593913,3.829003993490645,1.2239755751718624,700
2017,2018,BLR,disinformation,pinball_0.5,0.9157172826598035,3.149197582752961,1.3177630174333541,700
2017,2018,BOL,disinformation,pinball_0.5,0.33467303846028074,2.868084048147935,3.5374301250684965,700
2017,2018,BRA,disinformation,pinball_0.5,1.023607905515087,1.7836667616339952,3.8308825726641693,700
2017,2018,BTN,disinformation,pinball_0.5,0.33841669883285697,3.501871857327373,4.178705254993087,700
2017,2018,BWA,disinformation,pinball_0.5,0.11722092040102527,4.188692371592225,3.9542505307901745,700
2017,2018,CAF,disinformation,pinball_0.5,0.2973684226316302,3.789443592754623,3.1947067474913626,700
2017,2018,CHE,disinformation,pinball_0.5,1.2195073212610277,3.3274325610149305,0.8884179184928751,700
2017,2018,CHL,disinformation,pinball_0.5,0.5428956495369077,3.990029477899768,2.9042381788259526,700
2017,2018,CHN,disinformation,pinball_0.5,0.8395717879014466,6.757806142324,5.078662566521107,700
2017,2018,CMR,disinformation,pinball_0.5,0.4347914439053904,3.955514238920486,4.825097126731267,700
2017,2018,COG,disinformation,pinball_0.5,2.806971586605177,-2.3043178012584207,3.3096253719519337,700
2017,2018,COL,disinformation,pinball_0.5,0.22028342887357155,2.5643242827770365,3.0048911405241796,700
2017,2018,COM,disinformation,pinball_0.5,0.34932783336515594,3.642451147336885,2.943795480606573,700
2017,2018,CRI,disinformation,pinball_0.5,0.14782498282194423,2.852859597604578,2.5572096319606894,700
2017,2018,CYP,disinformation,pinball_0.5,1.5725050900899387,6.27166360056404,3.1266534203841623,700
2017,2018,CZE,disinformation,pinball_0.5,0.8153481738045523,2.8303058826786582,1.1996095350695537,700
2017,2018,DJI,disinformation,pinball_0.5,0.2083003042033993,4.774339349431926,5.190939957838725,700
2017,2018,DNK,disinformation,pinball_0.5,0.06397361734331475,1.860007490092101,1.7320602554054716,700
2017,2018,DZA,disinformation,pinball_0.5,0.07242033189005692,1.4000000008828124,1.2551593371026986,700
2017,2018,ECU,disinformation,pinball_0.5,0.9774742405512331,1.044294606796072,2.999243087898538,700
2017,2018,ESP,disinformation,pinball_0.5,0.3135699180382261,2.395411244788775,3.0225510808652274,700
2017,2018,EST,disinformation,pinball_0.5,0.6254378153654698,3.699697561617256,2.448821930886316,700
2017,2018,FIN,disinformation,pinball_0.5,0.6772333582253949,1.1929775974229244,-0.16148911902786534,700
2017,2018,FJI,disinformation,pinball_0.5,1.5907408441812811,3.812350939512001,0.6308692511494388,700
2017,2018,FRA,disinformation,pinball_0.5,0.45497338538775134,1.6459087239588683,0.7359619531833657,700
2017,2018,GAB,disinformation,pinball_0.5,2.0321020057540733,0.8379165808215703,4.902120592329717,700
2017,2018,GBR,disinformation,pinball_0.5,0.43729612766443715,1.5513309507878574,2.4259232061167317,700
2017,2018,GEO,disinformation,pinball_0.5,1.1592278660931266,6.062036412677003,3.7435806804907497,700
2017,2018,GHA,disinformation,pinball_0.5,1.2720796192723922,6.200077681272845,8.744236919817629,700
2017,2018,GIN,disinformation,pinball_0.5,2.163058005430246,6.3584919273671545,10.684607938227646,700
2017,2018,GMB,disinformation,pinball_0.5,2.6683871240308683,7.234890332585792,1.8981160845240552,700
2017,2018,GNQ,disinformation,pinball_0.5,3.9250424152644063,-6.236544067345747,1.6135407631830656,700
2017,2018,GRC,disinformation,pinball_0.5,0.36026515480464916,2.06467207892409,1.344141769314792,700
2017,2018,GTM,disinformation,pinball_0.5,0.3589542606716445,3.4068732817634526,2.6889647604201636,700
2017,2018,HKG,disinformation,pinball_0.5,0.7785181704996773,2.846909226605092,1.2898728856057375,700
2017,2018,HND,disinformation,pinball_0.5,0.49809339826506527,3.844994769667352,2.8488079731372213,700
2017,2018,HRV,disinformation,pinball_0.5,0.5095246205369148,2.9110714621091205,1.8920222210352908,700
2017,2018,HUN,disinformation,pinball_0.5,1.9756128650483487,5.60613813768876,1.6549124075920623,700
2017,2018,IDN,disinformation,pinball_0.5,0.5084977818915295,5.174291539550239,4.15729597576718,700
2017,2018,IND,disinformation,pinball_0.5,0.2501136091739915,6.453851344952952,5.953624126604969,700
2017,2018,IRL,disinformation,pinball_0.5,0.3571565664528178,7.688659374374353,6.974346241468718,700
2017,2018,ISR,disinformation,pinball_0.5,0.7495896079215782,4.053499528882938,2.5543203130397814,700
2017,2018,ITA,disinformation,pinball_0.5,0.16989370730962827,0.8266467123441146,0.48685929772485803,700
2017,2018,JPN,disinformation,pinball_0.5,0.17048303437316914,0.8341438459655848,1.175109914711923,700
2017,2018,KEN,disinformation,pinball_0.5,0.7024616970455524,5.647946407092192,4.243023013001087,700
2017,2018,KGZ,disinformation,pinball_0.5,0.1757751929345699,3.757910135571649,4.109460521440789,700
2017,2018,KHM,disinformation,pinball_0.5,1.71487513058997,8.776223762244626,5.346473501064686,700
2017,2018,KOR,disinformation,pinball_0.5,0.5948453111342373,3.1761156817732683,1.9864250595047936,700
2017,2018,KWT,disinformation,pinball_0.5,1.9311697555131193,2.743330450314147,-1.1190090607120915,700
2017,2018,LBN,disinformation,pinball_0.5,1.9466353955495794,-1.8847057563165064,2.0085650347826527,700
2017,2018,LSO,disinformation,pinball_0.5,2.232283541617875,-1.480633158482405,2.9839339247533445,700
2017,2018,LTU,disinformation,pinball_0.5,1.8060657295146045,4.918367801068115,1.3062363420389058,700
2017,2018,LUX,disinformation,pinball_0.5,0.3826999425525286,1.61129891211624,2.376698797221297,700
2017,2018,LVA,disinformation,pinball_0.5,0.9428629443514807,4.309712862945034,2.4239869742420725,700
2017,2018,MAR,disinformation,pinball_0.5,0.15123438777122455,3.0656413302595524,3.3681101058020015,700
2017,2018,MDA,disinformation,pinball_0.5,0.061252546905723015,4.075595465850341,3.9530903720388952,700
2017,2018,MDG,disinformation,pinball_0.5,0.4168281102824438,3.1943565174439783,2.3607002968790907,700
2017,2018,MDV,disinformation,pinball_0.5,1.7952474670750305,8.568955583474704,4.978460649324643,700
2017,2018,MEX,disinformation,pinball_0.5,0.1244881633184799,1.9720821110106923,1.7231057843737325,700
2017,2018,MKD,disinformation,pinball_0.5,0.33649671094385236,2.880596709642674,2.2076032877549694,700
2017,2018,MLT,disinformation,pinball_0.5,0.6833301293839451,7.189214255369166,5.822553996601275,700
2017,2018,MNE,disinformation,pinball_0.5,1.2299647961424167,4.732921134339648,2.2729915420548146,700
2017,2018,MOZ,disinformation,pinball_0.5,2.2421053938511033,3.484932024227817,7.969142811930023,700
2017,2018,MUS,disinformation,pinball_0.5,0.10776813393260998,4.116693694564916,3.9011574266996965,700
2017,2018,MYS,disinformation,pinball_0.5,1.0578674948956364,4.843086976348815,2.727351986557542,700
2017,2018,NIC,disinformation,pinball_0.5,3.4029666558260114,-3.3633566598573026,3.4425766517947207,700
2017,2018,NLD,disinformation,pinball_0.5,0.41653391009081275,2.258731581649556,1.4256637614679306,700
2017,2018,NOR,disinformation,pinball_0.5,0.01289621779704131,1.1103912365576036,1.1361836721516863,700
2017,2018,PAK,disinformation,pinball_0.5,0.42541387498197025,6.151702610995187,5.300874861031247,700
2017,2018,PAN,disinformation,pinball_0.5,0.23311981229190448,3.918242533212649,3.45200290862884,700
2017,2018,PER,disinformation,pinball_0.5,0.26800020412430525,3.969351341364998,3.4333509331163876,700
2017,2018,PHL,disinformation,pinball_0.5,0.6251553086902746,6.341485571534733,5.091174954154184,700
2017,2018,POL,disinformation,pinball_0.5,1.6486128818205366,6.245858472394204,2.9486327087531308,700
2017,2018,PRT,disinformation,pinball_0.5,0.11408975455987402,2.946283434492017,2.7181039253722687,700
2017,2018,PRY,disinformation,pinball_0.5,0.019850956967057076,3.204250340766393,3.243952254700507,700
2017,2018,PSE,disinformation,pinball_0.5,1.1712771104940116,1.2270773778270296,3.569631598815053,700
2017,2018,ROU,disinformation,pinball_0.5,2.3816059577844357,5.394522281856752,0.631310366287881,700
2017,2018,RUS,disinformation,pinball_0.5,0.3538522464195364,2.806340820466559,2.0986363276274864,700
2017,2018,RWA,disinformation,pinball_0.5,1.0673344662575799,8.070842546216412,5.936173613701252,700
2017,2018,SAU,disinformation,pinball_0.5,0.18024768564033522,3.2269508901591024,3.587446261439773,700
2017,2018,SGP,disinformation,pinball_0.5,0.6869658513573043,3.186608484740745,1.8126767820261365,700
2017,2018,SLB,disinformation,pinball_0.5,0.7066335752089858,2.745852448290549,1.3325852978725772,700
2017,2018,SLV,disinformation,pinball_0.5,0.303712097359194,2.412444223779204,1.8050200290608158,700
2017,2018,SVK,disinformation,pinball_0.5,1.1754711442921044,4.062119818964831,1.7111775303806223,700
2017,2018,SVN,disinformation,pinball_0.5,1.5745210414565995,4.379083473311951,1.230041390398752,700
2017,2018,SWZ,disinformation,pinball_0.5,1.1216751233567988,0.0653956557843571,2.3087459024979546,700
2017,2018,SYC,disinformation,pinball_0.5,2.300780055975312,4.939472722543115,0.3379126105924912,700
2017,2018,TCD,disinformation,pinball_0.5,0.16246891632960025,5.7411158075815365,6.066053640240737,700
2017,2018,THA,disinformation,pinball_0.5,1.8937100547282442,4.222870287460708,0.4354501780042197,700
2017,2018,TJK,disinformation,pinball_0.5,1.8880887505442407,7.5999988895536035,11.376176390642085,700
2017,2018,TUR,disinformation,pinball_0.5,0.9463119259966883,3.468153060922191,5.360776912915568,700
2017,2018,TZA,disinformation,pinball_0.5,0.2229603079238922,5.502675993849664,5.948596609697448,700
2017,2018,UGA,disinformation,pinball_0.5,0.5890690714455844,6.303923782629965,5.125785639738796,700
2017,2018,UKR,disinformation,pinball_0.5,1.0746019173897392,3.488362340226587,5.637566175006065,700
2017,2018,USA,disinformation,pinball_0.5,0.7329423651561546,2.966505067019426,1.500620336707117,700
2017,2018,UZB,disinformation,pinball_0.5,0.4175881968762405,5.72368380757618,6.5588602013286605,700
2017,2018,VNM,disinformation,pinball_0.5,1.4549438047051226,7.465006855727509,4.555119246317264,700
2017,2018,VUT,disinformation,pinball_0.5,0.17108298869646443,2.5153278949197926,2.8574938723127215,700
2017,2018,XKX,disinformation,pinball_0.5,0.25608737183225716,3.406632270562852,3.918807014227366,700
2017,2018,ZAF,disinformation,pinball_0.5,0.36292155346148625,1.5567838472167637,2.282626954139736,700
2017,2018,ZMB,disinformation,pinball_0.5,0.37050844275073747,4.034493896671648,4.775510782173123,700
2017,2018,ALB,disinformation,pinball_0.9,0.7017316980075182,3.6714192809890847,2.8917173943140644,700
2017,2018,ARM,disinformation,pinball_0.9,0.03149463552547908,5.199999999653244,5.514946354908035,700
2017,2018,AUS,disinformation,pinball_0.9,0.30730259203851945,2.874170394995005,2.5327230705077612,700
2017,2018,AUT,disinformation,pinball_0.9,0.04070402002367065,2.484221140800244,2.8912613410369508,700
2017,2018,BEL,disinformation,pinball_0.9,0.02244805876517954,1.8779684738356508,2.1024490614874463,700
2017,2018,BGD,disinformation,pinball_0.9,1.0194022786724457,7.319412630141358,6.186743431616418,700
2017,2018,BGR,disinformation,pinball_0.9,0.04728213020717459,2.3301505421041924,2.8029718441759384,700
2017,2018,BIH,disinformation,pinball_0.9,0.465631255714068,3.829003993490645,3.311635931586125,700
2017,2018,BLR,disinformation,pinball_0.9,0.12308352121173717,3.149197582752961,4.380032794870333,700
2017,2018,BOL,disinformation,pinball_0.9,0.094092272675662,2.868084048147935,3.8090067749045553,700
2017,2018,BRA,disinformation,pinball_0.9,0.056301647210593664,1.7836667616339952,2.346683233739932,700
2017,2018,BTN,disinformation,pinball_0.9,0.3140263333130949,3.501871857327373,6.642135190458323,700
2017,2018,BWA,disinformation,pinball_0.9,0.17179204191624256,4.188692371592225,5.906612790754651,700
2017,2018,CAF,disinformation,pinball_0.9,0.45535610834252854,3.789443592754623,8.343004676179909,700
2017,2018,CHE,disinformation,pinball_0.9,0.8055043272408097,3.3274325610149305,2.4324277529695864,700
2017,2018,CHL,disinformation,pinball_0.9,0.029618406167677008,3.990029477899768,4.286213539576538,700
2017,2018,CHN,disinformation,pinball_0.9,1.1755746240418465,6.757806142324,5.451612115610837,700
2017,2018,CMR,disinformation,pinball_0.9,0.116959533818816,3.955514238920486,5.125109577108646,700
2017,2018,COG,disinformation,pinball_0.9,1.553765111534835,-2.3043178012584207,13.233333314089933,700
2017,2018,COL,disinformation,pinball_0.9,0.2763599142975138,2.5643242827770365,5.327923425752175,700
2017,2018,COM,disinformation,pinball_0.9,0.06400313291842451,3.642451147336885,4.28248247652113,700
2017,2018,CRI,disinformation,pinball_0.9,0.060408816324259214,2.852859597604578,3.45694776084717,700
2017,2018,CYP,disinformation,pinball_0.9,0.03193942602324754,6.27166360056404,6.591057860796515,700
2017,2018,CZE,disinformation,pinball_0.9,0.09486395889096182,2.8303058826786582,3.7789454715882767,700
2017,2018,DJI,disinformation,pinball_0.9,1.193024025254863,4.774339349431926,3.4487570991487453,700
2017,2018,DNK,disinformation,pinball_0.9,0.08089150641199601,1.860007490092101,2.6689225542120614,700
2017,2018,DZA,disinformation,pinball_0.9,0.24347047089074944,1.4000000008828124,3.8347047097903073,700
2017,2018,ECU,disinformation,pinball_0.9,0.5727679563556451,1.044294606796072,6.771974170352524,700
2017,2018,ESP,disinformation,pinball_0.9,0.2566830676352571,2.395411244788775,4.962241921141347,700
2017,2018,EST,disinformation,pinball_0.9,0.2762851922487475,3.699697561617256,6.4625494841047315,700
2017,2018,FIN,disinformation,pinball_0.9,0.06976018211828727,1.1929775974229244,1.8905794186057974,700
2017,2018,FJI,disinformation,pinball_0.9,2.0962079533491513,3.812350939512001,1.4832309913462773,700
2017,2018,FRA,disinformation,pinball_0.9,0.03275185018211312,1.6459087239588683,1.9734272257799996,700
2017,2018,GAB,disinformation,pinball_0.9,0.5045073883740453,0.8379165808215703,5.882990464562025,700
2017,2018,GBR,disinformation,pinball_0.9,0.24487912570090187,1.5513309507878574,4.000122207796877,700
2017,2018,GEO,disinformation,pinball_0.9,0.9198600405159081,6.062036412677003,5.0399697009926605,700
2017,2018,GHA,disinformation,pinball_0.9,0.7083665608160662,6.200077681272845,13.283743289433508,700
2017,2018,GIN,disinformation,pinball_0.9,0.4229764389311888,6.3584919273671545,10.588256316679043,700
2017,2018,GMB,disinformation,pinball_0.9,0.581629231255618,7.234890332585792,6.588635631190661,700
2017,2018,GNQ,disinformation,pinball_0.9,1.3992284459455202,-6.236544067345747,7.75574039210946,700
2017,2018,GRC,disinformation,pinball_0.9,0.01922111479623702,2.06467207892409,2.2568832268864605,700
2017,2018,GTM,disinformation,pinball_0.9,0.6981983002034639,3.4068732817634526,2.631097392648493,700
2017,2018,HKG,disinformation,pinball_0.9,2.1039942410676313,2.846909226605092,0.5091378476410573,700
2017,2018,HND,disinformation,pinball_0.9,1.2559241414377165,3.844994769667352,2.4495235014032226,700
2017,2018,HRV,disinformation,pinball_0.9,0.011649025167000546,2.9110714621091205,3.027561713779126,700
2017,2018,HUN,disinformation,pinball_0.9,2.9409539410113865,5.60613813768876,2.3384115365649967,700
2017,2018,IDN,disinformation,pinball_0.9,1.0200995295224666,5.174291539550239,4.04084761785861,700
2017,2018,IND,disinformation,pinball_0.9,0.026218769779994218,6.453851344952952,6.716039042752894,700
2017,2018,IRL,disinformation,pinball_0.9,0.7907433508717711,7.688659374374353,15.596092883092066,700
2017,2018,ISR,disinformation,pinball_0.9,0.18507751719830204,4.053499528882938,3.8478578431070467,700
2017,2018,ITA,disinformation,pinball_0.9,0.08300826372355655,0.8266467123441146,1.6567293495796802,700
2017,2018,JPN,disinformation,pinball_0.9,0.08194063754985732,0.8341438459655848,1.6535502214641582,700
2017,2018,KEN,disinformation,pinball_0.9,1.4440213728148095,5.647946407092192,4.043478215075737,700
2017,2018,KGZ,disinformation,pinball_0.9,0.5048994063221482,3.757910135571649,8.806904198793132,700
2017,2018,KHM,disinformation,pinball_0.9,1.6981305488729337,8.776223762244626,6.8894120412747,700
2017,2018,KOR,disinformation,pinball_0.9,0.7049674663002905,3.1761156817732683,2.392818496995168,700
2017,2018,KWT,disinformation,pinball_0.9,0.30394724567978904,2.743330450314147,5.782802907112038,700
2017,2018,LBN,disinformation,pinball_0.9,0.3361302370740699,-1.8847057563165064,1.4765966144241935,700
2017,2018,LSO,disinformation,pinball_0.9,0.7426848559598922,-1.480633158482405,5.946215401116518,700
2017,2018,LTU,disinformation,pinball_0.9,2.6646469334888283,4.918367801068115,1.9576489860805277,700
2017,2018,LUX,disinformation,pinball_0.9,0.31307521406889327,1.61129891211624,4.742051052805174,700
2017,2018,LVA,disinformation,pinball_0.9,0.7082316889394166,4.309712862945034,3.52278876412346,700
2017,2018,MAR,disinformation,pinball_0.9,0.21428985334260298,3.0656413302595524,5.208539863685583,700
2017,2018,MDA,disinformation,pinball_0.9,0.4368202720241924,4.075595465850341,8.443798186092266,700
2017,2018,MDG,disinformation,pinball_0.9,0.3834813253076371,3.1943565174439783,7.02916977052035,700
2017,2018,MDV,disinformation,pinball_0.9,3.4867361602852935,8.568955583474704,4.694804294268822,700
2017,2018,MEX,disinformation,pinball_0.9,0.1900134926679401,1.9720821110106923,3.8722170376900937,700
2017,2018,MKD,disinformation,pinball_0.9,0.02701435329412427,2.880596709642674,2.8505807615380916,700
2017,2018,MLT,disinformation,pinball_0.9,0.20678478153180743,7.189214255369166,9.25706207068724,700
2017,2018,MNE,disinformation,pinball_0.9,0.12451107056479642,4.732921134339648,5.9780318399876125,700
2017,2018,MOZ,disinformation,pinball_0.9,0.4708985480784638,3.484932024227817,8.193917505012456,700
2017,2018,MUS,disinformation,pinball_0.9,0.0719593757150145,4.116693694564916,4.036738832659345,700
2017,2018,MYS,disinformation,pinball_0.9,0.805522896244932,4.843086976348815,3.948061536076668,700
2017,2018,NIC,disinformation,pinball_0.9,0.7698887660830351,-3.3633566598573026,4.3355310009730506,700
2017,2018,NLD,disinformation,pinball_0.9,0.08121001619660051,2.258731581649556,2.16849823032,700
2017,2018,NOR,disinformation,pinball_0.9,0.053863832124873036,1.1103912365576036,1.649029557806334,700
2017,2018,PAK,disinformation,pinball_0.9,0.9553514594974114,6.151702610995187,5.090200989331397,700
2017,2018,PAN,disinformation,pinball_0.9,0.2180668672471693,3.918242533212649,6.098911205684343,700
2017,2018,PER,disinformation,pinball_0.9,0.11126169928624063,3.969351341364998,5.081968334227405,700
2017,2018,PHL,disinformation,pinball_0.9,0.007333371546707921,6.341485571534733,6.414819287001812,700
2017,2018,POL,disinformation,pinball_0.9,3.0165338641413943,6.245858472394204,2.894154178903766,700
2017,2018,PRT,disinformation,pinball_0.9,0.2566372382649005,2.946283434492017,5.512655817141022,700
2017,2018,PRY,disinformation,pinball_0.9,0.24574150261236805,3.204250340766393,5.661665366890074,700
2017,2018,PSE,disinformation,pinball_0.9,0.6226068290971639,1.2270773778270296,7.45314566879867,700
2017,2018,ROU,disinformation,pinball_0.9,1.8947016654733766,5.394522281856752,3.2892982091085563,700
2017,2018,RUS,disinformation,pinball_0.9,0.022389753752662896,2.806340820466559,3.030238357993188,700
2017,2018,RWA,disinformation,pinball_0.9,0.06034806471107233,8.070842546216412,8.674323193327135,700
2017,2018,SAU,disinformation,pinball_0.9,0.40081017719587075,3.2269508901591024,7.235052662117811,700
2017,2018,SGP,disinformation,pinball_0.9,0.18491589868856032,3.186608484740745,5.0357674716263485,700
2017,2018,SLB,disinformation,pinball_0.9,0.10530467651205663,2.745852448290549,3.7988992134111155,700
2017,2018,SLV,disinformation,pinball_0.9,0.02477098046738408,2.412444223779204,2.6601540284530447,700
2017,2018,SVK,disinformation,pinball_0.9,0.21345480228368544,4.062119818964831,6.196667841801686,700
2017,2018,SVN,disinformation,pinball_0.9,0.7584164797658061,4.379083473311951,3.536398495794389,700
2017,2018,SWZ,disinformation,pinball_0.9,0.3016008140767549,0.0653956557843571,3.0814037965519065,700
2017,2018,SYC,disinformation,pinball_0.9,0.45070318083558253,4.939472722543115,9.446504530898942,700
2017,2018,TCD,disinformation,pinball_0.9,0.6495719528431799,5.7411158075815365,12.236835336013337,700
2017,2018,THA,disinformation,pinball_0.9,0.0021247548198337182,4.222870287460708,4.244117835659045,700
2017,2018,TJK,disinformation,pinball_0.9,0.26984151102622633,7.5999988895536035,10.298413999815867,700
2017,2018,TUR,disinformation,pinball_0.9,0.39815332121386565,3.468153060922191,7.449686273060848,700
2017,2018,TZA,disinformation,pinball_0.9,0.04818379332483297,5.502675993849664,5.984513927097994,700
2017,2018,UGA,disinformation,pinball_0.9,1.2921834948763518,6.303923782629965,4.868164343878463,700
2017,2018,UKR,disinformation,pinball_0.9,0.4618627794686806,3.488362340226587,8.106990134913394,700
2017,2018,USA,disinformation,pinball_0.9,1.7048928199280284,2.966505067019426,1.0721797115438392,700
2017,2018,UZB,disinformation,pinball_0.9,0.07330599220113176,5.72368380757618,6.456743729587497,700
2017,2018,VNM,disinformation,pinball_0.9,1.4822951966921472,7.465006855727509,5.8180121927362345,700
2017,2018,VUT,disinformation,pinball_0.9,0.19664457509844593,2.5153278949197926,4.481773645904252,700
2017,2018,XKX,disinformation,pinball_0.9,0.15410895864651186,3.406632270562852,4.947721857027971,700
2017,2018,ZAF,disinformation,pinball_0.9,0.11188927095701293,1.5567838472167637,2.675676556786893,700
2017,2018,ZMB,disinformation,pinball_0.9,0.16719264861301233,4.034493896671648,5.706420382801772,700
2018,2019,AGO,benchmark,squared_error,15.232475091175393,-1.0552341449433698,2.8476462133529736,816
2018,2019,ALB,benchmark,squared_error,1.7605689317460478,2.062577901761216,0.7357135787251161,816
2018,2019,ARM,benchmark,squared_error,19.381219236496353,7.599999998539175,3.1975893820136845,816
2018,2019,AUS,benchmark,squared_error,0.19281147328745746,2.194017036227166,1.7549140035714377,816
2018,2019,AUT,benchmark,squared_error,0.0016903280784032082,1.7549761964928765,1.796089796169908,816
2018,2019,BEL,benchmark,squared_error,0.4674097312676094,2.4428900448155986,1.7592163424782852,816
2018,2019,BGD,benchmark,squared_error,5.285062018547433,7.881915151177225,5.582988876033232,816
2018,2019,BGR,benchmark,squared_error,3.092204059085715,3.7933196458919554,2.034853251818496,816
2018,2019,BIH,benchmark,squared_error,1.55489248436829,2.8858524208397824,1.6388991400917465,816
2018,2019,BLR,benchmark,squared_error,2.4107771740174995,1.4464554820430493,-0.10621227830283342,816
2018,2019,BOL,benchmark,squared_error,1.3875767784066846,1.5067210266686288,2.6846755157753535,816
2018,2019,BRA,benchmark,squared_error,0.4530273070021384,1.2207778236084152,1.8938508560515064,816
2018,2019,BTN,benchmark,squared_error,2.3329087178446772,5.755148512465055,4.227762275181022,816
2018,2019,BWA,benchmark,squared_error,3.5814131404096967,3.031773394546704,1.1393112045915925,816
2018,2019,CAF,benchmark,squared_error,30.054819168971715,3.0999999999999943,-2.382227573621126,816
2018,2019,CHE,benchmark,squared_error,0.0035363000339825542,1.1153218719747429,1.0558550742302657,816
2018,2019,CHL,benchmark,squared_error,3.9224177511105456,0.6442234026319227,2.624732870195899,816
2018,2019,CHN,benchmark,squared_error,1.6857753306608825,6.067378063336719,4.7690039528967105,816
2018,2019,CMR,benchmark,squared_error,0.9086076426199771,3.475059981949812,4.428269110431058,816
2018,2019,COG,benchmark,squared_error,5.3897123692074915,1.124473919765293,3.4460493265112144,816
2018,2019,COL,benchmark,squared_error,0.0002958834750697007,3.186855392455328,3.204056656219066,816
2018,2019,COM,benchmark,squared_error,2.151925489306077,1.760780235645683,3.227724504970894,816
2018,2019,CRI,benchmark,squared_error,0.038895703646467654,2.708139129483285,2.905359066727134,816
2018,2019,CYP,benchmark,squared_error,0.12672327274500594,5.875595833866072,6.231577958059136,816
2018,2019,CZE,benchmark,squared_error,5.295944561911138,3.5657765812826057,1.2644846480609342,816
2018,2019,DJI,benchmark,squared_error,3.054258033623357,5.545080811549781,7.292724377504623,816
2018,2019,DNK,benchmark,squared_error,1.3974871574303407,1.711400939327362,2.8935545492403634,816
2018,2019,DZA,benchmark,squared_error,1.979611374725568,0.8999999992191476,2.306986628411326,816
2018,2019,ECU,benchmark,squared_error,0.8488176677816701,0.1654044646003001,1.0867174775235249,816
2018,2019,ESP,benchmark,squared_error,6.66715779411831,1.961178508417106,4.543262510559234,816
2018,2019,EST,benchmark,squared_error,0.6964063793330407,3.7266494346688432,2.8921397706546745,816
2018,2019,FIN,benchmark,squared_error,4.610446773917519,1.3497384574173736,-0.7974566370995451,816
2018,2019,FJI,benchmark,squared_error,1.370245911228267,-0.5819465903497587,-1.7525216247786786,816
2018,2019,FRA,benchmark,squared_error,1.3522895421270964,2.0274464641923657,0.8645666156580916,816
2018,2019,GAB,benchmark,squared_error,2.8060603670183966,3.920808794528313,5.595938749791007,816
2018,2019,GBR,benchmark,squared_error,4.123892157464931,1.2562989976082406,3.2870358484741846,816
2018,2019,GEO,benchmark,squared_error,2.508230833267308,5.380719265899515,3.7969797566154573,816
2018,2019,GHA,benchmark,squared_error,0.4838305259216126,6.507774793915203,7.203354067558124,816
2018,2019,GIN,benchmark,squared_error,7.070780309050163,5.616914468898756,8.276008357622914,816
2018,2019,GMB,benchmark,squared_error,13.824085625643088,6.222053159948587,2.503977632791683,816
2018,2019,GNQ,benchmark,squared_error,22.744712771142133,-5.481825378934445,-0.7126836562402943,816
2018,2019,GRC,benchmark,squared_error,0.5871352939952471,2.2771806533480827,1.5109331124089636,816
2018,2019,GTM,benchmark,squared_error,2.260879047521456,4.0178983086158695,2.5142763323460837,816
2018,2019,HKG,benchmark,squared_error,1.0309048682587774,-1.6724286596805626,-0.6570938044437411,816
2018,2019,HND,benchmark,squared_error,0.493079765062253,2.559634345923143,1.8574379595309507,816
2018,2019,HRV,benchmark,squared_error,1.0578005742053023,3.102472853362542,2.073978529505914,816
2018,2019,HUN,benchmark,squared_error,9.892351928647663,5.0771849508893325,1.931973999514582,816
2018,2019,IDN,benchmark,squared_error,1.4284132624146462,5.019287680462824,3.824125238610401,816
2018,2019,IND,benchmark,squared_error,8.470958405023127,3.871436940705237,6.781928034150315,816
2018,2019,IRL,benchmark,squared_error,31.44247063021088,4.972880037668162,10.58023865204364,816
2018,2019,IRQ,benchmark,squared_error,40.05785060755062,5.513790578938099,-0.815336581069876,816
2018,2019,ISL,benchmark,squared_error,2.59257274201883,1.1382122733688789,2.748359080967127,816
2018,2019,ISR,benchmark,squared_error,0.7745075476477963,3.578987629236053,2.6989265247394414,816
2018,2019,ITA,benchmark,squared_error,0.08245598225231719,0.4291625337803424,0.14201103674033533,816
2018,2019,JPN,benchmark,squared_error,1.4696961864886675,-0.3084969211432593,0.9038133471002574,816
2018,2019,KAZ,benchmark,squared_error,0.04058515849063579,4.500000000918831,4.298542416076176,816
2018,2019,KEN,benchmark,squared_error,3.6455186112128146,5.114158857678007,3.2048347334882936,816
2018,2019,KGZ,benchmark,squared_error,5.193717803052835,4.60062565707598,2.3216526859653452,816
2018,2019,KHM,benchmark,squared_error,8.66249874862244,7.93695013588524,4.99373781791998,816
2018,2019,KOR,benchmark,squared_error,0.20962647122292685,2.3138021059547498,1.8559522711585288,816
2018,2019,KWT,benchmark,squared_error,3.251540538943677,2.263817065957909,0.46061421021935467,816
2018,2019,LBN,benchmark,squared_error,63.54844786191955,-6.9149247285102575,1.0568033063589422,816
2018,2019,LKA,benchmark,squared_error,37.16674689139348,-0.2204838868248231,5.8759697455251745,816
2018,2019,LSO,benchmark,squared_error,36.84270075790243,-1.4179938308520548,4.651825009764395,816
2018,2019,LTU,benchmark,squared_error,6.63100904840502,4.677351835304506,2.102277263878463,816
2018,2019,LUX,benchmark,squared_error,1.195050158523605,2.749320919206923,3.8425044163946573,816
2018,2019,LVA,benchmark,squared_error,7.795404747572711,0.6753727718842271,3.4673979772813257,816
2018,2019,MAR,benchmark,squared_error,0.556892563232994,2.890974761370771,3.6372271069168294,816
2018,2019,MDA,benchmark,squared_error,0.7010918589818095,3.552314085347604,4.389626368179887,816
2018,2019,MDG,benchmark,squared_error,2.1835701752312353,4.411232129095893,2.933541303777134,816
2018,2019,MDV,benchmark,squared_error,2.783481192370146,6.923059890500994,5.254683076837442,816
2018,2019,MEX,benchmark,squared_error,6.029685132721738,-0.3926905132905318,2.0628512055001993,816
2018,2019,MKD,benchmark,squared_error,1.2369950005623183,3.910419538401726,2.798216768866279,816
2018,2019,MLT,benchmark,squared_error,6.762314897083804,4.085055731224301,6.685500865635678,816
2018,2019,MNE,benchmark,squared_error,9.192597570076876,4.393915658215278,1.3619859805880283,816
2018,2019,MOZ,benchmark,squared_error,30.38345218602189,2.3178139482147486,7.829932614029364,816
2018,2019,MUS,benchmark,squared_error,0.6587795813388748,2.863949386847338,3.6756017640008056,816
2018,2019,MYS,benchmark,squared_error,3.83816546234451,4.413187421295859,2.454063774778236,816
2018,2019,NAM,benchmark,squared_error,0.32870686367525237,-0.8391521634193566,-0.2658225342571683,816
2018,2019,NIC,benchmark,squared_error,32.96270845137571,-2.8968698672890127,2.8444460490646337,816
2018,2019,NLD,benchmark,squared_error,0.18311433553990475,2.3001616053659006,1.8722429968199474,816
2018,2019,NOR,benchmark,squared_error,1.3258528008703039,1.4697078195414264,0.3182510027782861,816
2018,2019,PAK,benchmark,squared_error,1.6902645281339026,2.4976369294336536,3.7977386670426387,816
2018,2019,PAN,benchmark,squared_error,0.22364444078136966,3.102953956310856,3.575864561797104,816
2018,2019,PER,benchmark,squared_error,2.558322143638456,2.240631768750489,3.8401073526961946,816
2018,2019,PHL,benchmark,squared_error,0.6072484718743874,6.118525662213031,5.339264170880123,816
2018,2019,POL,benchmark,squared_error,1.766921328666306,4.58045817256199,3.2512022421007765,816
2018,2019,PRT,benchmark,squared_error,0.020866761623505342,2.745684326485957,2.890137646363021,816
2018,2019,PRY,benchmark,squared_error,10.126733687165002,-0.4018551006800095,2.780397825654571,816
2018,2019,PSE,benchmark,squared_error,5.069399646637957,1.3626874655806205,3.614220198329127,816
2018,2019,ROU,benchmark,squared_error,11.166186469922586,3.960289584975982,0.6187051598981737,816
2018,2019,RUS,benchmark,squared_error,1.386119651475187,2.1980757138198186,1.0207398859970231,816
2018,2019,RWA,benchmark,squared_error,7.3673240884736835,9.286133874545428,6.571852369529103,816
2018,2019,SAU,benchmark,squared_error,2.067531124617884,1.6515892561739491,3.0894804636781483,816
2018,2019,SGP,benchmark,squared_error,0.7411714850526377,1.1587794730010756,2.01969264228857,816
2018,2019,SLB,benchmark,squared_error,0.17630304989233933,1.7492524448595077,2.1691370122019373,816
2018,2019,SLV,benchmark,squared_error,0.10068582513574528,2.437471590657836,2.1201612927856344,816
2018,2019,SVK,benchmark,squared_error,0.003895933732710014,2.275899100193925,2.2134816848941066,816
2018,2019,SVN,benchmark,squared_error,2.500177731166305,3.505253323819119,1.9240582912041333,816
2018,2019,SWZ,benchmark,squared_error,14.541830635044075,6.431868886915737,2.618493658191966,816
2018,2019,SYC,benchmark,squared_error,0.6861179191405905,5.514292073734197,4.685969721542376,816
2018,2019,TCD,benchmark,squared_error,0.10665961240247442,5.382822028748137,5.056234196147971,816
2018,2019,THA,benchmark,squared_error,1.854478671439018,2.114557796282781,0.7527653482794084,816
2018,2019,TUR,benchmark,squared_error,15.764213342232722,1.3016236546450273,5.272040930226112,816
2018,2019,TZA,benchmark,squared_error,0.00018439146873565828,5.799999999967227,5.813579081995687,816
2018,2019,UGA,benchmark,squared_error,3.232385291789033,6.438745032764388,4.640861473745886,816
2018,2019,UKR,benchmark,squared_error,5.091901701325211,3.199503863541338,5.456028115865077,816
2018,2019,URY,benchmark,squared_error,0.8858772259056746,0.9283510275463414,1.869561538487265,816
2018,2019,USA,benchmark,squared_error,3.3321720217896553,2.583825330522245,0.7584015381415128,816
2018,2019,UZB,benchmark,squared_error,0.02965274015931236,6.7933109848452204,6.6211112747429315,816
2018,2019,VNM,benchmark,squared_error,4.695331268321435,7.359262701050056,5.192391392383703,816
2018,2019,VUT,benchmark,squared_error,1.0893229901452273,3.276772573803143,4.320478945415977,816
2018,2019,XKX,benchmark,squared_error,2.327944464350995,4.75680057007834,3.231040279485157,816
2018,2019,ZAF,benchmark,squared_error,2.5209002305448958,0.2599355768763303,1.8476698841660908,816
2018,2019,ZMB,benchmark,squared_error,11.359130100435836,1.44130602603785,4.81163688523192,816
2018,2019,AGO,benchmark,pinball_0.1,3.940777342649211,-1.0552341449433698,3.323407346889087,816
2018,2019,ALB,benchmark,pinball_0.1,0.25132140178704027,2.062577901761216,-0.4506361161091863,816
2018,2019,ARM,benchmark,pinball_0.1,0.9127368982225154,7.599999998539175,-1.527368983685978,816
2018,2019,AUS,benchmark,pinball_0.1,0.07204416111365282,2.194017036227166,1.4735754250906377,816
2018,2019,AUT,benchmark,pinball_0.1,0.11172746838122437,1.7549761964928765,0.6377015126806329,816
2018,2019,BEL,benchmark,pinball_0.1,0.1939730096823233,2.4428900448155986,0.5031599479923656,816
2018,2019,BGD,benchmark,pinball_0.1,0.25419676422704907,7.881915151177225,5.339947508906734,816
2018,2019,BGR,benchmark,pinball_0.1,0.45539930004681745,3.7933196458919554,-0.7606733545762185,816
2018,2019,BIH,benchmark,pinball_0.1,0.40827809753326644,2.8858524208397824,-1.196928554492882,816
2018,2019,BLR,benchmark,pinball_0.1,0.5176335290755636,1.4464554820430493,-3.729879808712586,816
2018,2019,BOL,benchmark,pinball_0.1,1.081647086224359,1.5067210266686288,2.708551122473472,816
2018,2019,BRA,benchmark,pinball_0.1,0.3643850775144033,1.2207778236084152,-2.4230729515356177,816
2018,2019,BTN,benchmark,pinball_0.1,0.2669617428573176,5.755148512465055,3.0855310838918797,816
2018,2019,BWA,benchmark,pinball_0.1,0.6705171238816948,3.031773394546704,-3.6733978442702435,816
2018,2019,CAF,benchmark,pinball_0.1,3.575518096342977,3.0999999999999943,-32.65518096342977,816
2018,2019,CHE,benchmark,pinball_0.1,0.1521155126290454,1.1153218719747429,-0.40583325431571105,816
2018,2019,CHL,benchmark,pinball_0.1,0.7304467746802317,0.6442234026319227,1.4558309300544023,816
2018,2019,CHN,benchmark,pinball_0.1,0.09093378825201306,6.067378063336719,5.158040180816588,816
2018,2019,CMR,benchmark,pinball_0.1,0.4964056976607874,3.475059981949812,4.026621868239576,816
2018,2019,COG,benchmark,pinball_0.1,0.30753914006563393,1.124473919765293,-1.9509174808910457,816
2018,2019,COL,benchmark,pinball_0.1,0.12545221241549265,3.186855392455328,1.9323332683004013,816
2018,2019,COM,benchmark,pinball_0.1,0.458309172435946,1.760780235645683,2.2700126494634008,816
2018,2019,CRI,benchmark,pinball_0.1,0.15160844541302287,2.708139129483285,1.1920546753530563,816
2018,2019,CYP,benchmark,pinball_0.1,0.649329819051721,5.875595833866072,-0.6177023566511384,816
2018,2019,CZE,benchmark,pinball_0.1,0.5382437391360144,3.5657765812826057,-1.8166608100775385,816
2018,2019,DJI,benchmark,pinball_0.1,1.3063596308752328,5.545080811549781,6.9965915125222615,816
2018,2019,DNK,benchmark,pinball_0.1,0.0579587530139297,1.711400939327362,1.131813409188065,816
2018,2019,DZA,benchmark,pinball_0.1,0.03396309202981653,0.8999999992191476,0.5603690789209823,816
2018,2019,ECU,benchmark,pinball_0.1,0.26743125580018473,0.1654044646003001,-2.5089080934015473,816
2018,2019,ESP,benchmark,pinball_0.1,0.01961716560886284,1.961178508417106,1.9829753590936203,816
2018,2019,EST,benchmark,pinball_0.1,0.39822004455758303,3.7266494346688432,-0.25555101090698695,816
2018,2019,FIN,benchmark,pinball_0.1,0.9782685700608567,1.3497384574173736,-8.432947243191192,816
2018,2019,FJI,benchmark,pinball_0.1,0.4615006734740792,-0.5819465903497587,-5.196953325090551,816
2018,2019,FRA,benchmark,pinball_0.1,0.21449462344997042,2.0274464641923657,-0.11749977030733838,816
2018,2019,GAB,benchmark,pinball_0.1,0.10613962397801413,3.920808794528313,2.8594125547481717,816
2018,2019,GBR,benchmark,pinball_0.1,0.03018704724680088,1.2562989976082406,0.9544285251402318,816
2018,2019,GEO,benchmark,pinball_0.1,0.281531335412532,5.380719265899515,2.565405911774195,816
2018,2019,GHA,benchmark,pinball_0.1,0.361999398576988,6.507774793915203,2.887780808145324,816
2018,2019,GIN,benchmark,pinball_0.1,0.3399247991855403,5.616914468898756,2.217666477043353,816
2018,2019,GMB,benchmark,pinball_0.1,0.8246950184967204,6.222053159948587,-2.0248970250186167,816
2018,2019,GNQ,benchmark,pinball_0.1,0.20456512221193252,-5.481825378934445,-7.52747660105377,816
2018,2019,GRC,benchmark,pinball_0.1,0.6717863993604948,2.2771806533480827,-4.440683340256864,816
2018,2019,GTM,benchmark,pinball_0.1,0.24916460183520953,4.0178983086158695,1.5262522902637743,816
2018,2019,HKG,benchmark,pinball_0.1,0.06138244277286662,-1.6724286596805626,-1.6042259454884886,816
2018,2019,HND,benchmark,pinball_0.1,0.17632518062776367,2.559634345923143,0.7963825396455064,816
2018,2019,HRV,benchmark,pinball_0.1,0.49414469037703096,3.102472853362542,-1.8389740504077672,816
2018,2019,HUN,benchmark,pinball_0.1,0.6972999527195811,5.0771849508893325,-1.8958145763064789,816
2018,2019,IDN,benchmark,pinball_0.1,0.08580896656938544,5.019287680462824,4.16119801476897,816
2018,2019,IND,benchmark,pinball_0.1,2.084979837622618,3.871436940705237,6.188081204730368,816
2018,2019,IRL,benchmark,pinball_0.1,0.2868267731936979,4.972880037668162,2.104612305731183,816
2018,2019,IRQ,benchmark,pinball_0.1,0.5170794135365345,5.513790578938099,0.3429964435727548,816
2018,2019,ISL,benchmark,pinball_0.1,1.509585543044863,1.1382122733688789,2.8155295434187266,816
2018,2019,ISR,benchmark,pinball_0.1,0.22355911755524113,3.578987629236053,1.343396453683642,816
2018,2019,ITA,benchmark,pinball_0.1,0.20524118269598254,0.4291625337803424,-1.6232492931794829,816
2018,2019,JPN,benchmark,pinball_0.1,0.3514754528893028,-0.3084969211432593,0.08203135984485499,816
2018,2019,KAZ,benchmark,pinball_0.1,0.08124357074065731,4.500000000918831,3.687564293512258,816
2018,2019,KEN,benchmark,pinball_0.1,0.18337301217642993,5.114158857678007,3.2804287359137074,816
2018,2019,KGZ,benchmark,pinball_0.1,0.9789365008318222,4.60062565707598,-5.1887393512422415,816
2018,2019,KHM,benchmark,pinball_0.1,0.4510033195793822,7.93695013588524,3.426916940091418,816
2018,2019,KOR,benchmark,pinball_0.1,0.09226587546008123,2.3138021059547498,1.3911433513539375,816
2018,2019,KWT,benchmark,pinball_0.1,0.6470376922157973,2.263817065957909,-4.206559856200064,816
2018,2019,LBN,benchmark,pinball_0.1,6.8352228178761685,-6.9149247285102575,0.6797672913521513,816
2018,2019,LKA,benchmark,pinball_0.1,5.037957264958302,-0.2204838868248231,5.37724640757329,816
2018,2019,LSO,benchmark,pinball_0.1,1.3648992336596473,-1.4179938308520548,0.09856087321422002,816
2018,2019,LTU,benchmark,pinball_0.1,0.4002356672629865,4.677351835304506,0.6749951626746418,816
2018,2019,LUX,benchmark,pinball_0.1,0.12851880303659355,2.749320919206923,1.4641328888409877,816
2018,2019,LVA,benchmark,pinball_0.1,1.2180955930607433,0.6753727718842271,2.0288123197294974,816
2018,2019,MAR,benchmark,pinball_0.1,0.2874610584348437,2.890974761370771,0.016364177022333948,816
2018,2019,MDA,benchmark,pinball_0.1,0.2504674516834911,3.552314085347604,1.0476395685126931,816
2018,2019,MDG,benchmark,pinball_0.1,0.5660476507436574,4.411232129095893,-1.249244378340681,816
2018,2019,MDV,benchmark,pinball_0.1,0.22678665066705808,6.923059890500994,4.655193383830413,816
2018,2019,MEX,benchmark,pinball_0.1,0.6370911084263365,-0.3926905132905318,0.31518849607206434,816
2018,2019,MKD,benchmark,pinball_0.1,0.1961380500438097,3.910419538401726,1.949039037963629,816
2018,2019,MLT,benchmark,pinball_0.1,0.48267907310238556,4.085055731224301,-0.7417349997995542,816
2018,2019,MNE,benchmark,pinball_0.1,0.8048109287026531,4.393915658215278,-3.654193628811253,816
2018,2019,MOZ,benchmark,pinball_0.1,4.09577157216503,2.3178139482147486,6.868671250620338,816
2018,2019,MUS,benchmark,pinball_0.1,0.5957186894986691,2.863949386847338,3.5258590418458593,816
2018,2019,MYS,benchmark,pinball_0.1,0.40284001818454707,4.413187421295859,0.3847872394503886,816
2018,2019,NAM,benchmark,pinball_0.1,1.5520319596915464,-0.8391521634193566,0.8853277917934728,816
2018,2019,NIC,benchmark,pinball_0.1,4.241961181387438,-2.8968698672890127,1.8164203342525855,816
2018,2019,NLD,benchmark,pinball_0.1,0.2803148498270616,2.3001616053659006,-0.5029868929047154,816
2018,2019,NOR,benchmark,pinball_0.1,0.27903010186388555,1.4697078195414264,-1.320593199097429,816
2018,2019,PAK,benchmark,pinball_0.1,0.22819338685900856,2.4976369294336536,2.751185137054774,816
2018,2019,PAN,benchmark,pinball_0.1,0.021678391553206434,3.102953956310856,2.886170040778792,816
2018,2019,PER,benchmark,pinball_0.1,0.4976316083510574,2.240631768750489,2.7935557780294418,816
2018,2019,PHL,benchmark,pinball_0.1,0.5928275442149084,6.118525662213031,0.19025022006394732,816
2018,2019,POL,benchmark,pinball_0.1,0.3830903163409155,4.58045817256199,0.7495550091528349,816
2018,2019,PRT,benchmark,pinball_0.1,0.2895739023422143,2.745684326485957,-0.150054696936186,816
2018,2019,PRY,benchmark,pinball_0.1,0.6576536315511233,-0.4018551006800095,0.32887115659901633,816
2018,2019,PSE,benchmark,pinball_0.1,0.11951270719068381,1.3626874655806205,0.1675603936737824,816
2018,2019,ROU,benchmark,pinball_0.1,0.8678565014450691,3.960289584975982,-4.7182754294747085,816
2018,2019,RUS,benchmark,pinball_0.1,0.4154956174883889,2.1980757138198186,-1.9568804610640704,816
2018,2019,RWA,benchmark,pinball_0.1,0.3469832513489786,9.286133874545428,5.8163013610556416,816
2018,2019,SAU,benchmark,pinball_0.1,0.07420750400087676,1.6515892561739491,1.7340420383971455,816
2018,2019,SGP,benchmark,pinball_0.1,0.07404822128106057,1.1587794730010756,1.2410552744244763,816
2018,2019,SLB,benchmark,pinball_0.1,0.19096623140001331,1.7492524448595077,-0.16040986914062527,816
2018,2019,SLV,benchmark,pinball_0.1,0.11600214818467168,2.437471590657836,1.2774501088111192,816
2018,2019,SVK,benchmark,pinball_0.1,0.23076315096515454,2.275899100193925,-0.031732409457620125,816
2018,2019,SVN,benchmark,pinball_0.1,0.5798043562660935,3.505253323819119,-2.292790238841816,816
2018,2019,SWZ,benchmark,pinball_0.1,0.4205661394497807,6.431868886915737,2.22620749241793,816
2018,2019,SYC,benchmark,pinball_0.1,0.4807974948146028,5.514292073734197,0.7063171255881686,816
2018,2019,TCD,benchmark,pinball_0.1,0.5527028085892249,5.382822028748137,-0.14420605714411217,816
2018,2019,THA,benchmark,pinball_0.1,0.5816970588555318,2.114557796282781,-3.7024127922725363,816
2018,2019,TUR,benchmark,pinball_0.1,0.6705154742447649,1.3016236546450273,2.0466408482503216,816
2018,2019,TZA,benchmark,pinball_0.1,0.1652995297648765,5.799999999967227,4.147004702318462,816
2018,2019,UGA,benchmark,pinball_0.1,0.24428977490102435,6.438745032764388,3.995847283754144,816
2018,2019,UKR,benchmark,pinball_0.1,0.6734609287646762,3.199503863541338,-3.5351054241054247,816
2018,2019,URY,benchmark,pinball_0.1,0.5671826176329575,0.9283510275463414,1.5585539360274052,816
2018,2019,USA,benchmark,pinball_0.1,0.39752237792388584,2.583825330522245,-1.391398448716613,816
2018,2019,UZB,benchmark,pinball_0.1,0.07264457716322674,6.7933109848452204,6.066865213212953,816
2018,2019,VNM,benchmark,pinball_0.1,0.3752851725970633,7.359262701050056,3.6064109750794238,816
2018,2019,VUT,benchmark,pinball_0.1,0.1044807758987088,3.276772573803143,2.231964814816055,816
2018,2019,XKX,benchmark,pinball_0.1,0.44073416356154405,4.75680057007834,0.3494589344629002,816
2018,2019,ZAF,benchmark,pinball_0.1,0.36245465266074617,0.2599355768763303,0.6626629687216038,816
2018,2019,ZMB,benchmark,pinball_0.1,2.242395037290401,1.44130602603785,3.932856067471629,816
2018,2019,AGO,benchmark,pinball_0.5,1.3003963340570979,-1.0552341449433698,1.545558523170826,816
2018,2019,ALB,benchmark,pinball_0.5,0.7329173468295157,2.062577901761216,0.5967432081021846,816
2018,2019,ARM,benchmark,pinball_0.5,2.055188139378094,7.599999998539175,3.4896237197829874,816
2018,2019,AUS,benchmark,pinball_0.5,0.2835935025231897,2.194017036227166,1.6268300311807864,816
2018,2019,AUT,benchmark,pinball_0.5,0.032938096451543886,1.7549761964928765,1.6891000035897887,816
2018,2019,BEL,benchmark,pinball_0.5,0.6410403640727975,2.4428900448155986,1.1608093166700035,816
2018,2019,BGD,benchmark,pinball_0.5,0.720759986522804,7.881915151177225,6.440395178131617,816
2018,2019,BGR,benchmark,pinball_0.5,0.7178897843462422,3.7933196458919554,2.357540077199471,816
2018,2019,BIH,benchmark,pinball_0.5,0.18286152686319035,2.8858524208397824,2.5201293671134017,816
2018,2019,BLR,benchmark,pinball_0.5,0.9080397098286148,1.4464554820430493,3.262534901700279,816
2018,2019,BOL,benchmark,pinball_0.5,1.0807592412963483,1.5067210266686288,3.6682395092613254,816
2018,2019,BRA,benchmark,pinball_0.5,0.7048961428152298,1.2207778236084152,2.630570109238875,816
2018,2019,BTN,benchmark,pinball_0.5,0.023601942810199894,5.755148512465055,5.802352398085455,816
2018,2019,BWA,benchmark,pinball_0.5,0.8185894697544076,3.031773394546704,4.668952334055519,816
2018,2019,CAF,benchmark,pinball_0.5,0.26032056255809666,3.0999999999999943,3.6206411251161876,816
2018,2019,CHE,benchmark,pinball_0.5,0.07158462544685484,1.1153218719747429,1.2584911228684525,816
2018,2019,CHL,benchmark,pinball_0.5,1.2278304559057776,0.6442234026319227,3.099884314443478,816
2018,2019,CHN,benchmark,pinball_0.5,0.23675227245756592,6.067378063336719,5.593873518421587,816
2018,2019,CMR,benchmark,pinball_0.5,0.5719404714667311,3.475059981949812,4.618940924883274,816
2018,2019,COG,benchmark,pinball_0.5,1.0279251298967393,1.124473919765293,3.1803241795587716,816
2018,2019,COL,benchmark,pinball_0.5,0.04688143940758982,3.186855392455328,3.2806182712705074,816
2018,2019,COM,benchmark,pinball_0.5,1.0026035429931752,1.760780235645683,3.7659873216320334,816
2018,2019,CRI,benchmark,pinball_0.5,0.6174672486268593,2.708139129483285,3.9430736267370037,816
2018,2019,CYP,benchmark,pinball_0.5,0.2045283703543319,5.875595833866072,6.284652574574736,816
2018,2019,CZE,benchmark,pinball_0.5,1.0705593431832188,3.5657765812826057,1.4246578949161681,816
2018,2019,DJI,benchmark,pinball_0.5,0.8535230658103492,5.545080811549781,7.252126943170479,816
2018,2019,DNK,benchmark,pinball_0.5,0.47706567620831186,1.711400939327362,2.6655322917439856,816
2018,2019,DZA,benchmark,pinball_0.5,0.5389592304537483,0.8999999992191476,1.9779184601266442,816
2018,2019,ECU,benchmark,pinball_0.5,1.1775339173673929,0.1654044646003001,2.520472299335086,816
2018,2019,ESP,benchmark,pinball_0.5,0.8896354868517076,1.961178508417106,3.740449482120521,816
2018,2019,EST,benchmark,pinball_0.5,0.36890022913484,3.7266494346688432,2.9888489763991632,816
2018,2019,FIN,benchmark,pinball_0.5,0.6733062292849978,1.3497384574173736,0.0031259988473779643,816
2018,2019,FJI,benchmark,pinball_0.5,0.3946325918537227,-0.5819465903497587,0.20731859335768665,816
2018,2019,FRA,benchmark,pinball_0.5,0.7803934137035222,2.0274464641923657,0.4666596367853213,816
2018,2019,GAB,benchmark,pinball_0.5,0.9527821057316233,3.920808794528313,5.8263730059915595,816
2018,2019,GBR,benchmark,pinball_0.5,0.9166673883338659,1.2562989976082406,3.0896337742759723,816
2018,2019,GEO,benchmark,pinball_0.5,0.5202947493670438,5.380719265899515,4.340129767165427,816
2018,2019,GHA,benchmark,pinball_0.5,0.9907615024645802,6.507774793915203,8.489297798844364,816
2018,2019,GIN,benchmark,pinball_0.5,2.6128032128837706,5.616914468898756,10.842520894666297,816
2018,2019,GMB,benchmark,pinball_0.5,1.7985336171509219,6.222053159948587,2.624985925646743,816
2018,2019,GNQ,benchmark,pinball_0.5,0.49530227856942854,-5.481825378934445,-4.491220821795588,816
2018,2019,GRC,benchmark,pinball_0.5,0.3795288237302312,2.2771806533480827,3.036238300808545,816
2018,2019,GTM,benchmark,pinball_0.5,0.6431030514021361,4.0178983086158695,2.7316922058115973,816
2018,2019,HKG,benchmark,pinball_0.5,1.1722763517128687,-1.6724286596805626,0.6721240437451748,816
2018,2019,HND,benchmark,pinball_0.5,0.14556759659693141,2.559634345923143,2.850769539117006,816
2018,2019,HRV,benchmark,pinball_0.5,0.37052756424041333,3.102472853362542,2.3614177248817154,816
2018,2019,HUN,benchmark,pinball_0.5,1.3401081701079147,5.0771849508893325,2.396968610673503,816
2018,2019,IDN,benchmark,pinball_0.5,0.18082500937521928,5.019287680462824,4.657637661712386,816
2018,2019,IND,benchmark,pinball_0.5,2.1682467334505136,3.871436940705237,8.207930407606264,816
2018,2019,IRL,benchmark,pinball_0.5,1.5145592337238512,4.972880037668162,8.001998505115864,816
2018,2019,IRQ,benchmark,pinball_0.5,3.106123760750485,5.513790578938099,-0.6984569425628706,816
2018,2019,ISL,benchmark,pinball_0.5,0.875599497080187,1.1382122733688789,2.889411267529253,816
2018,2019,ISR,benchmark,pinball_0.5,0.16122994561162174,3.578987629236053,3.9014475204592967,816
2018,2019,ITA,benchmark,pinball_0.5,0.1765825755422501,0.4291625337803424,0.7823276848648426,816
2018,2019,JPN,benchmark,pinball_0.5,0.6780740652420989,-0.3084969211432593,1.0476512093409385,816
2018,2019,KAZ,benchmark,pinball_0.5,0.06348791864009717,4.500000000918831,4.373024163638637,816
2018,2019,KEN,benchmark,pinball_0.5,0.3467568708474169,5.114158857678007,4.420645115983173,816
2018,2019,KGZ,benchmark,pinball_0.5,0.3530733095588159,4.60062565707598,3.8944790379583485,816
2018,2019,KHM,benchmark,pinball_0.5,1.3766021022990493,7.93695013588524,5.183745931287142,816
2018,2019,KOR,benchmark,pinball_0.5,0.047210280796132764,2.3138021059547498,2.4082226675470153,816
2018,2019,KWT,benchmark,pinball_0.5,1.4211913010039767,2.263817065957909,-0.5785655360500448,816
2018,2019,LBN,benchmark,pinball_0.5,4.067936524856705,-6.9149247285102575,1.2209483212031529,816
2018,2019,LKA,benchmark,pinball_0.5,2.964027679864803,-0.2204838868248231,5.707571472904783,816
2018,2019,LSO,benchmark,pinball_0.5,2.7252845248875737,-1.4179938308520548,4.032575218923093,816
2018,2019,LTU,benchmark,pinball_0.5,1.3905960404519684,4.677351835304506,1.8961597544005695,816
2018,2019,LUX,benchmark,pinball_0.5,0.0942891497011995,2.749320919206923,2.937899218609322,816
2018,2019,LVA,benchmark,pinball_0.5,1.2165556122331083,0.6753727718842271,3.1084839963504436,816
2018,2019,MAR,benchmark,pinball_0.5,0.8971125241399047,2.890974761370771,4.68519980965058,816
2018,2019,MDA,benchmark,pinball_0.5,0.6869131892685949,3.552314085347604,4.926140463884794,816
2018,2019,MDG,benchmark,pinball_0.5,0.9158912681580982,4.411232129095893,2.5794495927796968,816
2018,2019,MDV,benchmark,pinball_0.5,1.082262368939606,6.923059890500994,4.758535152621782,816
2018,2019,MEX,benchmark,pinball_0.5,1.1474382970030015,-0.3926905132905318,1.9021860807154711,816
2018,2019,MKD,benchmark,pinball_0.5,0.5317809582130826,3.910419538401726,2.846857621975561,816
2018,2019,MLT,benchmark,pinball_0.5,0.9884528390663343,4.085055731224301,6.06196140935697,816
2018,2019,MNE,benchmark,pinball_0.5,1.0407895878103521,4.393915658215278,2.3123364825945734,816
2018,2019,MOZ,benchmark,pinball_0.5,2.0055636606796092,2.3178139482147486,6.328941269573967,816
2018,2019,MUS,benchmark,pinball_0.5,0.44639797013578275,2.863949386847338,3.7567453271189035,816
2018,2019,MYS,benchmark,pinball_0.5,0.16957218892313897,4.413187421295859,4.074043043449581,816
2018,2019,NAM,benchmark,pinball_0.5,0.1345988695521252,-0.8391521634193566,-0.5699544243151062,816
2018,2019,NIC,benchmark,pinball_0.5,3.275798348454697,-2.8968698672890127,3.654726829620382,816
2018,2019,NLD,benchmark,pinball_0.5,0.1299193604305504,2.3001616053659006,2.0403228845048,816
2018,2019,NOR,benchmark,pinball_0.5,0.41090110836898663,1.4697078195414264,0.6479056028034531,816
2018,2019,PAK,benchmark,pinball_0.5,0.5937232311306431,2.4976369294336536,3.6850833916949397,816
2018,2019,PAN,benchmark,pinball_0.5,0.9562061682249279,3.102953956310856,5.015366292760712,816
2018,2019,PER,benchmark,pinball_0.5,0.7692061190519046,2.240631768750489,3.7790440068542983,816
2018,2019,PHL,benchmark,pinball_0.5,0.21116892458950298,6.118525662213031,5.696187813034025,816
2018,2019,POL,benchmark,pinball_0.5,0.7198755261201852,4.58045817256199,3.1407071203216193,816
2018,2019,PRT,benchmark,pinball_0.5,0.2873361500228935,2.745684326485957,3.320356626531744,816
2018,2019,PRY,benchmark,pinball_0.5,2.0958306016529047,-0.4018551006800095,3.7898061026257994,816
2018,2019,PSE,benchmark,pinball_0.5,1.5905558259813866,1.3626874655806205,4.543799117543394,816
2018,2019,ROU,benchmark,pinball_0.5,1.5781548330044453,3.960289584975982,0.8039799189670914,816
2018,2019,RUS,benchmark,pinball_0.5,0.11647413900268244,2.1980757138198186,1.9651274358144537,816
2018,2019,RWA,benchmark,pinball_0.5,1.6173326814919502,9.286133874545428,6.051468511561527,816
2018,2019,SAU,benchmark,pinball_0.5,0.7791364528179276,1.6515892561739491,3.2098621618098044,816
2018,2019,SGP,benchmark,pinball_0.5,0.8278083121298292,1.1587794730010756,2.814396097260734,816
2018,2019,SLB,benchmark,pinball_0.5,0.01661926790509982,1.7492524448595077,1.7824909806697073,816
2018,2019,SLV,benchmark,pinball_0.5,0.21012954613275991,2.437471590657836,2.017212498392316,816
2018,2019,SVK,benchmark,pinball_0.5,0.20902380347293625,2.275899100193925,1.8578514932480525,816
2018,2019,SVN,benchmark,pinball_0.5,0.6755096025272782,3.505253323819119,2.1542341187645624,816
2018,2019,SWZ,benchmark,pinball_0.5,1.8404233356305193,6.431868886915737,2.7510222156546984,816
2018,2019,SYC,benchmark,pinball_0.5,0.837246234980034,5.514292073734197,7.188784543694265,816
2018,2019,TCD,benchmark,pinball_0.5,0.3403037135046505,5.382822028748137,6.063429455757438,816
2018,2019,THA,benchmark,pinball_0.5,0.1817985964892299,2.114557796282781,2.478154989261241,816
2018,2019,TUR,benchmark,pinball_0.5,2.0682333777909268,1.3016236546450273,5.438090410226881,816
2018,2019,TZA,benchmark,pinball_0.5,0.5444583571741823,5.799999999967227,6.888916714315592,816
2018,2019,UGA,benchmark,pinball_0.5,0.6687291816176089,6.438745032764388,5.10128666952917,816
2018,2019,UKR,benchmark,pinball_0.5,2.0728861862159578,3.199503863541338,7.3452762359732535,816
2018,2019,URY,benchmark,pinball_0.5,0.5610690096275044,0.9283510275463414,2.05048904680135,816
2018,2019,USA,benchmark,pinball_0.5,0.7841876878355674,2.583825330522245,1.0154499548511104,816
2018,2019,UZB,benchmark,pinball_0.5,0.07768745808872524,6.7933109848452204,6.63793606866777,816
2018,2019,VNM,benchmark,pinball_0.5,0.8737703991168133,7.359262701050056,5.61172190281643,816
2018,2019,VUT,benchmark,pinball_0.5,0.7374098960160955,3.276772573803143,4.751592365835334,816
2018,2019,XKX,benchmark,pinball_0.5,0.22317206049537175,4.75680057007834,4.310456449087597,816
2018,2019,ZAF,benchmark,pinball_0.5,0.5998395384449416,0.2599355768763303,1.4596146537662136,816
2018,2019,ZMB,benchmark,pinball_0.5,1.7210764464319834,1.44130602603785,4.883458918901817,816
2018,2019,AGO,benchmark,pinball_0.9,0.10671112678751073,-1.0552341449433698,0.011877122931737816,816
2018,2019,ALB,benchmark,pinball_0.9,0.1292132241407297,2.062577901761216,3.3547101431685133,816
2018,2019,ARM,benchmark,pinball_0.9,0.3828857346981147,7.599999998539175,7.174571404430159,816
2018,2019,AUS,benchmark,pinball_0.9,0.03264026547124769,2.194017036227166,2.520419690939643,816
2018,2019,AUT,benchmark,pinball_0.9,0.11404565761630985,1.7549761964928765,2.895432772655975,816
2018,2019,BEL,benchmark,pinball_0.9,0.047613600840805584,2.4428900448155986,2.9190260532236545,816
2018,2019,BGD,benchmark,pinball_0.9,1.357683159150964,7.881915151177225,6.373378307676154,816
2018,2019,BGR,benchmark,pinball_0.9,0.02018873901956692,3.7933196458919554,3.9952070360876246,816
2018,2019,BIH,benchmark,pinball_0.9,0.1550621443664793,2.8858524208397824,4.436473864504576,816
2018,2019,BLR,benchmark,pinball_0.9,0.1851521666843876,1.4464554820430493,3.297977148886926,816
2018,2019,BOL,benchmark,pinball_0.9,0.3049730848686972,1.5067210266686288,4.556451875355601,816
2018,2019,BRA,benchmark,pinball_0.9,0.3622141160102076,1.2207778236084152,4.842918983710492,816
2018,2019,BTN,benchmark,pinball_0.9,0.19574866885075043,5.755148512465055,7.71263520097256,816
2018,2019,BWA,benchmark,pinball_0.9,0.257049550216862,3.031773394546704,5.602268896715325,816
2018,2019,CAF,benchmark,pinball_0.9,0.41533058418480867,3.0999999999999943,7.253305841848082,816
2018,2019,CHE,benchmark,pinball_0.9,0.14870413339324437,1.1153218719747429,2.602363205907187,816
2018,2019,CHL,benchmark,pinball_0.9,0.4448109950241913,0.6442234026319227,5.092333352873837,816
2018,2019,CHN,benchmark,pinball_0.9,0.049862354183732895,6.067378063336719,6.566001605174048,816
2018,2019,CMR,benchmark,pinball_0.9,0.18097592907163002,3.475059981949812,5.2848192726661125,816
2018,2019,COG,benchmark,pinball_0.9,0.96401998253074,1.124473919765293,10.764673745072695,816
2018,2019,COL,benchmark,pinball_0.9,0.2087896464340792,3.186855392455328,5.2747518567961205,816
2018,2019,COM,benchmark,pinball_0.9,0.2611620034198054,1.760780235645683,4.372400269843737,816
2018,2019,CRI,benchmark,pinball_0.9,0.1449494032684948,2.708139129483285,4.157633162168233,816
2018,2019,CYP,benchmark,pinball_0.9,0.3286411421416752,5.875595833866072,9.162007255282825,816
2018,2019,CZE,benchmark,pinball_0.9,0.1017508813448776,3.5657765812826057,4.583285394731382,816
2018,2019,DJI,benchmark,pinball_0.9,0.20546323749304923,5.545080811549781,7.599713186480273,816
2018,2019,DNK,benchmark,pinball_0.9,0.1727814628466829,1.711400939327362,3.439215567794191,816
2018,2019,DZA,benchmark,pinball_0.9,0.2981780485133294,0.8999999992191476,3.881780484352442,816
2018,2019,ECU,benchmark,pinball_0.9,0.5557535476824227,0.1654044646003001,5.722939941424528,816
2018,2019,ESP,benchmark,pinball_0.9,0.39025512216289726,1.961178508417106,5.86372973004608,816
2018,2019,EST,benchmark,pinball_0.9,0.4141650337076159,3.7266494346688432,7.868299771745003,816
2018,2019,FIN,benchmark,pinball_0.9,0.1578308092306967,1.3497384574173736,2.928046549724341,816
2018,2019,FJI,benchmark,pinball_0.9,0.1920166453443827,-0.5819465903497587,1.3382198630940687,816
2018,2019,FRA,benchmark,pinball_0.9,0.013216610334272346,2.0274464641923657,2.1596125675350892,816
2018,2019,GAB,benchmark,pinball_0.9,0.2295253239610986,3.920808794528313,6.216062034139299,816
2018,2019,GBR,benchmark,pinball_0.9,0.3267204372258065,1.2562989976082406,4.523503369866306,816
2018,2019,GEO,benchmark,pinball_0.9,0.046219238914191677,5.380719265899515,5.842911655041432,816
2018,2019,GHA,benchmark,pinball_0.9,0.7377188144402835,6.507774793915203,13.88496293831804,816
2018,2019,GIN,benchmark,pinball_0.9,0.53747145611346,5.616914468898756,10.991629030033357,816
2018,2019,GMB,benchmark,pinball_0.9,0.0377191762600967,6.222053159948587,6.599244922549554,816
2018,2019,GNQ,benchmark,pinball_0.9,1.2604362634357504,-5.481825378934445,7.122537255423062,816
2018,2019,GRC,benchmark,pinball_0.9,0.014150020822437433,2.2771806533480827,2.418680861572457,816
2018,2019,GTM,benchmark,pinball_0.9,0.4623845294990378,4.0178983086158695,3.5041377202836053,816
2018,2019,HKG,benchmark,pinball_0.9,0.3927488726335025,-1.6724286596805626,2.255060066654463,816
2018,2019,HND,benchmark,pinball_0.9,0.1213242361062884,2.559634345923143,3.772876706986027,816
2018,2019,HRV,benchmark,pinball_0.9,0.07592501777194618,3.102472853362542,3.861723031082004,816
2018,2019,HUN,benchmark,pinball_0.9,0.8385113019363204,5.0771849508893325,4.145505726515643,816
2018,2019,IDN,benchmark,pinball_0.9,0.3332550200509231,5.019287680462824,4.649004324850687,816
2018,2019,IND,benchmark,pinball_0.9,0.41961884746736144,3.871436940705237,8.067625415378853,816
2018,2019,IRL,benchmark,pinball_0.9,0.8873004383778788,4.972880037668162,13.845884421446952,816
2018,2019,IRQ,benchmark,pinball_0.9,6.28663394580993,5.513790578938099,-1.4713582497396,816
2018,2019,ISL,benchmark,pinball_0.9,0.18929088841835076,1.1382122733688789,3.031121157552387,816
2018,2019,ISR,benchmark,pinball_0.9,0.03754857867789444,3.578987629236053,3.9544734160149977,816
2018,2019,ITA,benchmark,pinball_0.9,0.12950418512114126,0.4291625337803424,1.7242043849917552,816
2018,2019,JPN,benchmark,pinball_0.9,0.1874588285464805,-0.3084969211432593,1.566091364321546,816
2018,2019,KAZ,benchmark,pinball_0.9,0.19248697561348244,4.500000000918831,4.286125583570517,816
2018,2019,KEN,benchmark,pinball_0.9,0.8930902307145597,5.114158857678007,4.1218363791062735,816
2018,2019,KGZ,benchmark,pinball_0.9,0.4661265261597754,4.60062565707598,9.261890918673735,816
2018,2019,KHM,benchmark,pinball_0.9,0.6850739509651371,7.93695013588524,7.175756857035088,816
2018,2019,KOR,benchmark,pinball_0.9,0.05908114372849747,2.3138021059547498,2.9046135432397246,816
2018,2019,KWT,benchmark,pinball_0.9,0.6918828418872179,2.263817065957909,9.18264548483009,816
2018,2019,LBN,benchmark,pinball_0.9,0.8925831199589369,-6.9149247285102575,2.0109064710791147,816
2018,2019,LKA,benchmark,pinball_0.9,0.6156755225709034,-0.2204838868248231,5.936271338884213,816
2018,2019,LSO,benchmark,pinball_0.9,0.8670441086403661,-1.4179938308520548,7.252447255551609,816
2018,2019,LTU,benchmark,pinball_0.9,0.0024942785281856666,4.677351835304506,4.702294620586363,816
2018,2019,LUX,benchmark,pinball_0.9,0.25486700571473314,2.749320919206923,5.297990976354255,816
2018,2019,LVA,benchmark,pinball_0.9,0.35123973912503725,0.6753727718842271,4.1877701631346005,816
2018,2019,MAR,benchmark,pinball_0.9,0.2502916366537039,2.890974761370771,5.393891127907811,816
2018,2019,MDA,benchmark,pinball_0.9,0.5641260507255161,3.552314085347604,9.193574592602767,816
2018,2019,MDG,benchmark,pinball_0.9,0.28659567500984634,4.411232129095893,7.277188879194357,816
2018,2019,MDV,benchmark,pinball_0.9,0.4305121028877114,6.923059890500994,6.444713109514648,816
2018,2019,MEX,benchmark,pinball_0.9,0.45491711847545185,-0.3926905132905318,4.156480671463988,816
2018,2019,MKD,benchmark,pinball_0.9,0.04316893712519948,3.910419538401726,4.342108909653721,816
2018,2019,MLT,benchmark,pinball_0.9,0.7357449400189696,4.085055731224301,11.442505131413998,816
2018,2019,MNE,benchmark,pinball_0.9,0.45516865834547804,4.393915658215278,3.88817270449808,816
2018,2019,MOZ,benchmark,pinball_0.9,0.5885030043211013,2.3178139482147486,8.202843991425762,816
2018,2019,MUS,benchmark,pinball_0.9,0.1444517435753047,2.863949386847338,4.308466822600385,816
2018,2019,MYS,benchmark,pinball_0.9,0.06260621966239668,4.413187421295859,5.039249617919826,816
2018,2019,NAM,benchmark,pinball_0.9,0.1316602503052076,-0.8391521634193566,-0.9854413304251428,816
2018,2019,NIC,benchmark,pinball_0.9,0.7710768414636375,-2.8968698672890127,4.813898547347364,816
2018,2019,NLD,benchmark,pinball_0.9,0.08904401194332434,2.3001616053659006,3.1906017247991443,816
2018,2019,NOR,benchmark,pinball_0.9,0.052670248813608635,1.4697078195414264,1.9964103076775128,816
2018,2019,PAK,benchmark,pinball_0.9,0.3440085066850771,2.4976369294336536,5.937721996284425,816
2018,2019,PAN,benchmark,pinball_0.9,0.35116510589866656,3.102953956310856,6.614605015297522,816
2018,2019,PER,benchmark,pinball_0.9,0.34935044085812694,2.240631768750489,5.734136177331759,816
2018,2019,PHL,benchmark,pinball_0.9,0.13386735367677455,6.118525662213031,7.457199198980777,816
2018,2019,POL,benchmark,pinball_0.9,0.09814948168699525,4.58045817256199,5.561952989431942,816
2018,2019,PRT,benchmark,pinball_0.9,0.20007307713697425,2.745684326485957,4.7464150978557,816
2018,2019,PRY,benchmark,pinball_0.9,0.7674839149359332,-0.4018551006800095,7.272984048679324,816
2018,2019,PSE,benchmark,pinball_0.9,0.7088290922579891,1.3626874655806205,8.450978388160513,816
2018,2019,ROU,benchmark,pinball_0.9,0.3658730374146872,3.960289584975982,7.619019959122855,816
2018,2019,RUS,benchmark,pinball_0.9,0.2106889014110608,2.1980757138198186,4.304964727930427,816
2018,2019,RWA,benchmark,pinball_0.9,0.5321225928975487,9.286133874545428,8.694886549103707,816
2018,2019,SAU,benchmark,pinball_0.9,0.8015117801670643,1.6515892561739491,9.666707057844594,816
2018,2019,SGP,benchmark,pinball_0.9,0.6515162034108445,1.1587794730010756,7.6739415071095225,816
2018,2019,SLB,benchmark,pinball_0.9,0.2955271185602831,1.7492524448595077,4.704523630462339,816
2018,2019,SLV,benchmark,pinball_0.9,0.13153036483437652,2.437471590657836,3.7527752390016014,816
2018,2019,SVK,benchmark,pinball_0.9,0.3336186174936379,2.275899100193925,5.612085275130305,816
2018,2019,SVN,benchmark,pinball_0.9,0.14242459312967523,3.505253323819119,4.929499255115871,816
2018,2019,SWZ,benchmark,pinball_0.9,2.9316293280920864,6.431868886915737,3.1745029668134186,816
2018,2019,SYC,benchmark,pinball_0.9,0.5184937518275252,5.514292073734197,10.69922959200945,816
2018,2019,TCD,benchmark,pinball_0.9,0.5182586532643524,5.382822028748137,10.565408561391662,816
2018,2019,THA,benchmark,pinball_0.9,0.33345019623919153,2.114557796282781,5.449059758674697,816
2018,2019,TUR,benchmark,pinball_0.9,0.6606437060872858,1.3016236546450273,7.9080607155178875,816
2018,2019,TZA,benchmark,pinball_0.9,0.07450473745943079,5.799999999967227,6.545047374561535,816
2018,2019,UGA,benchmark,pinball_0.9,1.1975582018345896,6.438745032764388,5.1081248085037325,816
2018,2019,UKR,benchmark,pinball_0.9,0.6155083748520442,3.199503863541338,9.354587612061781,816
2018,2019,URY,benchmark,pinball_0.9,0.1064851229985078,0.9283510275463414,1.9932022575314197,816
2018,2019,USA,benchmark,pinball_0.9,0.4317103634382948,2.583825330522245,2.10414714892414,816
2018,2019,UZB,benchmark,pinball_0.9,0.06841002128510104,6.7933109848452204,7.477411197696231,816
2018,2019,VNM,benchmark,pinball_0.9,0.44835340515101996,7.359262701050056,6.8610922508822565,816
2018,2019,VUT,benchmark,pinball_0.9,0.13273610710210623,3.276772573803143,4.604133644824206,816
2018,2019,XKX,benchmark,pinball_0.9,0.08513065593774527,4.75680057007834,5.608107129455793,816
2018,2019,ZAF,benchmark,pinball_0.9,0.28262899927617186,0.2599355768763303,3.0862255696380494,816
2018,2019,ZMB,benchmark,pinball_0.9,0.3996639734219385,1.44130602603785,5.437945760257236,816
2018,2019,AGO,disinformation,squared_error,14.2909988734899,-1.0552341449433698,2.725109605761042,816
2018,2019,ALB,disinformation,squared_error,1.636231973723148,2.062577901761216,0.7834250673731011,816
2018,2019,ARM,disinformation,squared_error,20.304843606177453,7.599999998539175,3.093910384896604,816
2018,2019,AUS,disinformation,squared_error,0.10584962186522859,2.194017036227166,1.8686716476549154,816
2018,2019,AUT,disinformation,squared_error,0.14070507293717505,1.7549761964928765,2.13008294521539,816
2018,2019,BEL,disinformation,squared_error,0.3216030116634467,2.4428900448155986,1.8757895143419914,816
2018,2019,BGD,disinformation,squared_error,5.894458701299128,7.881915151177225,5.454064517118546,816
2018,2019,BGR,disinformation,squared_error,1.508079918063324,3.7933196458919554,2.565280591926926,816
2018,2019,BIH,disinformation,squared_error,0.9887724096971869,2.8858524208397824,1.8914820624233688,816
2018,2019,BLR,disinformation,squared_error,2.026121623766849,1.4464554820430493,0.02303649110368111,816
2018,2019,BOL,disinformation,squared_error,1.472016393269499,1.5067210266686288,2.719987853574194,816
2018,2019,BRA,disinformation,squared_error,3.4652740660316117,1.2207778236084152,3.0823024852853997,816
2018,2019,BTN,disinformation,squared_error,2.9660044519022852,5.755148512465055,4.032939334722037,816
2018,2019,BWA,disinformation,squared_error,3.7216720305030098,3.031773394546704,1.1026098373274076,816
2018,2019,CAF,disinformation,squared_error,30.50136906546229,3.0999999999999943,-2.4228044565657356,816
2018,2019,CHE,disinformation,squared_error,0.020099262991759542,1.1153218719747429,0.9735500024386479,816
2018,2019,CHL,disinformation,squared_error,4.0280963897493,0.6442234026319227,2.6512352087131177,816
2018,2019,CHN,disinformation,squared_error,2.384754172022661,6.067378063336719,4.523113133985974,816
2018,2019,CMR,disinformation,squared_error,1.1006353540666234,3.475059981949812,4.524171679561951,816
2018,2019,COG,disinformation,squared_error,5.621562318096195,1.124473919765293,3.4954573271505485,816
2018,2019,COL,disinformation,squared_error,0.11413215948219846,3.186855392455328,2.849020877519097,816
2018,2019,COM,disinformation,squared_error,1.9825139278896078,1.760780235645683,3.168797965608487,816
2018,2019,CRI,disinformation,squared_error,0.00020515900009470713,2.708139129483285,2.722462501994489,816
2018,2019,CYP,disinformation,squared_error,0.31421751076145743,5.875595833866072,6.436146911611408,816
2018,2019,CZE,disinformation,squared_error,3.427227025491231,3.5657765812826057,1.7144994476553275,816
2018,2019,DJI,disinformation,squared_error,2.711586464691321,5.545080811549781,7.191770358699249,816
2018,2019,DNK,disinformation,squared_error,1.728087095268195,1.711400939327362,3.0259682047300096,816
2018,2019,DZA,disinformation,squared_error,1.8999661385657092,0.8999999992191476,2.2783925915402574,816
2018,2019,ECU,disinformation,squared_error,0.4874444842971487,0.1654044646003001,0.8635767100363019,816
2018,2019,ESP,disinformation,squared_error,7.297237157588454,1.961178508417106,4.662518390325426,816
2018,2019,EST,disinformation,squared_error,0.4521698187893105,3.7266494346688432,3.05421369886258,816
2018,2019,FIN,disinformation,squared_error,4.563686454758623,1.3497384574173736,-0.7865401889110082,816
2018,2019,FJI,disinformation,squared_error,0.8659101289195732,-0.5819465903497587,-1.5124895119388562,816
2018,2019,FRA,disinformation,squared_error,1.308349183063467,2.0274464641923657,0.8836155400329133,816
2018,2019,GAB,disinformation,squared_error,2.4926753511376454,3.920808794528313,5.499629668198802,816
2018,2019,GBR,disinformation,squared_error,4.730843992534429,1.2562989976082406,3.4313493401369897,816
2018,2019,GEO,disinformation,squared_error,1.6957457129045628,5.380719265899515,4.078511251446923,816
2018,2019,GHA,disinformation,squared_error,0.46864279750954557,6.507774793915203,7.192349696690309,816
2018,2019,GIN,disinformation,squared_error,7.214965801598737,5.616914468898756,8.302983306735705,816
2018,2019,GMB,disinformation,squared_error,27.661251796045416,6.222053159948587,0.9626566360073259,816
2018,2019,GNQ,disinformation,squared_error,24.0153962025355,-5.481825378934445,-0.5812747769576125,816
2018,2019,GRC,disinformation,squared_error,0.8595050595040158,2.2771806533480827,1.3500856962352659,816
2018,2019,GTM,disinformation,squared_error,0.8635978676391635,4.0178983086158695,3.0885986434705712,816
2018,2019,HKG,disinformation,squared_error,1.4565985843916756,-1.6724286596805626,-0.4655323988562632,816
2018,2019,HND,disinformation,squared_error,0.018361011939524635,2.559634345923143,2.4241315343673504,816
2018,2019,HRV,disinformation,squared_error,1.0383790568279876,3.102472853362542,2.0834639933284462,816
2018,2019,HUN,disinformation,squared_error,5.331369462483916,5.0771849508893325,2.768209103790902,816
2018,2019,IDN,disinformation,squared_error,1.2899837042268207,5.019287680462824,3.8835131851395577,816
2018,2019,IND,disinformation,squared_error,9.067501594177045,3.871436940705237,6.882666190393318,816
2018,2019,IRL,disinformation,squared_error,31.769984347064018,4.972880037668162,10.609366917548574,816
2018,2019,IRQ,disinformation,squared_error,41.85392011530515,5.513790578938099,-0.9556699948118603,816
2018,2019,ISL,disinformation,squared_error,2.6144134660438154,1.1382122733688789,2.755127072003555,816
2018,2019,ISR,disinformation,squared_error,0.6879776434607954,3.578987629236053,2.7495434518131265,816
2018,2019,ITA,disinformation,squared_error,0.014028591674708914,0.4291625337803424,0.31072017786528594,816
2018,2019,JPN,disinformation,squared_error,1.4220068709609393,-0.3084969211432593,0.8839823746774016,816
2018,2019,KAZ,disinformation,squared_error,0.04385401228469675,4.500000000918831,4.2905865049719445,816
2018,2019,KEN,disinformation,squared_error,3.8872111130658564,5.114158857678007,3.1425577030156706,816
2018,2019,KGZ,disinformation,squared_error,5.689838005302023,4.60062565707598,2.215287524797451,816
2018,2019,KHM,disinformation,squared_error,9.88720528328935,7.93695013588524,4.792557462682774,816
2018,2019,KOR,disinformation,squared_error,0.9684399015233938,2.3138021059547498,1.3297086644953557,816
2018,2019,KWT,disinformation,squared_error,1.9205148550740614,2.263817065957909,0.8779906500334391,816
2018,2019,LBN,disinformation,squared_error,65.49850359962262,-6.9149247285102575,1.1781898511569933,816
2018,2019,LKA,disinformation,squared_error,31.776541183432617,-0.2204838868248231,5.416584605169275,816
2018,2019,LSO,disinformation,squared_error,37.14330129930106,-1.4179938308520548,4.676536610396152,816
2018,2019,LTU,disinformation,squared_error,6.231308680889343,4.677351835304506,2.1810928982370106,816
2018,2019,LUX,disinformation,squared_error,0.9244101566161562,2.749320919206923,3.7107834284168018,816
2018,2019,LVA,disinformation,squared_error,7.8423051817901035,0.6753727718842271,3.475784381235628,816
2018,2019,MAR,disinformation,squared_error,0.4349669313031072,2.890974761370771,3.5504949894935383,816
2018,2019,MDA,disinformation,squared_error,0.8217418268013404,3.552314085347604,4.458813851923051,816
2018,2019,MDG,disinformation,squared_error,2.2417975841947793,4.411232129095893,2.9139687640879934,816
2018,2019,MDV,disinformation,squared_error,2.689085125386975,6.923059890500994,5.283216871981546,816
2018,2019,MEX,disinformation,squared_error,7.067614281847531,-0.3926905132905318,2.26580798809094,816
2018,2019,MKD,disinformation,squared_error,1.1251446707751338,3.910419538401726,2.8496911703568557,816
2018,2019,MLT,disinformation,squared_error,6.516688889313534,4.085055731224301,6.63783635033624,816
2018,2019,MNE,disinformation,squared_error,6.91792604008274,4.393915658215278,1.7637206007941097,816
2018,2019,MOZ,disinformation,squared_error,29.66613435083069,2.3178139482147486,7.764476628318106,816
2018,2019,MUS,disinformation,squared_error,0.6121438795631284,2.863949386847338,3.6463456288904146,816
2018,2019,MYS,disinformation,squared_error,3.4411541935595866,4.413187421295859,2.5581525985608287,816
2018,2019,NAM,disinformation,squared_error,0.8825764034986986,-0.8391521634193566,0.10030321258245145,816
2018,2019,NIC,disinformation,squared_error,33.614136471799256,-2.8968698672890127,2.9009000894960324,816
2018,2019,NLD,disinformation,squared_error,0.08581095143451256,2.3001616053659006,2.0072265418543562,816
2018,2019,NOR,disinformation,squared_error,1.2669266200348959,1.4697078195414264,0.3441294704093476,816
2018,2019,PAK,disinformation,squared_error,1.7727531199197166,2.4976369294336536,3.8290846827907714,816
2018,2019,PAN,disinformation,squared_error,0.12390366432264238,3.102953956310856,3.4549534794961048,816
2018,2019,PER,disinformation,squared_error,2.959966020462965,2.240631768750489,3.961086947028309,816
2018,2019,PHL,disinformation,squared_error,0.5429763444859549,6.118525662213031,5.381656376324445,816
2018,2019,POL,disinformation,squared_error,0.2825511302801435,4.58045817256199,4.048902784779923,816
2018,2019,PRT,disinformation,squared_error,0.0068442773616058435,2.745684326485957,2.8284144743258217,816
2018,2019,PRY,disinformation,squared_error,11.518318409443555,-0.4018551006800095,2.9920097182901797,816
2018,2019,PSE,disinformation,squared_error,4.398846472017145,1.3626874655806205,3.460030182452888,816
2018,2019,ROU,disinformation,squared_error,8.038236499548649,3.960289584975982,1.1251111956063378,816
2018,2019,RUS,disinformation,squared_error,0.6046370899997485,2.1980757138198186,1.4204915768933066,816
2018,2019,RWA,disinformation,squared_error,8.740421422983822,9.286133874545428,6.329713501360345,816
2018,2019,SAU,disinformation,squared_error,3.1803553997618934,1.6515892561739491,3.4349443525476056,816
2018,2019,SGP,disinformation,squared_error,0.9950527633780659,1.1587794730010756,2.156302787705081,816
2018,2019,SLB,disinformation,squared_error,0.17401509687704406,1.7492524448595077,2.1664036127555644,816
2018,2019,SLV,disinformation,squared_error,0.05226218210632652,2.437471590657836,2.208862356141103,816
2018,2019,SVK,disinformation,squared_error,0.010211704414933184,2.275899100193925,2.3769520784525255,816
2018,2019,SVN,disinformation,squared_error,2.116309062580701,3.505253323819119,2.0504993712275814,816
2018,2019,SWZ,disinformation,squared_error,15.082446071024599,6.431868886915737,2.5482563842290182,816
2018,2019,SYC,disinformation,squared_error,2.0571319493429847,5.514292073734197,4.0800215450880195,816
2018,2019,TCD,disinformation,squared_error,0.14474705382948483,5.382822028748137,5.0023656530235545,816
2018,2019,THA,disinformation,squared_error,1.3135625230994186,2.114557796282781,0.9684502432584505,816
2018,2019,TUR,disinformation,squared_error,15.472744892622568,1.3016236546450273,5.235164666586122,816
2018,2019,TZA,disinformation,squared_error,0.005238846450404651,5.799999999967227,5.872379875971574,816
2018,2019,UGA,disinformation,squared_error,3.154669743305748,6.438745032764388,4.662606033894719,816
2018,2019,UKR,disinformation,squared_error,6.258328633023968,3.199503863541338,5.701169035586544,816
2018,2019,URY,disinformation,squared_error,0.9153904733813307,0.9283510275463414,1.885111432967328,816
2018,2019,USA,disinformation,squared_error,0.978913979997438,2.583825330522245,1.594424511845892,816
2018,2019,UZB,disinformation,squared_error,0.1313661246421196,6.7933109848452204,6.430866334392052,816
2018,2019,VNM,disinformation,squared_error,6.1434969331800104,7.359262701050056,4.880654839128367,816
2018,2019,VUT,disinformation,squared_error,0.9153042633378108,3.276772573803143,4.2334879250638044,816
2018,2019,XKX,disinformation,squared_error,2.6903673753211983,4.75680057007834,3.1165666308729603,816
2018,2019,ZAF,disinformation,squared_error,2.618115036006343,0.2599355768763303,1.877994610411987,816
2018,2019,ZMB,disinformation,squared_error,12.08854171622192,1.44130602603785,4.9181640496306915,816
2018,2019,AGO,disinformation,pinball_0.1,3.790239596711305,-1.0552341449433698,3.156143184735858,816
2018,2019,ALB,disinformation,pinball_0.1,0.20125484432690843,2.062577901761216,0.050029458492131695,816
2018,2019,ARM,disinformation,pinball_0.1,0.9135620139207884,7.599999998539175,-1.535620140668708,816
2018,2019,AUS,disinformation,pinball_0.1,0.08338525473409213,2.194017036227166,2.286667319265046,816
2018,2019,AUT,disinformation,pinball_0.1,0.1688504945130126,1.7549761964928765,1.9425878570628905,816
2018,2019,BEL,disinformation,pinball_0.1,0.12076453395002638,2.4428900448155986,1.2352447053153348,816
2018,2019,BGD,disinformation,pinball_0.1,0.24979844067031287,7.881915151177225,5.383930744474096,816
2018,2019,BGR,disinformation,pinball_0.1,0.15085621091223295,3.7933196458919554,2.284757536769626,816
2018,2019,BIH,disinformation,pinball_0.1,0.2850450804555163,2.8858524208397824,0.035401616284619575,816
2018,2019,BLR,disinformation,pinball_0.1,0.43023432427222774,1.4464554820430493,-2.855887760679228,816
2018,2019,BOL,disinformation,pinball_0.1,1.4405878165637267,1.5067210266686288,3.1073741561838806,816
2018,2019,BRA,disinformation,pinball_0.1,0.49847024351231534,1.2207778236084152,1.77463364973321,816
2018,2019,BTN,disinformation,pinball_0.1,0.2807097945977552,5.755148512465055,2.9480505664875034,816
2018,2019,BWA,disinformation,pinball_0.1,0.6765677628912543,3.031773394546704,-3.7339042343658386,816
2018,2019,CAF,disinformation,pinball_0.1,3.576250310164782,3.0999999999999943,-32.66250310164782,816
2018,2019,CHE,disinformation,pinball_0.1,0.16283136378346566,1.1153218719747429,-0.5129917658599137,816
2018,2019,CHL,disinformation,pinball_0.1,0.7150286446345107,0.6442234026319227,1.4386996744480456,816
2018,2019,CHN,disinformation,pinball_0.1,0.12867794946180275,6.067378063336719,4.780598568718691,816
2018,2019,CMR,disinformation,pinball_0.1,1.0813616628544929,3.475059981949812,4.676572940677026,816
2018,2019,COG,disinformation,pinball_0.1,0.2681244344374852,1.124473919765293,-1.5567704246095584,816
2018,2019,COL,disinformation,pinball_0.1,0.1606791851482055,3.186855392455328,1.5800635409732728,816
2018,2019,COM,disinformation,pinball_0.1,0.40329372624632764,1.760780235645683,2.2088843759193804,816
2018,2019,CRI,disinformation,pinball_0.1,0.2134467707430559,2.708139129483285,0.5736714220527261,816
2018,2019,CYP,disinformation,pinball_0.1,0.5946736724887386,5.875595833866072,-0.07114089102131294,816
2018,2019,CZE,disinformation,pinball_0.1,0.2518192599920244,3.5657765812826057,1.0475839813623615,816
2018,2019,DJI,disinformation,pinball_0.1,1.2458274787477062,5.545080811549781,6.929333565713899,816
2018,2019,DNK,disinformation,pinball_0.1,0.004011320819031639,1.711400939327362,1.6712877311370455,816
2018,2019,DZA,disinformation,pinball_0.1,0.016816938795365523,0.8999999992191476,0.7318306112654924,816
2018,2019,ECU,disinformation,pinball_0.1,0.29782356594601506,0.1654044646003001,-2.81283119485985,816
2018,2019,ESP,disinformation,pinball_0.1,0.5059074557625642,1.961178508417106,2.523297903708844,816
2018,2019,EST,disinformation,pinball_0.1,0.2854335556952358,3.7266494346688432,0.8723138777164854,816
2018,2019,FIN,disinformation,pinball_0.1,0.959108099136156,1.3497384574173736,-8.241342533944186,816
2018,2019,FJI,disinformation,pinball_0.1,0.14246748647089974,-0.5819465903497587,-2.006621455058756,816
2018,2019,FRA,disinformation,pinball_0.1,0.1968418137178447,2.0274464641923657,0.05902832701391869,816
2018,2019,GAB,disinformation,pinball_0.1,0.1033580711212394,3.920808794528313,2.887228083315919,816
2018,2019,GBR,disinformation,pinball_0.1,0.5091181915528836,1.2562989976082406,1.8219858771114446,816
2018,2019,GEO,disinformation,pinball_0.1,0.060914385691198274,5.380719265899515,4.771575408987532,816
2018,2019,GHA,disinformation,pinball_0.1,0.36916143104976257,6.507774793915203,2.816160483417578,816
2018,2019,GIN,disinformation,pinball_0.1,0.23393090030441954,5.616914468898756,3.2776054658545606,816
2018,2019,GMB,disinformation,pinball_0.1,1.5165922189877301,6.222053159948587,-8.943869029928713,816
2018,2019,GNQ,disinformation,pinball_0.1,0.1623674293606718,-5.481825378934445,-7.105499672541163,816
2018,2019,GRC,disinformation,pinball_0.1,0.6434670373053804,2.2771806533480827,-4.157489719705721,816
2018,2019,GTM,disinformation,pinball_0.1,0.5088448556841046,4.0178983086158695,4.583281481598208,816
2018,2019,HKG,disinformation,pinball_0.1,0.4516768989288639,-1.6724286596805626,-1.1705654386484916,816
2018,2019,HND,disinformation,pinball_0.1,1.089333322366863,2.559634345923143,3.7700047041085463,816
2018,2019,HRV,disinformation,pinball_0.1,0.4536944163166184,3.102472853362542,-1.4344713098036417,816
2018,2019,HUN,disinformation,pinball_0.1,0.41743443883425163,5.0771849508893325,0.9028405625468165,816
2018,2019,IDN,disinformation,pinball_0.1,0.04916144179567308,5.019287680462824,4.527673262506093,816
2018,2019,IND,disinformation,pinball_0.1,3.763699872421204,3.871436940705237,8.053325687839909,816
2018,2019,IRL,disinformation,pinball_0.1,0.21094188653737014,4.972880037668162,2.8634611722944605,816
2018,2019,IRQ,disinformation,pinball_0.1,0.5451620969399817,5.513790578938099,0.06216960953828243,816
2018,2019,ISL,disinformation,pinball_0.1,1.5270137047587284,1.1382122733688789,2.8348941675452437,816
2018,2019,ISR,disinformation,pinball_0.1,0.20525099321487136,3.578987629236053,1.5264776970873397,816
2018,2019,ITA,disinformation,pinball_0.1,0.1169023404020237,0.4291625337803424,-0.7398608702398946,816
2018,2019,JPN,disinformation,pinball_0.1,0.39799071314245604,-0.3084969211432593,0.13371498234835855,816
2018,2019,KAZ,disinformation,pinball_0.1,0.08130794288924759,4.500000000918831,3.6869205720263554,816
2018,2019,KEN,disinformation,pinball_0.1,0.16153913594490477,5.114158857678007,3.498767498228959,816
2018,2019,KGZ,disinformation,pinball_0.1,1.0414250426386038,4.60062565707598,-5.813624769310057,816
2018,2019,KHM,disinformation,pinball_0.1,0.43998855010861954,7.93695013588524,3.5370646347990453,816
2018,2019,KOR,disinformation,pinball_0.1,0.40640324563086444,2.3138021059547498,-1.7502303503538945,816
2018,2019,KWT,disinformation,pinball_0.1,0.4130291889214925,2.263817065957909,-1.8664748232570156,816
2018,2019,LBN,disinformation,pinball_0.1,7.019067625435645,-6.9149247285102575,0.8840392997515707,816
2018,2019,LKA,disinformation,pinball_0.1,3.4626650725992865,-0.2204838868248231,3.6269217493966064,816
2018,2019,LSO,disinformation,pinball_0.1,1.3806035199638522,-1.4179938308520548,0.11601008021889214,816
2018,2019,LTU,disinformation,pinball_0.1,0.34489992906338274,4.677351835304506,1.2283525446706793,816
2018,2019,LUX,disinformation,pinball_0.1,0.13432050890779196,2.749320919206923,1.4061158301290035,816
2018,2019,LVA,disinformation,pinball_0.1,1.6028626218093411,0.6753727718842271,2.4563312405612727,816
2018,2019,MAR,disinformation,pinball_0.1,0.30191836750570383,2.890974761370771,-0.1282089136862674,816
2018,2019,MDA,disinformation,pinball_0.1,0.12372152955190625,3.552314085347604,2.3150987898285416,816
2018,2019,MDG,disinformation,pinball_0.1,0.6140923606731468,4.411232129095893,-1.7296914776355745,816
2018,2019,MDV,disinformation,pinball_0.1,0.21006618997949467,6.923059890500994,4.8223979907060475,816
2018,2019,MEX,disinformation,pinball_0.1,1.8009481654374064,-0.3926905132905318,1.608363003862142,816
2018,2019,MKD,disinformation,pinball_0.1,0.2221399354556288,3.910419538401726,1.6890201838454382,816
2018,2019,MLT,disinformation,pinball_0.1,0.43987582350799476,4.085055731224301,-0.31370250385564624,816
2018,2019,MNE,disinformation,pinball_0.1,0.5820160965274027,4.393915658215278,-1.4262453070587502,816
2018,2019,MOZ,disinformation,pinball_0.1,4.275195616827844,2.3178139482147486,7.0680313002456865,816
2018,2019,MUS,disinformation,pinball_0.1,0.601486296574662,2.863949386847338,3.532267494152518,816
2018,2019,MYS,disinformation,pinball_0.1,0.3116966288544557,4.413187421295859,1.2962211327513025,816
2018,2019,NAM,disinformation,pinball_0.1,2.837035258214993,-0.8391521634193566,2.3131092345973023,816
2018,2019,NIC,disinformation,pinball_0.1,4.971490174241627,-2.8968698672890127,2.627008104090573,816
2018,2019,NLD,disinformation,pinball_0.1,0.2155872354065556,2.3001616053659006,0.14428925130034465,816
2018,2019,NOR,disinformation,pinball_0.1,0.2400036860151163,1.4697078195414264,-0.9303290406097364,816
2018,2019,PAK,disinformation,pinball_0.1,0.46147983933279535,2.4976369294336536,3.010392306470093,816
2018,2019,PAN,disinformation,pinball_0.1,0.052575305517736176,3.102953956310856,2.5772009011334944,816
2018,2019,PER,disinformation,pinball_0.1,1.5191426283612348,2.240631768750489,3.9285680224851944,816
2018,2019,PHL,disinformation,pinball_0.1,0.5095937757381346,6.118525662213031,1.0225879048316857,816
2018,2019,POL,disinformation,pinball_0.1,0.2899021257966578,4.58045817256199,4.902571645669387,816
2018,2019,PRT,disinformation,pinball_0.1,0.309121292622229,2.745684326485957,-0.34552859973633243,816
2018,2019,PRY,disinformation,pinball_0.1,2.5753671618044924,-0.4018551006800095,2.4596639679916485,816
2018,2019,PSE,disinformation,pinball_0.1,0.13414235014820872,1.3626874655806205,0.02126396409853326,816
2018,2019,ROU,disinformation,pinball_0.1,0.503848710314687,3.960289584975982,-1.0781975181708878,816
2018,2019,RUS,disinformation,pinball_0.1,0.30586584691326896,2.1980757138198186,-0.860582755312871,816
2018,2019,RWA,disinformation,pinball_0.1,0.38082526231522595,9.286133874545428,5.4778812513931685,816
2018,2019,SAU,disinformation,pinball_0.1,0.9401683439029391,1.6515892561739491,2.696220749399437,816
2018,2019,SGP,disinformation,pinball_0.1,0.5957013376843462,1.1587794730010756,1.8206698482059047,816
2018,2019,SLB,disinformation,pinball_0.1,0.21000966750146788,1.7492524448595077,-0.35084423015517086,816
2018,2019,SLV,disinformation,pinball_0.1,0.023035864116801988,2.437471590657836,2.207112949489816,816
2018,2019,SVK,disinformation,pinball_0.1,0.06275908659013517,2.275899100193925,1.6483082342925734,816
2018,2019,SVN,disinformation,pinball_0.1,0.5410018459190521,3.505253323819119,-1.9047651353714015,816
2018,2019,SWZ,disinformation,pinball_0.1,0.43797013306617805,6.431868886915737,2.0521675562539565,816
2018,2019,SYC,disinformation,pinball_0.1,0.7116728978066414,5.514292073734197,-1.6024369043322175,816
2018,2019,TCD,disinformation,pinball_0.1,0.5452405642683354,5.382822028748137,-0.06958361393521706,816
2018,2019,THA,disinformation,pinball_0.1,0.3235914430204383,2.114557796282781,-1.121356633921602,816
2018,2019,TUR,disinformation,pinball_0.1,0.10852094869991893,1.3016236546450273,1.422202486533826,816
2018,2019,TZA,disinformation,pinball_0.1,0.09833408552597885,5.799999999967227,4.8166591447074385,816
2018,2019,UGA,disinformation,pinball_0.1,0.2463700963511292,6.438745032764388,3.9750440692530957,816
2018,2019,UKR,disinformation,pinball_0.1,0.4211884853928883,3.199503863541338,-1.0123809903875447,816
2018,2019,URY,disinformation,pinball_0.1,0.6688859427194924,0.9283510275463414,1.6715576305679996,816
2018,2019,USA,disinformation,pinball_0.1,0.8804034382010082,2.583825330522245,3.56205137296781,816
2018,2019,UZB,disinformation,pinball_0.1,0.10142225118821013,6.7933109848452204,5.779088472963119,816
2018,2019,VNM,disinformation,pinball_0.1,0.46523962475031144,7.359262701050056,2.706866453546942,816
2018,2019,VUT,disinformation,pinball_0.1,0.1475354843517259,3.276772573803143,1.801417730285884,816
2018,2019,XKX,disinformation,pinball_0.1,0.47026244680179197,4.75680057007834,0.05417610206042056,816
2018,2019,ZAF,disinformation,pinball_0.1,0.011738139272988413,0.2599355768763303,0.14255418414644616,816
2018,2019,ZMB,disinformation,pinball_0.1,2.686712160484961,1.44130602603785,4.4265417599100285,816
2018,2019,AGO,disinformation,pinball_0.5,1.1714244708641042,-1.0552341449433698,1.2876147967848386,816
2018,2019,ALB,disinformation,pinball_0.5,0.7891447121453621,2.062577901761216,0.48428847747049186,816
2018,2019,ARM,disinformation,pinball_0.5,2.0955764215028205,7.599999998539175,3.4088471555335342,816
2018,2019,AUS,disinformation,pinball_0.5,0.19212743397179555,2.194017036227166,1.8097621682835747,816
2018,2019,AUT,disinformation,pinball_0.5,0.16529910159153605,1.7549761964928765,2.0855743996759486,816
2018,2019,BEL,disinformation,pinball_0.5,0.48371084320216484,2.4428900448155986,1.4754683584112689,816
2018,2019,BGD,disinformation,pinball_0.5,0.7943862148856331,7.881915151177225,6.2931427214059585,816
2018,2019,BGR,disinformation,pinball_0.5,0.5833941841224708,3.7933196458919554,2.6265312776470138,816
2018,2019,BIH,disinformation,pinball_0.5,0.49019920627693003,2.8858524208397824,1.9054540082859224,816
2018,2019,BLR,disinformation,pinball_0.5,0.8700286927149812,1.4464554820430493,3.1865128674730117,816
2018,2019,BOL,disinformation,pinball_0.5,1.189007699763077,1.5067210266686288,3.8847364261947828,816
2018,2019,BRA,disinformation,pinball_0.5,1.1223583178379979,1.2207778236084152,3.465494459284411,816
2018,2019,BTN,disinformation,pinball_0.5,0.09773909581075646,5.755148512465055,5.5596703208435425,816
2018,2019,BWA,disinformation,pinball_0.5,0.7946017336218767,3.031773394546704,4.620976861790457,816
2018,2019,CAF,disinformation,pinball_0.5,0.28292190882728896,3.0999999999999943,3.6658438176545722,816
2018,2019,CHE,disinformation,pinball_0.5,0.040064346503716486,1.1153218719747429,1.1954505649821758,816
2018,2019,CHL,disinformation,pinball_0.5,1.2969013169026615,0.6442234026319227,3.2380260364372457,816
2018,2019,CHN,disinformation,pinball_0.5,0.4495431178771838,6.067378063336719,5.168291827582351,816
2018,2019,CMR,disinformation,pinball_0.5,0.7235317049410765,3.475059981949812,4.922123391831965,816
2018,2019,COG,disinformation,pinball_0.5,0.9823691983649466,1.124473919765293,3.0892123164951864,816
2018,2019,COL,disinformation,pinball_0.5,0.11005592580542856,3.186855392455328,2.9667435408444707,816
2018,2019,COM,disinformation,pinball_0.5,1.0422842711537896,1.760780235645683,3.8453487779532622,816
2018,2019,CRI,disinformation,pinball_0.5,0.6072683959482721,2.708139129483285,3.9226759213798292,816
2018,2019,CYP,disinformation,pinball_0.5,0.03178486721823859,5.875595833866072,5.812026099429595,816
2018,2019,CZE,disinformation,pinball_0.5,0.9883796634241038,3.5657765812826057,1.5890172544343981,816
2018,2019,DJI,disinformation,pinball_0.5,0.8202275684935008,5.545080811549781,7.185535948536782,816
2018,2019,DNK,disinformation,pinball_0.5,0.5638661830501883,1.711400939327362,2.8391333054277386,816
2018,2019,DZA,disinformation,pinball_0.5,0.524328825336055,0.8999999992191476,1.9486576498912576,816
2018,2019,ECU,disinformation,pinball_0.5,0.9580554318794241,0.1654044646003001,2.0815153283591483,816
2018,2019,ESP,disinformation,pinball_0.5,0.9390077969110262,1.961178508417106,3.8391941022391585,816
2018,2019,EST,disinformation,pinball_0.5,0.24005908288961209,3.7266494346688432,3.246531268889619,816
2018,2019,FIN,disinformation,pinball_0.5,0.6126640290563872,1.3497384574173736,0.1244103993045993,816
2018,2019,FJI,disinformation,pinball_0.5,0.21953733719521518,-0.5819465903497587,-0.14287191595932835,816
2018,2019,FRA,disinformation,pinball_0.5,0.6843330391966962,2.0274464641923657,0.6587803857989734,816
2018,2019,GAB,disinformation,pinball_0.5,0.8637421261057205,3.920808794528313,5.648293046739754,816
2018,2019,GBR,disinformation,pinball_0.5,0.9873415296863337,1.2562989976082406,3.230982056980908,816
2018,2019,GEO,disinformation,pinball_0.5,0.5781753955280138,5.380719265899515,4.224368474843487,816
2018,2019,GHA,disinformation,pinball_0.5,0.9798337421484566,6.507774793915203,8.467442278212117,816
2018,2019,GIN,disinformation,pinball_0.5,2.5269118654338403,5.616914468898756,10.670738199766436,816
2018,2019,GMB,disinformation,pinball_0.5,2.221860080637267,6.222053159948587,1.7783329986740526,816
2018,2019,GNQ,disinformation,pinball_0.5,0.5046347043651878,-5.481825378934445,-4.47255597020407,816
2018,2019,GRC,disinformation,pinball_0.5,0.26642122479688446,2.2771806533480827,2.8100231029418516,816
2018,2019,GTM,disinformation,pinball_0.5,0.4118571549544918,4.0178983086158695,3.194183998706886,816
2018,2019,HKG,disinformation,pinball_0.5,1.1979064750779895,-1.6724286596805626,0.7233842904754164,816
2018,2019,HND,disinformation,pinball_0.5,0.23712778953674807,2.559634345923143,3.033889924996639,816
2018,2019,HRV,disinformation,pinball_0.5,0.2199456213916362,3.102472853362542,2.6625816105792697,816
2018,2019,HUN,disinformation,pinball_0.5,0.9325050040563858,5.0771849508893325,3.212174942776561,816
2018,2019,IDN,disinformation,pinball_0.5,0.25290711278272715,5.019287680462824,4.51347345489737,816
2018,2019,IND,disinformation,pinball_0.5,2.1003426294681375,3.871436940705237,8.072122199641512,816
2018,2019,IRL,disinformation,pinball_0.5,1.5136785091274945,4.972880037668162,8.00023705592315,816
2018,2019,IRQ,disinformation,pinball_0.5,3.1970424793727084,5.513790578938099,-0.8802943798073171,816
2018,2019,ISL,disinformation,pinball_0.5,0.8966105187591773,1.1382122733688789,2.9314333108872335,816
2018,2019,ISR,disinformation,pinball_0.5,0.3625169638122059,3.578987629236053,2.8539537016116414,816
2018,2019,ITA,disinformation,pinball_0.5,0.23272474843086988,0.4291625337803424,0.8946120306420822,816
2018,2019,JPN,disinformation,pinball_0.5,0.6331477450209473,-0.3084969211432593,0.9577985688986352,816
2018,2019,KAZ,disinformation,pinball_0.5,0.08531839021753962,4.500000000918831,4.329363220483752,816
2018,2019,KEN,disinformation,pinball_0.5,0.3592877836262609,5.114158857678007,4.395583290425485,816
2018,2019,KGZ,disinformation,pinball_0.5,0.390318894224877,4.60062565707598,3.8199878686262263,816
2018,2019,KHM,disinformation,pinball_0.5,1.513706646185324,7.93695013588524,4.9095368435145925,816
2018,2019,KOR,disinformation,pinball_0.5,0.09655642897757133,2.3138021059547498,2.120689247999607,816
2018,2019,KWT,disinformation,pinball_0.5,1.3123544950870283,2.263817065957909,-0.3608919242161477,816
2018,2019,LBN,disinformation,pinball_0.5,4.1028732292463665,-6.9149247285102575,1.290821729982476,816
2018,2019,LKA,disinformation,pinball_0.5,2.85007546630949,-0.2204838868248231,5.479667045794157,816
2018,2019,LSO,disinformation,pinball_0.5,2.7786710019839926,-1.4179938308520548,4.1393481731159305,816
2018,2019,LTU,disinformation,pinball_0.5,1.247327668186654,4.677351835304506,2.182696498931198,816
2018,2019,LUX,disinformation,pinball_0.5,0.05435766508560569,2.749320919206923,2.8580362493781344,816
2018,2019,LVA,disinformation,pinball_0.5,1.1998266655535914,0.6753727718842271,3.07502610299141,816
2018,2019,MAR,disinformation,pinball_0.5,0.837599639305874,2.890974761370771,4.566174039982519,816
2018,2019,MDA,disinformation,pinball_0.5,0.5527143625762425,3.552314085347604,4.657742810500089,816
2018,2019,MDG,disinformation,pinball_0.5,0.9313765397533427,4.411232129095893,2.548479049589208,816
2018,2019,MDV,disinformation,pinball_0.5,1.0052794715933038,6.923059890500994,4.912500947314387,816
2018,2019,MEX,disinformation,pinball_0.5,1.204764533976138,-0.3926905132905318,2.016838554661744,816
2018,2019,MKD,disinformation,pinball_0.5,0.4947670850125834,3.910419538401726,2.920885368376559,816
2018,2019,MLT,disinformation,pinball_0.5,1.016919507140741,4.085055731224301,6.118894745505783,816
2018,2019,MNE,disinformation,pinball_0.5,0.9689148602610751,4.393915658215278,2.4560859376931274,816
2018,2019,MOZ,disinformation,pinball_0.5,1.9375043199035202,2.3178139482147486,6.192822588021789,816
2018,2019,MUS,disinformation,pinball_0.5,0.458955893055927,2.863949386847338,3.781861172959192,816
2018,2019,MYS,disinformation,pinball_0.5,0.12503977613167283,4.413187421295859,4.163107869032514,816
2018,2019,NAM,disinformation,pinball_0.5,0.2507774423957101,-0.8391521634193566,-0.3375972786279364,816
2018,2019,NIC,disinformation,pinball_0.5,3.24605197403616,-2.8968698672890127,3.5952340807833076,816
2018,2019,NLD,disinformation,pinball_0.5,0.08069911075706138,2.3001616053659006,2.138763383851778,816
2018,2019,NOR,disinformation,pinball_0.5,0.39866771723583616,1.4697078195414264,0.672372385069754,816
2018,2019,PAK,disinformation,pinball_0.5,0.5825479462154362,2.4976369294336536,3.662732821864526,816
2018,2019,PAN,disinformation,pinball_0.5,0.3106503563655003,3.102953956310856,3.7242546690418568,816
2018,2019,PER,disinformation,pinball_0.5,0.6441667473306321,2.240631768750489,3.528965263411753,816
2018,2019,PHL,disinformation,pinball_0.5,0.16847301201388643,6.118525662213031,5.781579638185258,816
2018,2019,POL,disinformation,pinball_0.5,0.44688105223571606,4.58045817256199,3.6866960680905576,816
2018,2019,PRT,disinformation,pinball_0.5,0.17913262370005345,2.745684326485957,3.103949573886064,816
2018,2019,PRY,disinformation,pinball_0.5,2.1758621620021126,-0.4018551006800095,3.9498692233242156,816
2018,2019,PSE,disinformation,pinball_0.5,1.4715360459759523,1.3626874655806205,4.305759557532525,816
2018,2019,ROU,disinformation,pinball_0.5,1.2758291504399237,3.960289584975982,1.4086312840961344,816
2018,2019,RUS,disinformation,pinball_0.5,0.12504129221593707,2.1980757138198186,1.9479931293879444,816
2018,2019,RWA,disinformation,pinball_0.5,1.7869585711673421,9.286133874545428,5.712216732210743,816
2018,2019,SAU,disinformation,pinball_0.5,0.8159819117856013,1.6515892561739491,3.2835530797451518,816
2018,2019,SGP,disinformation,pinball_0.5,0.8466970009519843,1.1587794730010756,2.8521734749050442,816
2018,2019,SLB,disinformation,pinball_0.5,0.5517345072133888,1.7492524448595077,2.8527214592862853,816
2018,2019,SLV,disinformation,pinball_0.5,0.12018835224234437,2.437471590657836,2.197094886173147,816
2018,2019,SVK,disinformation,pinball_0.5,0.13699379889479535,2.275899100193925,2.0019115024043344,816
2018,2019,SVN,disinformation,pinball_0.5,0.6181201921268884,3.505253323819119,2.269012939565342,816
2018,2019,SWZ,disinformation,pinball_0.5,1.866137947508546,6.431868886915737,2.699592991898645,816
2018,2019,SYC,disinformation,pinball_0.5,1.7414034539837178,5.514292073734197,2.031485165766761,816
2018,2019,TCD,disinformation,pinball_0.5,0.23103927352713294,5.382822028748137,5.844900575802403,816
2018,2019,THA,disinformation,pinball_0.5,0.20681549875296512,2.114557796282781,2.5281887937887113,816
2018,2019,TUR,disinformation,pinball_0.5,2.0832510028736975,1.3016236546450273,5.468125660392422,816
2018,2019,TZA,disinformation,pinball_0.5,0.6291886662210575,5.799999999967227,7.058377332409342,816
2018,2019,UGA,disinformation,pinball_0.5,0.7211254789290993,6.438745032764388,4.996494074906189,816
2018,2019,UKR,disinformation,pinball_0.5,1.8362471093544381,3.199503863541338,6.871998082250214,816
2018,2019,URY,disinformation,pinball_0.5,0.5772337168556358,0.9283510275463414,2.082818461257613,816
2018,2019,USA,disinformation,pinball_0.5,0.5001013170788289,2.583825330522245,1.5836226963645874,816
2018,2019,UZB,disinformation,pinball_0.5,0.16960512220696344,6.7933109848452204,6.454100740431294,816
2018,2019,VNM,disinformation,pinball_0.5,0.9568810221261805,7.359262701050056,5.445500656797695,816
2018,2019,VUT,disinformation,pinball_0.5,0.4969082227975141,3.276772573803143,4.270589019398171,816
2018,2019,XKX,disinformation,pinball_0.5,0.1502826648322202,4.75680057007834,4.4562352404139,816
2018,2019,ZAF,disinformation,pinball_0.5,0.6342049790338908,0.2599355768763303,1.528345534944112,816
2018,2019,ZMB,disinformation,pinball_0.5,1.7527622964216505,1.44130602603785,4.946830618881151,816
2018,2019,AGO,disinformation,pinball_0.9,0.13028487638974887,-1.0552341449433698,0.24761461895411907,816
2018,2019,ALB,disinformation,pinball_0.9,0.12262781602634047,2.062577901761216,3.288856062024621,816
2018,2019,ARM,disinformation,pinball_0.9,0.3510092681702182,7.599999998539175,7.209989700572266,816
2018,2019,AUS,disinformation,pinball_0.9,0.032350805468796644,2.194017036227166,2.5175250909151323,816
2018,2019,AUT,disinformation,pinball_0.9,0.07078275338731657,1.7549761964928765,2.4628037303660424,816
2018,2019,BEL,disinformation,pinball_0.9,0.034021979125265694,2.4428900448155986,2.7831098360682556,816
2018,2019,BGD,disinformation,pinball_0.9,1.29832977434675,7.881915151177225,6.439326513014169,816
2018,2019,BGR,disinformation,pinball_0.9,0.5814293002704066,3.7933196458919554,3.147287090035948,816
2018,2019,BIH,disinformation,pinball_0.9,0.13728236068754948,2.8858524208397824,4.2586760277152775,816
2018,2019,BLR,disinformation,pinball_0.9,0.14603199109349152,1.4464554820430493,2.906775392977965,816
2018,2019,BOL,disinformation,pinball_0.9,0.31197773011933383,1.5067210266686288,4.626498327861968,816
2018,2019,BRA,disinformation,pinball_0.9,0.2525549641978971,1.2207778236084152,3.7463274655873864,816
2018,2019,BTN,disinformation,pinball_0.9,0.20881371971230692,5.755148512465055,7.843285709588125,816
2018,2019,BWA,disinformation,pinball_0.9,0.2632082725884125,3.031773394546704,5.66385612043083,816
2018,2019,CAF,disinformation,pinball_0.9,0.41387955675924115,3.0999999999999943,7.2387955675924065,816
2018,2019,CHE,disinformation,pinball_0.9,0.16429688650133004,1.1153218719747429,2.7582907369880436,816
2018,2019,CHL,disinformation,pinball_0.9,0.4380709462921488,0.6442234026319227,5.024932865553412,816
2018,2019,CHN,disinformation,pinball_0.9,0.0580283438096833,6.067378063336719,6.647661501433552,816
2018,2019,CMR,disinformation,pinball_0.9,0.17588288590578888,3.475059981949812,5.233888841007701,816
2018,2019,COG,disinformation,pinball_0.9,0.9734684816512544,1.124473919765293,10.85915873627784,816
2018,2019,COL,disinformation,pinball_0.9,0.2712944506313084,3.186855392455328,5.899799898768412,816
2018,2019,COM,disinformation,pinball_0.9,0.2684104394177844,1.760780235645683,4.444884629823528,816
2018,2019,CRI,disinformation,pinball_0.9,0.16527211422767857,2.708139129483285,4.360860271760071,816
2018,2019,CYP,disinformation,pinball_0.9,0.25678046156059536,5.875595833866072,8.443400449472026,816
2018,2019,CZE,disinformation,pinball_0.9,0.09187570212844783,3.5657765812826057,4.484533602567084,816
2018,2019,DJI,disinformation,pinball_0.9,0.2101664827340708,5.545080811549781,7.646745638890489,816
2018,2019,DNK,disinformation,pinball_0.9,0.1539930508311431,1.711400939327362,3.251331447638793,816
2018,2019,DZA,disinformation,pinball_0.9,0.30917991410286155,0.8999999992191476,3.991799140247764,816
2018,2019,ECU,disinformation,pinball_0.9,0.5768934298324113,0.1654044646003001,5.934338762924415,816
2018,2019,ESP,disinformation,pinball_0.9,0.3572972964664521,1.961178508417106,5.534151473081628,816
2018,2019,EST,disinformation,pinball_0.9,0.36660290629857395,3.7266494346688432,7.392678497654583,816
2018,2019,FIN,disinformation,pinball_0.9,0.15522851408341543,1.3497384574173736,2.902023598251528,816
2018,2019,FJI,disinformation,pinball_0.9,0.18026985683789384,-0.5819465903497587,1.2207519780291802,816
2018,2019,FRA,disinformation,pinball_0.9,0.01046149868883268,2.0274464641923657,2.1320614510806926,816
2018,2019,GAB,disinformation,pinball_0.9,0.244043885392806,3.920808794528313,6.361247648456374,816
2018,2019,GBR,disinformation,pinball_0.9,0.3020167296058886,1.2562989976082406,4.276466293667127,816
2018,2019,GEO,disinformation,pinball_0.9,0.04275449289144343,5.380719265899515,5.808264194813949,816
2018,2019,GHA,disinformation,pinball_0.9,0.728014649216098,6.507774793915203,13.787921286076186,816
2018,2019,GIN,disinformation,pinball_0.9,0.5370542039152302,5.616914468898756,10.987456508051059,816
2018,2019,GMB,disinformation,pinball_0.9,0.1759731460208854,6.222053159948587,7.981784620157441,816
2018,2019,GNQ,disinformation,pinball_0.9,1.2599619257583412,-5.481825378934445,7.117793878648969,816
2018,2019,GRC,disinformation,pinball_0.9,0.018689493761881643,2.2771806533480827,2.464075590966899,816
2018,2019,GTM,disinformation,pinball_0.9,0.7876952421319402,4.0178983086158695,3.1426813729137137,816
2018,2019,HKG,disinformation,pinball_0.9,0.39819757812059847,-1.6724286596805626,2.309547121525423,816
2018,2019,HND,disinformation,pinball_0.9,0.08819510625330794,2.559634345923143,3.4415854084562225,816
2018,2019,HRV,disinformation,pinball_0.9,0.06958213042266961,3.102472853362542,3.7982941575892384,816
2018,2019,HUN,disinformation,pinball_0.9,1.4628877349448854,5.0771849508893325,3.451754134283904,816
2018,2019,IDN,disinformation,pinball_0.9,0.3411881346487579,5.019287680462824,4.640189753075315,816
2018,2019,IND,disinformation,pinball_0.9,0.3897888158305748,3.871436940705237,7.7693250990109854,816
2018,2019,IRL,disinformation,pinball_0.9,0.8301735103836639,4.972880037668162,13.274615141504803,816
2018,2019,IRQ,disinformation,pinball_0.9,6.186059933494505,5.513790578938099,-1.359609347166906,816
2018,2019,ISL,disinformation,pinball_0.9,0.18999122179456301,1.1382122733688789,3.0381244913145093,816
2018,2019,ISR,disinformation,pinball_0.9,0.03497474901391352,3.578987629236053,3.9287351193751885,816
2018,2019,ITA,disinformation,pinball_0.9,0.1158678568927275,0.4291625337803424,1.5878411027076176,816
2018,2019,JPN,disinformation,pinball_0.9,0.1918001030823461,-0.3084969211432593,1.609504109680202,816
2018,2019,KAZ,disinformation,pinball_0.9,0.23329434867598248,4.500000000918831,4.240784057945517,816
2018,2019,KEN,disinformation,pinball_0.9,0.762009029181178,5.114158857678007,4.267482158587809,816
2018,2019,KGZ,disinformation,pinball_0.9,0.4817568198180342,4.60062565707598,9.418193855256323,816
2018,2019,KHM,disinformation,pinball_0.9,0.5743812643367899,7.93695013588524,7.298748731066585,816
2018,2019,KOR,disinformation,pinball_0.9,0.1003969634317533,2.3138021059547498,3.317771740272283,816
2018,2019,KWT,disinformation,pinball_0.9,0.6320922225157773,2.263817065957909,8.584739291115683,816
2018,2019,LBN,disinformation,pinball_0.9,0.8871715648750642,-6.9149247285102575,1.956790920240386,816
2018,2019,LKA,disinformation,pinball_0.9,0.6605018525848307,-0.2204838868248231,6.384534639023486,816
2018,2019,LSO,disinformation,pinball_0.9,0.8641108807383212,-1.4179938308520548,7.223114976531159,816
2018,2019,LTU,disinformation,pinball_0.9,0.00014679390228984342,4.677351835304506,4.678819774327405,816
2018,2019,LUX,disinformation,pinball_0.9,0.2655191248153946,2.749320919206923,5.40451216736087,816
2018,2019,LVA,disinformation,pinball_0.9,0.3384693647734059,0.6753727718842271,4.060066419618287,816
2018,2019,MAR,disinformation,pinball_0.9,0.25267970295341063,2.890974761370771,5.417771790904878,816
2018,2019,MDA,disinformation,pinball_0.9,0.5431880866013326,3.552314085347604,8.98419495136093,816
2018,2019,MDG,disinformation,pinball_0.9,0.2647396000778151,4.411232129095893,7.0586281298740445,816
2018,2019,MDV,disinformation,pinball_0.9,0.39679596671760475,6.923059890500994,6.482175483036989,816
2018,2019,MEX,disinformation,pinball_0.9,0.44594473943094987,-0.3926905132905318,4.066756881018968,816
2018,2019,MKD,disinformation,pinball_0.9,0.03215921995492214,3.910419538401726,4.232011737950947,816
2018,2019,MLT,disinformation,pinball_0.9,0.7208337757574655,4.085055731224301,11.293393488798959,816
2018,2019,MNE,disinformation,pinball_0.9,1.097711761394477,4.393915658215278,3.1742359233325255,816
2018,2019,MOZ,disinformation,pinball_0.9,0.5971975149525192,2.3178139482147486,8.289789097739941,816
2018,2019,MUS,disinformation,pinball_0.9,0.1321413833728078,2.863949386847338,4.185363220575416,816
2018,2019,MYS,disinformation,pinball_0.9,0.06080331665108306,4.413187421295859,5.02122058780669,816
2018,2019,NAM,disinformation,pinball_0.9,0.3667503015105517,-0.8391521634193566,-1.2466524984310807,816
2018,2019,NIC,disinformation,pinball_0.9,0.7734191727924306,-2.8968698672890127,4.837321860635295,816
2018,2019,NLD,disinformation,pinball_0.9,0.052433180405696056,2.3001616053659006,2.8244934094228613,816
2018,2019,NOR,disinformation,pinball_0.9,0.05850325349516495,1.4697078195414264,2.054740354493076,816
2018,2019,PAK,disinformation,pinball_0.9,0.3361651666284424,2.4976369294336536,5.859288595718079,816
2018,2019,PAN,disinformation,pinball_0.9,0.3785045265687772,3.102953956310856,6.887999221998629,816
2018,2019,PER,disinformation,pinball_0.9,0.34870496769224757,2.240631768750489,5.727681445672966,816
2018,2019,PHL,disinformation,pinball_0.9,0.12062905927198064,6.118525662213031,7.324816254932838,816
2018,2019,POL,disinformation,pinball_0.9,0.06272192078211976,4.58045817256199,5.2076773803831875,816
2018,2019,PRT,disinformation,pinball_0.9,0.17776888155412762,2.745684326485957,4.523373142027234,816
2018,2019,PRY,disinformation,pinball_0.9,0.7320008112346827,-0.4018551006800095,6.91815301166682,816
2018,2019,PSE,disinformation,pinball_0.9,0.7380468913990355,1.3626874655806205,8.743156379570976,816
2018,2019,ROU,disinformation,pinball_0.9,0.327810348992329,3.960289584975982,7.238393074899273,816
2018,2019,RUS,disinformation,pinball_0.9,0.14735044828389232,2.1980757138198186,3.6715801966587422,816
2018,2019,RWA,disinformation,pinball_0.9,0.4074387598232573,9.286133874545428,8.833424141408475,816
2018,2019,SAU,disinformation,pinball_0.9,0.7412564883778865,1.6515892561739491,9.064154139952816,816
2018,2019,SGP,disinformation,pinball_0.9,0.6572293757037999,1.1587794730010756,7.731073230039076,816
2018,2019,SLB,disinformation,pinball_0.9,0.29618415185165087,1.7492524448595077,4.711093963376017,816
2018,2019,SLV,disinformation,pinball_0.9,0.11284669508562441,2.437471590657836,3.5659385415140803,816
2018,2019,SVK,disinformation,pinball_0.9,0.31409079039797033,2.275899100193925,5.416807004173629,816
2018,2019,SVN,disinformation,pinball_0.9,0.12806300438095988,3.505253323819119,4.785883367628718,816
2018,2019,SWZ,disinformation,pinball_0.9,2.8898565813030848,6.431868886915737,3.2209171299123094,816
2018,2019,SYC,disinformation,pinball_0.9,0.5724324803155758,5.514292073734197,11.238616876889957,816
2018,2019,TCD,disinformation,pinball_0.9,0.5309836138386497,5.382822028748137,10.692658167134635,816
2018,2019,THA,disinformation,pinball_0.9,0.3227285546322782,2.114557796282781,5.341843342605563,816
2018,2019,TUR,disinformation,pinball_0.9,0.6536833874708988,1.3016236546450273,7.838457529354017,816
2018,2019,TZA,disinformation,pinball_0.9,0.06525542735814367,5.799999999967227,6.452554273548664,816
2018,2019,UGA,disinformation,pinball_0.9,1.3070515976273016,6.438745032764388,4.9864654798451635,816
2018,2019,UKR,disinformation,pinball_0.9,0.5185115234157271,3.199503863541338,8.38461909769861,816
2018,2019,URY,disinformation,pinball_0.9,0.10002757054670075,0.9283510275463414,1.928626733013349,816
2018,2019,USA,disinformation,pinball_0.9,1.1085960069783505,2.583825330522245,1.3520519894351892,816
2018,2019,UZB,disinformation,pinball_0.9,0.08903607817923775,6.7933109848452204,7.683671766637598,816
2018,2019,VNM,disinformation,pinball_0.9,0.3481192284036676,7.359262701050056,6.972463558379315,816
2018,2019,VUT,disinformation,pinball_0.9,0.13536420351110007,3.276772573803143,4.630414608914144,816
2018,2019,XKX,disinformation,pinball_0.9,0.089821872652592,4.75680057007834,5.6550192966042605,816
2018,2019,ZAF,disinformation,pinball_0.9,0.2630106958677492,0.2599355768763303,2.890042535553823,816
2018,2019,ZMB,disinformation,pinball_0.9,0.3872840493794755,1.44130602603785,5.314146519832606,816
2019,2020,AGO,benchmark,squared_error,57.18499153595643,-5.2734912830000695,2.288584591781697,936
2019,2020,ALB,benchmark,squared_error,18.0621108263256,-3.313756368889159,0.9361978457260531,936
2019,2020,ARE,benchmark,squared_error,121.03168865042352,-8.69343363776639,2.3080066611409995,936
2019,2020,ARM,benchmark,squared_error,115.89539899282619,-7.199999999206312,3.565472540019552,936
2019,2020,AUS,benchmark,squared_error,4.135570101818689,-0.1335319043047746,1.9000782111841037,936
2019,2020,AUT,benchmark,squared_error,67.46108689605252,-6.318255092099363,1.8952147529814924,936
2019,2020,BEL,benchmark,squared_error,39.23459728575798,-4.7929839083518,1.4707687436738186,936
2019,2020,BGD,benchmark,squared_error,6.669426736592379,3.448017551224453,6.030540878629721,936
2019,2020,BGR,benchmark,squared_error,22.57750051702269,-3.133235431259166,1.6183433081728857,936
2019,2020,BIH,benchmark,squared_error,24.321569288376075,-3.0150933546043888,1.9165969528232865,936
2019,2020,BLR,benchmark,squared_error,0.018803055077262126,-0.6727429185858682,-0.5356186863099421,936
2019,2020,BOL,benchmark,squared_error,242.6478600553417,-12.719469009271748,2.857689269931225,936
2019,2020,BRA,benchmark,squared_error,30.24888418699905,-3.276758796473601,2.223139765045425,936
2019,2020,BTN,benchmark,squared_error,204.24738708029264,-10.21839742085686,4.073117092318174,936
2019,2020,BWA,benchmark,squared_error,121.77464796333014,-8.728882439963968,2.3062726547019032,936
2019,2020,CAF,benchmark,squared_error,13.352626232362068,0.899999996857062,-2.754124553888584,936
2019,2020,CHE,benchmark,squared_error,10.86672071254371,-2.255257942510596,1.0412130057223337,936
2019,2020,CHL,benchmark,squared_error,68.4844733928281,-6.139696941188603,2.135837687633156,936
2019,2020,CHN,benchmark,squared_error,6.787309199673205,2.3395038520302336,4.944750327831171,936
2019,2020,CMR,benchmark,squared_error,19.444875357563696,0.2599329159071146,4.669567295032406,936
2019,2020,COG,benchmark,squared_error,86.36048862126908,-6.267772279632254,3.0252621344474155,936
2019,2020,COL,benchmark,squared_error,107.66486340591118,-7.185914137608592,3.190253912587548,936
2019,2020,COM,benchmark,squared_error,14.729109655084475,-0.1955568419187585,3.6422953771074607,936
2019,2020,CRI,benchmark,squared_error,53.05879052016159,-4.141593405743578,3.142553113936102,936
2019,2020,CYP,benchmark,squared_error,113.75291617896654,-3.220630186375672,7.444871029177516,936
2019,2020,CZE,benchmark,squared_error,49.62577694094915,-5.30487955463876,1.739676992153178,936
2019,2020,DJI,benchmark,squared_error,36.36186866018782,1.202115172896896,7.232195492443877,936
2019,2020,DNK,benchmark,squared_error,22.735308645709747,-1.7801060183129067,2.9880496676635637,936
2019,2020,DZA,benchmark,squared_error,53.094119447362694,-4.999999999085972,2.28657117310213,936
2019,2020,ECU,benchmark,squared_error,126.67123420302367,-9.245096191658646,2.0097354020625007,936
2019,2020,ESP,benchmark,squared_error,235.97678236968633,-10.94007063503706,4.421465172612068,936
2019,2020,EST,benchmark,squared_error,36.571315591009515,-2.883807514837784,3.163614712112267,936
2019,2020,FIN,benchmark,squared_error,5.75783790303403,-2.491036055357071,-0.09148653450236921,936
2019,2020,FJI,benchmark,squared_error,242.0243260307453,-17.183535259935383,-1.626404225237974,936
2019,2020,FRA,benchmark,squared_error,66.80513099160528,-7.4406458994823055,0.7327946852167271,936
2019,2020,GAB,benchmark,squared_error,47.339820427825934,-1.8377610635094044,5.042632851654606,936
2019,2020,GBR,benchmark,squared_error,176.8951212543628,-10.047896637361958,3.2522958896040635,936
2019,2020,GEO,benchmark,squared_error,102.62688920419848,-6.2904717853839,3.840021253170466,936
2019,2020,GHA,benchmark,squared_error,43.43285160070199,0.5139416706281708,7.104302176753916,936
2019,2020,GIN,benchmark,squared_error,10.244663853773929,4.70459096113575,7.905319605331307,936
2019,2020,GMB,benchmark,squared_error,2.5906175877444375,0.5914872878739743,2.2010268455563686,936
2019,2020,GNQ,benchmark,squared_error,22.588707596210796,-4.791080833832936,-0.03832294012419002,936
2019,2020,GRC,benchmark,squared_error,124.1215297149517,-9.196231497269778,1.9447527373008686,936
2019,2020,GTM,benchmark,squared_error,20.400807749839334,-1.7855511757046545,2.731174159074884,936
2019,2020,HKG,benchmark,squared_error,49.51529255836112,-6.544796405293667,0.491913945314856,936
2019,2020,HND,benchmark,squared_error,127.24591778421923,-8.965082232672955,2.315250997521056,936
2019,2020,HRV,benchmark,squared_error,109.83043482116142,-8.31046995309319,2.169531708221631,936
2019,2020,HUN,benchmark,squared_error,36.56635986596007,-4.338725400240577,1.7082870741933953,936
2019,2020,IDN,benchmark,squared_error,35.95674635990858,-2.065511829341645,3.930882617316161,936
2019,2020,IND,benchmark,squared_error,150.86425863746754,-5.77772470687303,6.504956541025067,936
2019,2020,IRL,benchmark,squared_error,1.8781854606290211,7.153695057353346,8.524164123268013,936
2019,2020,IRQ,benchmark,squared_error,207.4772125025346,-12.036793096045416,2.3672762075414906,936
2019,2020,ISL,benchmark,squared_error,99.52805152877079,-6.64587810456635,3.33049656405806,936
2019,2020,ISR,benchmark,squared_error,27.0150497915789,-1.8020692795346636,3.3955311082961384,936
2019,2020,ITA,benchmark,squared_error,78.23795704539316,-8.868221221853446,-0.022998949609905672,936
2019,2020,JPN,benchmark,squared_error,28.767004498574487,-4.283279426755726,1.0802086638970803,936
2019,2020,KAZ,benchmark,squared_error,44.19054713779437,-2.499999996279996,4.147597098745722,936
2019,2020,KEN,benchmark,squared_error,15.952332181080072,-0.2727663274388163,3.721270750641465,936
2019,2020,KGZ,benchmark,squared_error,92.63123140090495,-7.1489775772795525,2.4755344311759906,936
2019,2020,KHM,benchmark,squared_error,69.63866551345355,-3.555721934065488,4.789256526868581,936
2019,2020,KOR,benchmark,squared_error,6.329619831337834,-0.7002423175421058,1.8156312546665285,936
2019,2020,KWT,benchmark,squared_error,24.823516093916325,-4.817315933815848,0.16500441858184978,936
2019,2020,LBN,benchmark,squared_error,548.2890049983138,-21.399899691432125,2.0156721571970198,936
2019,2020,LKA,benchmark,squared_error,88.9197178171699,-4.6245150371271535,4.805210187775739,936
2019,2020,LSO,benchmark,squared_error,133.52269658100545,-8.155957854599109,3.3992442890678474,936
2019,2020,LTU,benchmark,squared_error,5.152290647066986,0.0428158336981425,2.3126816110222084,936
2019,2020,LUX,benchmark,squared_error,14.792021028988525,-0.5100516340398258,3.3359880211104596,936
2019,2020,LVA,benchmark,squared_error,46.825028599924465,-3.4692275078055417,3.3736540928013596,936
2019,2020,MAR,benchmark,squared_error,125.47204949796313,-7.178207442467738,4.0232232473130605,936
2019,2020,MDA,benchmark,squared_error,134.02657542017946,-8.275978319769493,3.301006409432644,936
2019,2020,MDG,benchmark,squared_error,105.05045727536908,-7.137671620644895,3.1117409125381217,936
2019,2020,MDV,benchmark,squared_error,1533.6659435200502,-32.908828775292136,6.25321845822274,936
2019,2020,MEX,benchmark,squared_error,117.48594015897561,-8.354034593790615,2.485058549040828,936
2019,2020,MKD,benchmark,squared_error,53.42015977285028,-4.688450009566523,2.62045960629618,936
2019,2020,MLT,benchmark,squared_error,132.04052249414514,-3.4572823253741944,8.033606347576438,936
2019,2020,MNE,benchmark,squared_error,271.84678248710253,-14.99261870235334,1.4951580576316914,936
2019,2020,MNG,benchmark,squared_error,153.61762383696708,-4.557751975834307,7.836505720250887,936
2019,2020,MOZ,benchmark,squared_error,70.11258427264802,-1.2195225001119212,7.153803259265174,936
2019,2020,MUS,benchmark,squared_error,362.65942005085674,-14.197435813779151,4.846183066330182,936
2019,2020,MYS,benchmark,squared_error,59.8685217839113,-5.456846584267012,2.2806285713578056,936
2019,2020,NAM,benchmark,squared_error,69.94263911729242,-8.10140201443319,0.26176957996163064,936
2019,2020,NIC,benchmark,squared_error,41.67328739940011,-2.236541762623233,4.21894330043749,936
2019,2020,NLD,benchmark,squared_error,39.40870890854804,-3.867997141916078,2.409638472592624,936
2019,2020,NOR,benchmark,squared_error,6.109313035879998,-1.3605572326158608,1.1111452243720343,936
2019,2020,NPL,benchmark,squared_error,72.36662945151987,-2.369620629207205,6.137237160336468,936
2019,2020,PAK,benchmark,squared_error,29.54311766746231,-1.2740874433870886,4.161270655897844,936
2019,2020,PAN,benchmark,squared_error,491.99067280877074,-17.821117407460235,4.359745353234418,936
2019,2020,PER,benchmark,squared_error,215.99116153155146,-10.933306501038231,3.763331261781926,936
2019,2020,PHL,benchmark,squared_error,227.30510476893178,-9.518294740452973,5.558346290258471,936
2019,2020,POL,benchmark,squared_error,30.007681215709624,-2.035568823999768,3.4423579020262043,936
2019,2020,PRT,benchmark,squared_error,118.57578057649994,-8.204631593243874,2.6846190961516054,936
2019,2020,PRY,benchmark,squared_error,12.639785275160285,-0.8197853909719157,2.7354621777861707,936
2019,2020,PSE,benchmark,squared_error,241.0286679084672,-11.318466106513355,4.206631893450033,936
2019,2020,ROU,benchmark,squared_error,25.538305864326098,-3.598025460347571,1.455518431252273,936
2019,2020,RUS,benchmark,squared_error,15.309100516540399,-2.6536544969545304,1.2590300694960286,936
2019,2020,RWA,benchmark,squared_error,67.93762301290701,-2.7771048551512507,5.465323367945812,936
2019,2020,SAU,benchmark,squared_error,44.6720473484002,-3.804789019963124,2.878926065855556,936
2019,2020,SGP,benchmark,squared_error,49.026392743745944,-3.610842817299286,3.391042124896347,936
2019,2020,SLB,benchmark,squared_error,41.37266046662718,-3.381259258394053,3.0508990470759842,936
2019,2020,SLV,benchmark,squared_error,104.01591941004806,-7.8931013598670035,2.305718150745392,936
2019,2020,SVK,benchmark,squared_error,23.1168383451858,-2.585512417332069,2.222484914737262,936
2019,2020,SVN,benchmark,squared_error,47.66504027366482,-4.085000949428959,2.8189863241445385,936
2019,2020,SWE,benchmark,squared_error,13.889363010057906,-1.9337970403221616,1.793046531664447,936
2019,2020,SWZ,benchmark,squared_error,32.95395485191523,-2.951834534092868,2.788718997746656,936
2019,2020,SYC,benchmark,squared_error,256.8809555085015,-11.739860828173192,4.287645387969773,936
2019,2020,TCD,benchmark,squared_error,24.491677244866473,-0.3936465823803985,4.5552600892862305,936
2019,2020,THA,benchmark,squared_error,55.74705614363014,-6.093063129669531,1.3733319940585282,936
2019,2020,TUR,benchmark,squared_error,23.17733220455423,1.803062470872547,6.617346654897648,936
2019,2020,TZA,benchmark,squared_error,15.62219143709429,1.9919646064785468,5.9444564074939885,936
2019,2020,UGA,benchmark,squared_error,1.3915654123237098,2.951306422180977,4.130952730327495,936
2019,2020,UKR,benchmark,squared_error,72.41883837820318,-3.752817939831616,4.757107934005546,936
2019,2020,URY,benchmark,squared_error,73.54054055849578,-7.357327068973007,1.2182510782130929,936
2019,2020,USA,benchmark,squared_error,13.297417925895695,-2.081375977796,1.5651865029378342,936
2019,2020,UZB,benchmark,squared_error,26.903617558431435,1.621622816404482,6.808492542783913,936
2019,2020,VNM,benchmark,squared_error,6.9616268915076285,2.865413209122721,5.503902718578392,936
2019,2020,VUT,benchmark,squared_error,86.881257312348,-5.725302820738506,3.5957087827489618,936
2019,2020,XKX,benchmark,squared_error,79.70211253085574,-5.34027547826166,3.587328485336622,936
2019,2020,ZAF,benchmark,squared_error,71.82539256758317,-6.1689177146757,2.3060685724862537,936
2019,2020,ZMB,benchmark,squared_error,52.828529974738984,-2.7850550654516724,4.483268673536498,936
2019,2020,AGO,benchmark,pinball_0.1,6.600655504938242,-5.2734912830000695,2.0605703891535323,936
2019,2020,ALB,benchmark,pinball_0.1,2.8319332518653364,-3.313756368889159,-0.16716386681656314,936
2019,2020,ARE,benchmark,pinball_0.1,10.749894121767095,-8.69343363776639,3.250893164197049,936
2019,2020,ARM,benchmark,pinball_0.1,5.799746283298103,-7.199999999206312,-0.7558374622084207,936
2019,2020,AUS,benchmark,pinball_0.1,1.262878018121566,-0.1335319043047746,1.2696658936080762,936
2019,2020,AUT,benchmark,pinball_0.1,6.311622742727712,-6.318255092099363,0.6946590664869832,936
2019,2020,BEL,benchmark,pinball_0.1,4.2092556176061455,-4.7929839083518,-0.1160332221227498,936
2019,2020,BGD,benchmark,pinball_0.1,1.9991617685412577,3.448017551224453,5.6693084051591836,936
2019,2020,BGR,benchmark,pinball_0.1,2.1517347163469482,-3.133235431259166,-0.7424190797625569,936
2019,2020,BIH,benchmark,pinball_0.1,1.5862821828060183,-3.0150933546043888,-1.252557595931035,936
2019,2020,BLR,benchmark,pinball_0.1,0.3721565359594754,-0.6727429185858682,-4.394308278180622,936
2019,2020,BOL,benchmark,pinball_0.1,14.406852662269634,-12.719469009271748,3.2881450599167326,936
2019,2020,BRA,benchmark,pinball_0.1,0.6414873768404123,-3.276758796473601,-2.5639950444286983,936
2019,2020,BTN,benchmark,pinball_0.1,11.329975065912189,-10.21839742085686,2.370463763490017,936
2019,2020,BWA,benchmark,pinball_0.1,4.9983651575353845,-8.728882439963968,-3.1751433760357632,936
2019,2020,CAF,benchmark,pinball_0.1,3.570126420876716,0.899999996857062,-34.801264211910095,936
2019,2020,CHE,benchmark,pinball_0.1,1.0443347670769723,-2.255257942510596,-1.094885979091738,936
2019,2020,CHL,benchmark,pinball_0.1,5.784277502682537,-6.139696941188603,0.28727806179199256,936
2019,2020,CHN,benchmark,pinball_0.1,2.8673164441340635,2.3395038520302336,5.525411012179193,936
2019,2020,CMR,benchmark,pinball_0.1,3.6588767077404354,0.2599329159071146,4.325351480063154,936
2019,2020,COG,benchmark,pinball_0.1,3.1111727935991254,-6.267772279632254,-2.8109136200776703,936
2019,2020,COL,benchmark,pinball_0.1,8.027030079796868,-7.185914137608592,1.7330081732768159,936
2019,2020,COM,benchmark,pinball_0.1,2.0641168637560723,-0.1955568419187585,2.097906340032433,936
2019,2020,CRI,benchmark,pinball_0.1,5.667951447146066,-4.141593405743578,2.156130424418718,936
2019,2020,CYP,benchmark,pinball_0.1,2.5683991680978786,-3.220630186375672,-0.366853332933585,936
2019,2020,CZE,benchmark,pinball_0.1,3.819989545354615,-5.30487955463876,-1.0604467264669666,936
2019,2020,DJI,benchmark,pinball_0.1,5.113202277548678,1.202115172896896,6.883451036839871,936
2019,2020,DNK,benchmark,pinball_0.1,3.173633633362055,-1.7801060183129067,1.7461535743115988,936
2019,2020,DZA,benchmark,pinball_0.1,5.370042529518955,-4.999999999085972,0.9667139226017554,936
2019,2020,ECU,benchmark,pinball_0.1,7.8687644063434385,-9.245096191658646,-0.5020246290548256,936
2019,2020,ESP,benchmark,pinball_0.1,12.177661921434513,-10.94007063503706,2.590664833223511,936
2019,2020,EST,benchmark,pinball_0.1,3.275898049179603,-2.883807514837784,0.7560792064728856,936
2019,2020,FIN,benchmark,pinball_0.1,0.9086150563491224,-2.491036055357071,-1.481463770524713,936
2019,2020,FJI,benchmark,pinball_0.1,11.543000523012083,-17.183535259935383,-4.35797912325529,936
2019,2020,FRA,benchmark,pinball_0.1,6.576501939803819,-7.4406458994823055,-0.13342152192250634,936
2019,2020,GAB,benchmark,pinball_0.1,3.852417712623765,-1.8377610635094044,2.4427030616281122,936
2019,2020,GBR,benchmark,pinball_0.1,10.493900058206588,-10.047896637361958,1.6119923162009173,936
2019,2020,GEO,benchmark,pinball_0.1,7.580426747738978,-6.2904717853839,2.1322246009927435,936
2019,2020,GHA,benchmark,pinball_0.1,2.586270683553189,0.5139416706281708,3.387575763465047,936
2019,2020,GIN,benchmark,pinball_0.1,0.11123014833318856,4.70459096113575,3.5922894778038645,936
2019,2020,GMB,benchmark,pinball_0.1,0.38242071914912845,0.5914872878739743,-3.23271990361731,936
2019,2020,GNQ,benchmark,pinball_0.1,0.13815350003046403,-4.791080833832936,-6.172615834137576,936
2019,2020,GRC,benchmark,pinball_0.1,3.267835188586964,-9.196231497269778,-5.56530350995093,936
2019,2020,GTM,benchmark,pinball_0.1,3.1103183354025656,-1.7855511757046545,1.670358085853752,936
2019,2020,HKG,benchmark,pinball_0.1,5.55798943423833,-6.544796405293667,-0.36925258947330075,936
2019,2020,HND,benchmark,pinball_0.1,9.269120822104044,-8.965082232672955,1.3339409029982052,936
2019,2020,HRV,benchmark,pinball_0.1,5.943710176473675,-8.31046995309319,-1.7063475347891068,936
2019,2020,HUN,benchmark,pinball_0.1,1.6664071570585994,-4.338725400240577,-2.4871618923976886,936
2019,2020,IDN,benchmark,pinball_0.1,5.923153925637673,-2.065511829341645,4.515770310255769,936
2019,2020,IND,benchmark,pinball_0.1,11.258286986572454,-5.77772470687303,6.731483055985251,936
2019,2020,IRL,benchmark,pinball_0.1,0.5201966648268789,7.153695057353346,1.9517284090845575,936
2019,2020,IRQ,benchmark,pinball_0.1,10.20586015343746,-12.036793096045416,-0.6969484811149065,936
2019,2020,ISL,benchmark,pinball_0.1,8.06002613098311,-6.64587810456635,2.309706485414881,936
2019,2020,ISR,benchmark,pinball_0.1,3.2410516217288836,-1.8020692795346636,1.7990991890529848,936
2019,2020,ITA,benchmark,pinball_0.1,6.193765476324315,-8.868221221853446,-1.9862595814930957,936
2019,2020,JPN,benchmark,pinball_0.1,4.268249444005708,-4.283279426755726,0.4592199554728378,936
2019,2020,KAZ,benchmark,pinball_0.1,5.4740341967978665,-2.499999996279996,3.5822602223843,936
2019,2020,KEN,benchmark,pinball_0.1,3.2751086075665037,-0.2727663274388163,3.3662432365239656,936
2019,2020,KGZ,benchmark,pinball_0.1,2.6495134097418114,-7.1489775772795525,-4.20507378867754,936
2019,2020,KHM,benchmark,pinball_0.1,5.976367757957702,-3.555721934065488,3.0846866858875135,936
2019,2020,KOR,benchmark,pinball_0.1,2.0816452362508207,-0.7002423175421058,1.612696833847695,936
2019,2020,KWT,benchmark,pinball_0.1,0.010939862513607325,-4.817315933815848,-4.926714558951922,936
2019,2020,LBN,benchmark,pinball_0.1,19.221054043304758,-21.399899691432125,-0.04317297664906006,936
2019,2020,LKA,benchmark,pinball_0.1,7.190293316610006,-4.6245150371271535,3.3646997591061867,936
2019,2020,LSO,benchmark,pinball_0.1,6.341490855647151,-8.155957854599109,-1.1098569038800523,936
2019,2020,LTU,benchmark,pinball_0.1,0.7252076803464941,0.0428158336981425,0.8486021451942469,936
2019,2020,LUX,benchmark,pinball_0.1,1.5086157197430696,-0.5100516340398258,1.1661880545635848,936
2019,2020,LVA,benchmark,pinball_0.1,5.30716376371274,-3.4692275078055417,2.427621118541947,936
2019,2020,MAR,benchmark,pinball_0.1,7.239698983953914,-7.178207442467738,0.865902539703278,936
2019,2020,MDA,benchmark,pinball_0.1,7.810371741944817,-8.275978319769493,0.4022125046136371,936
2019,2020,MDG,benchmark,pinball_0.1,5.486989618695094,-7.137671620644895,-1.041016488761457,936
2019,2020,MDV,benchmark,pinball_0.1,33.71843728436671,-32.908828775292136,4.556101540670872,936
2019,2020,MEX,benchmark,pinball_0.1,7.919000957579684,-8.354034593790615,0.4448553590756992,936
2019,2020,MKD,benchmark,pinball_0.1,5.313824356048224,-4.688450009566523,1.2157992749315034,936
2019,2020,MLT,benchmark,pinball_0.1,4.814835830392995,-3.4572823253741944,1.8925352639513555,936
2019,2020,MNE,benchmark,pinball_0.1,10.126110755724698,-14.99261870235334,-3.741384529325898,936
2019,2020,MNG,benchmark,pinball_0.1,9.395275132451191,-4.557751975834307,5.881442615778127,936
2019,2020,MOZ,benchmark,pinball_0.1,6.250078542844975,-1.2195225001119212,5.7250092141602735,936
2019,2020,MUS,benchmark,pinball_0.1,17.030357713241184,-14.197435813779151,4.725183867599941,936
2019,2020,MYS,benchmark,pinball_0.1,5.812443157038636,-5.456846584267012,1.0014235902203614,936
2019,2020,NAM,benchmark,pinball_0.1,7.403899399061176,-8.10140201443319,0.12515287341255998,936
2019,2020,NIC,benchmark,pinball_0.1,1.758980673889829,-2.236541762623233,-0.282118791634534,936
2019,2020,NLD,benchmark,pinball_0.1,3.3752503364357715,-3.867997141916078,-0.11771899032077604,936
2019,2020,NOR,benchmark,pinball_0.1,0.8822045556787096,-1.3605572326158608,-0.38032994852840574,936
2019,2020,NPL,benchmark,pinball_0.1,6.418059020917549,-2.369620629207205,4.761556060701182,936
2019,2020,PAK,benchmark,pinball_0.1,3.3977637922222725,-1.2740874433870886,2.5012056590821032,936
2019,2020,PAN,benchmark,pinball_0.1,19.70531065203739,-17.821117407460235,4.073672205914644,936
2019,2020,PER,benchmark,pinball_0.1,11.973536657191318,-10.933306501038231,2.3706231180632322,936
2019,2020,PHL,benchmark,pinball_0.1,9.216138000801685,-9.518294740452973,0.7218585937711206,936
2019,2020,POL,benchmark,pinball_0.1,2.2592893858552485,-2.035568823999768,0.47475271583939715,936
2019,2020,PRT,benchmark,pinball_0.1,7.851027466751853,-8.204631593243874,0.5187322587026284,936
2019,2020,PRY,benchmark,pinball_0.1,1.430536475211746,-0.8197853909719157,0.7696995814855798,936
2019,2020,PSE,benchmark,pinball_0.1,10.778825836167275,-11.318466106513355,0.6580070447836159,936
2019,2020,ROU,benchmark,pinball_0.1,1.946873555413497,-3.598025460347571,-1.4348326209992412,936
2019,2020,RUS,benchmark,pinball_0.1,0.6002040273987277,-2.6536544969545304,-1.9867611331781663,936
2019,2020,RWA,benchmark,pinball_0.1,6.111127456100422,-2.7771048551512507,4.013036762738107,936
2019,2020,SAU,benchmark,pinball_0.1,4.434555426031473,-3.804789019963124,1.1224947867385122,936
2019,2020,SGP,benchmark,pinball_0.1,5.7104786177405655,-3.610842817299286,2.734133424634676,936
2019,2020,SLB,benchmark,pinball_0.1,3.6089609418541215,-3.381259258394053,0.6286973436660821,936
2019,2020,SLV,benchmark,pinball_0.1,8.291295362312747,-7.8931013598670035,1.3194490427027148,936
2019,2020,SVK,benchmark,pinball_0.1,1.6701418890892716,-2.585512417332069,-0.7297992072328783,936
2019,2020,SVN,benchmark,pinball_0.1,2.4508538447813253,-4.085000949428959,-1.3618300107830423,936
2019,2020,SWE,benchmark,pinball_0.1,3.3330586774849196,-1.9337970403221616,1.7696014902166377,936
2019,2020,SWZ,benchmark,pinball_0.1,3.6364096834865944,-2.951834534092868,1.0886206697811258,936
2019,2020,SYC,benchmark,pinball_0.1,11.68959879866534,-11.739860828173192,1.2485822814549628,936
2019,2020,TCD,benchmark,pinball_0.1,0.2299801751881134,-0.3936465823803985,-2.6934483342615323,936
2019,2020,THA,benchmark,pinball_0.1,2.4568556060485633,-6.093063129669531,-3.3632235673933497,936
2019,2020,TUR,benchmark,pinball_0.1,1.8594132574692104,1.803062470872547,3.8690772013938917,936
2019,2020,TZA,benchmark,pinball_0.1,2.299072921304629,1.9919646064785468,4.546490074594801,936
2019,2020,UGA,benchmark,pinball_0.1,0.04365817666131116,2.951306422180977,2.5147246555678655,936
2019,2020,UKR,benchmark,pinball_0.1,0.1359890712866942,-3.752817939831616,-5.112708652698558,936
2019,2020,URY,benchmark,pinball_0.1,7.351160514452478,-7.357327068973007,0.8106290581964131,936
2019,2020,USA,benchmark,pinball_0.1,1.086470315402366,-2.081375977796,-0.8741867384600379,936
2019,2020,UZB,benchmark,pinball_0.1,3.578502496018777,1.621622816404482,5.59773670086979,936
2019,2020,VNM,benchmark,pinball_0.1,1.5759638641671494,2.865413209122721,4.616484169308443,936
2019,2020,VUT,benchmark,pinball_0.1,7.275048975005337,-5.725302820738506,2.358084929267424,936
2019,2020,XKX,benchmark,pinball_0.1,6.0111888043872765,-5.34027547826166,1.3388231932797585,936
2019,2020,ZAF,benchmark,pinball_0.1,6.592932711650682,-6.1689177146757,1.1565630760472791,936
2019,2020,ZMB,benchmark,pinball_0.1,5.898467692133853,-2.7850550654516724,3.768797925808163,936
2019,2020,AGO,benchmark,pinball_0.5,3.357892290111169,-5.2734912830000695,1.4422932972222684,936
2019,2020,ALB,benchmark,pinball_0.5,2.0091884228068393,-3.313756368889159,0.7046204767245201,936
2019,2020,ARE,benchmark,pinball_0.5,5.383024432835008,-8.69343363776639,2.072615227903625,936
2019,2020,ARM,benchmark,pinball_0.5,5.307929622537831,-7.199999999206312,3.415859245869348,936
2019,2020,AUS,benchmark,pinball_0.5,0.9955552159357142,-0.1335319043047746,1.8575785275666536,936
2019,2020,AUT,benchmark,pinball_0.5,4.255815074396828,-6.318255092099363,2.193375056694293,936
2019,2020,BEL,benchmark,pinball_0.5,3.0657872929818493,-4.7929839083518,1.338590677611898,936
2019,2020,BGD,benchmark,pinball_0.5,1.566629034877963,3.448017551224453,6.581275620980379,936
2019,2020,BGR,benchmark,pinball_0.5,2.48789550850124,-3.133235431259166,1.8425555857433138,936
2019,2020,BIH,benchmark,pinball_0.5,2.6367118734719077,-3.0150933546043888,2.2583303923394267,936
2019,2020,BLR,benchmark,pinball_0.5,1.4874878098919169,-0.6727429185858682,2.3022327011979655,936
2019,2020,BOL,benchmark,pinball_0.5,8.163818573463473,-12.719469009271748,3.6081681376551966,936
2019,2020,BRA,benchmark,pinball_0.5,2.616385357720992,-3.276758796473601,1.9560119189683833,936
2019,2020,BTN,benchmark,pinball_0.5,7.6630933526656,-10.21839742085686,5.107789284474339,936
2019,2020,BWA,benchmark,pinball_0.5,6.553496537497757,-8.728882439963968,4.378110635031547,936
2019,2020,CAF,benchmark,pinball_0.5,1.039607607262489,0.899999996857062,2.97921521138204,936
2019,2020,CHE,benchmark,pinball_0.5,1.9647124073947064,-2.255257942510596,1.6741668722788168,936
2019,2020,CHL,benchmark,pinball_0.5,4.780347710655359,-6.139696941188603,3.4209984801221154,936
2019,2020,CHN,benchmark,pinball_0.5,1.6302938867497265,2.3395038520302336,5.600091625529687,936
2019,2020,CMR,benchmark,pinball_0.5,2.3207434180345388,0.2599329159071146,4.901419751976192,936
2019,2020,COG,benchmark,pinball_0.5,3.768751174215672,-6.267772279632254,1.26973006879909,936
2019,2020,COL,benchmark,pinball_0.5,5.2733589829016285,-7.185914137608592,3.3608038281946637,936
2019,2020,COM,benchmark,pinball_0.5,1.9865868351377909,-0.1955568419187585,3.777616828356823,936
2019,2020,CRI,benchmark,pinball_0.5,3.7845815052313068,-4.141593405743578,3.427569604719036,936
2019,2020,CYP,benchmark,pinball_0.5,4.973899190540576,-3.220630186375672,6.727168194705479,936
2019,2020,CZE,benchmark,pinball_0.5,3.5961929119417713,-5.30487955463876,1.8875062692447817,936
2019,2020,DJI,benchmark,pinball_0.5,2.445706146526975,1.202115172896896,6.093527465950846,936
2019,2020,DNK,benchmark,pinball_0.5,2.310610759974015,-1.7801060183129067,2.841115501635123,936
2019,2020,DZA,benchmark,pinball_0.5,3.443246797269863,-4.999999999085972,1.8864935954537538,936
2019,2020,ECU,benchmark,pinball_0.5,6.062959203258233,-9.245096191658646,2.880822214857819,936
2019,2020,ESP,benchmark,pinball_0.5,7.428930699799629,-10.94007063503706,3.917790764562199,936
2019,2020,EST,benchmark,pinball_0.5,3.0619819331054314,-2.883807514837784,3.2401563513730784,936
2019,2020,FIN,benchmark,pinball_0.5,1.463914499883685,-2.491036055357071,0.4367929444102989,936
2019,2020,FJI,benchmark,pinball_0.5,8.616111742375296,-17.183535259935383,0.04868822481520674,936
2019,2020,FRA,benchmark,pinball_0.5,3.9666203774865014,-7.4406458994823055,0.49259485549069737,936
2019,2020,GAB,benchmark,pinball_0.5,3.5332050224991893,-1.8377610635094044,5.228648981488974,936
2019,2020,GBR,benchmark,pinball_0.5,6.697266549294296,-10.047896637361958,3.346636461226634,936
2019,2020,GEO,benchmark,pinball_0.5,5.318895983698601,-6.2904717853839,4.347320182013302,936
2019,2020,GHA,benchmark,pinball_0.5,3.9034587038914017,0.5139416706281708,8.320859078410974,936
2019,2020,GIN,benchmark,pinball_0.5,3.03859666677086,4.70459096113575,10.78178429467747,936
2019,2020,GMB,benchmark,pinball_0.5,0.9786125217203647,0.5914872878739743,2.5487123313147038,936
2019,2020,GNQ,benchmark,pinball_0.5,0.5526951326360063,-4.791080833832936,-3.6856905685609234,936
2019,2020,GRC,benchmark,pinball_0.5,5.871289859697751,-9.196231497269778,2.5463482221257236,936
2019,2020,GTM,benchmark,pinball_0.5,2.4096962211786908,-1.7855511757046545,3.0338412666527272,936
2019,2020,HKG,benchmark,pinball_0.5,3.963529274593057,-6.544796405293667,1.3822621438924467,936
2019,2020,HND,benchmark,pinball_0.5,5.973032624689129,-8.965082232672955,2.9809830167053013,936
2019,2020,HRV,benchmark,pinball_0.5,5.4370316451371075,-8.31046995309319,2.5635933371810253,936
2019,2020,HUN,benchmark,pinball_0.5,3.248504657569426,-4.338725400240577,2.1582839148982758,936
2019,2020,IDN,benchmark,pinball_0.5,3.3240110621749306,-2.065511829341645,4.582510295008216,936
2019,2020,IND,benchmark,pinball_0.5,6.691355397910196,-5.77772470687303,7.604986088947362,936
2019,2020,IRL,benchmark,pinball_0.5,0.4247274577712403,7.153695057353346,6.304240141810865,936
2019,2020,IRQ,benchmark,pinball_0.5,5.551854015310607,-12.036793096045416,-0.9330850654242029,936
2019,2020,ISL,benchmark,pinball_0.5,4.698831795202336,-6.64587810456635,2.7517854858383233,936
2019,2020,ISR,benchmark,pinball_0.5,2.9520442740992485,-1.8020692795346636,4.102019268663834,936
2019,2020,ITA,benchmark,pinball_0.5,4.701995526368426,-8.868221221853446,0.5357698308834058,936
2019,2020,JPN,benchmark,pinball_0.5,2.76316364614064,-4.283279426755726,1.2430478655255541,936
2019,2020,KAZ,benchmark,pinball_0.5,3.4865623572056825,-2.499999996279996,4.473124718131369,936
2019,2020,KEN,benchmark,pinball_0.5,2.4604021993184677,-0.2727663274388163,4.648038071198119,936
2019,2020,KGZ,benchmark,pinball_0.5,5.492896167448431,-7.1489775772795525,3.8368147576173093,936
2019,2020,KHM,benchmark,pinball_0.5,4.458483643930946,-3.555721934065488,5.361245353796404,936
2019,2020,KOR,benchmark,pinball_0.5,1.522446362713193,-0.7002423175421058,2.3446504078842803,936
2019,2020,KWT,benchmark,pinball_0.5,2.6170907384528634,-4.817315933815848,0.41686554308987844,936
2019,2020,LBN,benchmark,pinball_0.5,11.29500369629818,-21.399899691432125,1.1901077011642343,936
2019,2020,LKA,benchmark,pinball_0.5,5.618102969233176,-4.6245150371271535,6.611690901339198,936
2019,2020,LSO,benchmark,pinball_0.5,5.549975769063216,-8.155957854599109,2.9439936835273226,936
2019,2020,LTU,benchmark,pinball_0.5,1.2108759571057044,0.0428158336981425,2.4645677479095514,936
2019,2020,LUX,benchmark,pinball_0.5,1.3726660136373976,-0.5100516340398258,2.2352803932349694,936
2019,2020,LVA,benchmark,pinball_0.5,3.174256514212544,-3.4692275078055417,2.879285520619546,936
2019,2020,MAR,benchmark,pinball_0.5,5.292619033412404,-7.178207442467738,3.4070306243570707,936
2019,2020,MDA,benchmark,pinball_0.5,6.221144929016699,-8.275978319769493,4.166311538263906,936
2019,2020,MDG,benchmark,pinball_0.5,5.087027956551999,-7.137671620644895,3.036384292459104,936
2019,2020,MDV,benchmark,pinball_0.5,19.729775120361897,-32.908828775292136,6.550721465431656,936
2019,2020,MEX,benchmark,pinball_0.5,5.31538761362787,-8.354034593790615,2.2767406334651232,936
2019,2020,MKD,benchmark,pinball_0.5,3.7159964974670734,-4.688450009566523,2.7435429853676236,936
2019,2020,MLT,benchmark,pinball_0.5,5.393007618564891,-3.4572823253741944,7.328732911755586,936
2019,2020,MNE,benchmark,pinball_0.5,8.704610239061415,-14.99261870235334,2.416601775769488,936
2019,2020,MNG,benchmark,pinball_0.5,5.9703301776377735,-4.557751975834307,7.382908379441241,936
2019,2020,MOZ,benchmark,pinball_0.5,3.2961745577674133,-1.2195225001119212,5.372826615422905,936
2019,2020,MUS,benchmark,pinball_0.5,9.54275829991634,-14.197435813779151,4.888080786053527,936
2019,2020,MYS,benchmark,pinball_0.5,4.971542872172543,-5.456846584267012,4.486239160078075,936
2019,2020,NAM,benchmark,pinball_0.5,3.7457969601818477,-8.10140201443319,-0.6098080940694952,936
2019,2020,NIC,benchmark,pinball_0.5,3.5582919882154957,-2.236541762623233,4.880042213807759,936
2019,2020,NLD,benchmark,pinball_0.5,3.144221983186162,-3.867997141916078,2.4204468244562465,936
2019,2020,NOR,benchmark,pinball_0.5,1.2879847449586155,-1.3605572326158608,1.2154122573013701,936
2019,2020,NPL,benchmark,pinball_0.5,4.640108544522741,-2.369620629207205,6.910596459838278,936
2019,2020,PAK,benchmark,pinball_0.5,3.471839510852821,-1.2740874433870886,5.6695915783185535,936
2019,2020,PAN,benchmark,pinball_0.5,11.073428356428831,-17.821117407460235,4.325739305397429,936
2019,2020,PER,benchmark,pinball_0.5,7.345045510746117,-10.933306501038231,3.7567845204540027,936
2019,2020,PHL,benchmark,pinball_0.5,7.673166113984723,-9.518294740452973,5.8280374875164735,936
2019,2020,POL,benchmark,pinball_0.5,2.8048625723018956,-2.035568823999768,3.5741563206040228,936
2019,2020,PRT,benchmark,pinball_0.5,5.525696829371078,-8.204631593243874,2.8467620654982824,936
2019,2020,PRY,benchmark,pinball_0.5,2.3284489962466814,-0.8197853909719157,3.8371126015214476,936
2019,2020,PSE,benchmark,pinball_0.5,7.6977970588076445,-11.318466106513355,4.077128011101934,936
2019,2020,ROU,benchmark,pinball_0.5,2.6452647565575003,-3.598025460347571,1.692504052767429,936
2019,2020,RUS,benchmark,pinball_0.5,2.3434587925945847,-2.6536544969545304,2.0332630882346385,936
2019,2020,RWA,benchmark,pinball_0.5,4.776201367056595,-2.7771048551512507,6.77529787896194,936
2019,2020,SAU,benchmark,pinball_0.5,3.3487018526575585,-3.804789019963124,2.892614685351993,936
2019,2020,SGP,benchmark,pinball_0.5,3.7047375782268,-3.610842817299286,3.798632339154314,936
2019,2020,SLB,benchmark,pinball_0.5,3.247891228097619,-3.381259258394053,3.1145231978011854,936
2019,2020,SLV,benchmark,pinball_0.5,5.09196565004086,-7.8931013598670035,2.2908299402147168,936
2019,2020,SVK,benchmark,pinball_0.5,2.2529517049003753,-2.585512417332069,1.920390992468682,936
2019,2020,SVN,benchmark,pinball_0.5,3.4780652718940956,-4.085000949428959,2.871129594359232,936
2019,2020,SWE,benchmark,pinball_0.5,1.7804994455614715,-1.9337970403221616,1.6272018508007813,936
2019,2020,SWZ,benchmark,pinball_0.5,3.21411875164123,-2.951834534092868,3.4764029691895924,936
2019,2020,SYC,benchmark,pinball_0.5,8.340026385316483,-11.739860828173192,4.940191942459774,936
2019,2020,TCD,benchmark,pinball_0.5,2.5991146538337517,-0.3936465823803985,4.804582725287105,936
2019,2020,THA,benchmark,pinball_0.5,4.564760312068962,-6.093063129669531,3.036457494468394,936
2019,2020,TUR,benchmark,pinball_0.5,2.2072976998422646,1.803062470872547,6.217657870557076,936
2019,2020,TZA,benchmark,pinball_0.5,2.507263019196148,1.9919646064785468,7.006490644870842,936
2019,2020,UGA,benchmark,pinball_0.5,0.8836842017500377,2.951306422180977,4.7186748256810525,936
2019,2020,UKR,benchmark,pinball_0.5,4.526151070128679,-3.752817939831616,5.299484200425743,936
2019,2020,URY,benchmark,pinball_0.5,3.892514950891953,-7.357327068973007,0.4277028328108996,936
2019,2020,USA,benchmark,pinball_0.5,1.9065827529714179,-2.081375977796,1.7317895281468356,936
2019,2020,UZB,benchmark,pinball_0.5,1.991547560818307,1.621622816404482,5.604717938041096,936
2019,2020,VNM,benchmark,pinball_0.5,1.379688893652124,2.865413209122721,5.624790996426969,936
2019,2020,VUT,benchmark,pinball_0.5,4.865220825289004,-5.725302820738506,4.005138829839502,936
2019,2020,XKX,benchmark,pinball_0.5,4.901225051435649,-5.34027547826166,4.462174624609639,936
2019,2020,ZAF,benchmark,pinball_0.5,4.090503562325988,-6.1689177146757,2.0120894099762774,936
2019,2020,ZMB,benchmark,pinball_0.5,3.6402532212300858,-2.7850550654516724,4.495451377008499,936
2019,2020,AGO,benchmark,pinball_0.9,0.6308942933133621,-5.2734912830000695,1.0354516501335524,936
2019,2020,ALB,benchmark,pinball_0.9,0.7028662649754417,-3.313756368889159,3.714906280865259,936
2019,2020,ARE,benchmark,pinball_0.9,1.077625246679393,-8.69343363776639,2.0828188290275422,936
2019,2020,ARM,benchmark,pinball_0.9,1.4332227454662385,-7.199999999206312,7.132227455456077,936
2019,2020,AUS,benchmark,pinball_0.9,0.3203471434173438,-0.1335319043047746,3.0699395298686643,936
2019,2020,AUT,benchmark,pinball_0.9,0.9274901394552347,-6.318255092099363,2.9566463024529868,936
2019,2020,BEL,benchmark,pinball_0.9,0.7305104698542852,-4.7929839083518,2.512120790191053,936
2019,2020,BGD,benchmark,pinball_0.9,0.3803955767854751,3.448017551224453,7.251973319079204,936
2019,2020,BGR,benchmark,pinball_0.9,0.6816914689758884,-3.133235431259166,3.683679258499719,936
2019,2020,BIH,benchmark,pinball_0.9,0.7788221518700904,-3.0150933546043888,4.773128164096517,936
2019,2020,BLR,benchmark,pinball_0.9,0.35407893648003497,-0.6727429185858682,2.8680464462144823,936
2019,2020,BOL,benchmark,pinball_0.9,1.7368012367662469,-12.719469009271748,4.648543358390726,936
2019,2020,BRA,benchmark,pinball_0.9,0.8317588568459572,-3.276758796473601,5.040829771985973,936
2019,2020,BTN,benchmark,pinball_0.9,1.784927390858858,-10.21839742085686,7.630876487731726,936
2019,2020,BWA,benchmark,pinball_0.9,1.4898143464264664,-8.728882439963968,6.169261024300698,936
2019,2020,CAF,benchmark,pinball_0.9,0.524007700431803,0.899999996857062,6.140077001175094,936
2019,2020,CHE,benchmark,pinball_0.9,0.5389140164408928,-2.255257942510596,3.133882221898332,936
2019,2020,CHL,benchmark,pinball_0.9,1.085335025768883,-6.139696941188603,4.7136533165002295,936
2019,2020,CHN,benchmark,pinball_0.9,0.41185758312917436,2.3395038520302336,6.458079683321978,936
2019,2020,CMR,benchmark,pinball_0.9,0.5089508240074926,0.2599329159071146,5.349441155982041,936
2019,2020,COG,benchmark,pinball_0.9,1.692731687002254,-6.267772279632254,10.65954459039029,936
2019,2020,COL,benchmark,pinball_0.9,1.262370611537074,-7.185914137608592,5.43779197776215,936
2019,2020,COM,benchmark,pinball_0.9,0.456360040653093,-0.1955568419187585,4.368043564612172,936
2019,2020,CRI,benchmark,pinball_0.9,0.8239207960847972,-4.141593405743578,4.097614555104396,936
2019,2020,CYP,benchmark,pinball_0.9,1.5745644111670187,-3.220630186375672,12.525013925294518,936
2019,2020,CZE,benchmark,pinball_0.9,1.0302968551349878,-5.30487955463876,4.99808899671112,936
2019,2020,DJI,benchmark,pinball_0.9,0.6774353046228899,1.202115172896896,7.976468219125797,936
2019,2020,DNK,benchmark,pinball_0.9,0.5564175461922342,-1.7801060183129067,3.784069443609436,936
2019,2020,DZA,benchmark,pinball_0.9,0.8943920761246245,-4.999999999085972,3.943920762160274,936
2019,2020,ECU,benchmark,pinball_0.9,1.5595869429935043,-9.245096191658646,6.350773238276399,936
2019,2020,ESP,benchmark,pinball_0.9,1.7540521173177661,-10.94007063503706,6.600450538140608,936
2019,2020,EST,benchmark,pinball_0.9,1.1240537784818085,-2.883807514837784,8.356730269980304,936
2019,2020,FIN,benchmark,pinball_0.9,0.4936553648352533,-2.491036055357071,2.4455175929954636,936
2019,2020,FJI,benchmark,pinball_0.9,1.925688301052344,-17.183535259935383,2.073347750588062,936
2019,2020,FRA,benchmark,pinball_0.9,0.9333932317063427,-7.4406458994823055,1.8932864175811241,936
2019,2020,GAB,benchmark,pinball_0.9,0.7773115422996988,-1.8377610635094044,5.935354359487585,936
2019,2020,GBR,benchmark,pinball_0.9,1.5050467149127806,-10.047896637361958,5.002570511765851,936
2019,2020,GEO,benchmark,pinball_0.9,1.2146201792145712,-6.2904717853839,5.855730006761815,936
2019,2020,GHA,benchmark,pinball_0.9,1.3635656414329909,0.5139416706281708,14.149598084958082,936
2019,2020,GIN,benchmark,pinball_0.9,0.6039727909235796,4.70459096113575,10.744318870371547,936
2019,2020,GMB,benchmark,pinball_0.9,0.6342845170464175,0.5914872878739743,6.934332458338151,936
2019,2020,GNQ,benchmark,pinball_0.9,1.1785552266893236,-4.791080833832936,6.994471433060301,936
2019,2020,GRC,benchmark,pinball_0.9,1.2540477592286314,-9.196231497269778,3.3442460950165382,936
2019,2020,GTM,benchmark,pinball_0.9,0.5425428904107765,-1.7855511757046545,3.6398777284031123,936
2019,2020,HKG,benchmark,pinball_0.9,0.9134960796321403,-6.544796405293667,2.5901643910277388,936
2019,2020,HND,benchmark,pinball_0.9,1.2851700537968829,-8.965082232672955,3.886618305295875,936
2019,2020,HRV,benchmark,pinball_0.9,1.252164979187825,-8.31046995309319,4.211179838785064,936
2019,2020,HUN,benchmark,pinball_0.9,0.9437726365537525,-4.338725400240577,5.09900096529695,936
2019,2020,IDN,benchmark,pinball_0.9,0.7178252462337998,-2.065511829341645,5.1127406329963545,936
2019,2020,IND,benchmark,pinball_0.9,1.380981187952186,-5.77772470687303,8.032087172648833,936
2019,2020,IRL,benchmark,pinball_0.9,0.6144921235027804,7.153695057353346,13.298616292381151,936
2019,2020,IRQ,benchmark,pinball_0.9,1.6633224429464928,-12.036793096045416,4.596431333419513,936
2019,2020,ISL,benchmark,pinball_0.9,1.1011398649309712,-6.64587810456635,4.365520544743363,936
2019,2020,ISR,benchmark,pinball_0.9,0.6148826990079499,-1.8020692795346636,4.346757710544837,936
2019,2020,ITA,benchmark,pinball_0.9,1.0677418889673718,-8.868221221853446,1.809197667820274,936
2019,2020,JPN,benchmark,pinball_0.9,0.601375821099193,-4.283279426755726,1.7304787842362046,936
2019,2020,KAZ,benchmark,pinball_0.9,0.7161050040481901,-2.499999996279996,4.6610500442019065,936
2019,2020,KEN,benchmark,pinball_0.9,0.6167883580429389,-0.2727663274388163,5.895117252990573,936
2019,2020,KGZ,benchmark,pinball_0.9,1.6225903871510874,-7.1489775772795525,9.076926294231324,936
2019,2020,KHM,benchmark,pinball_0.9,1.113589335610789,-3.555721934065488,7.580171422042406,936
2019,2020,KOR,benchmark,pinball_0.9,0.3565914277710604,-0.7002423175421058,2.8656719601684992,936
2019,2020,KWT,benchmark,pinball_0.9,1.0406145862742318,-4.817315933815848,5.588829928926471,936
2019,2020,LBN,benchmark,pinball_0.9,2.419583703782724,-21.399899691432125,2.795937346395121,936
2019,2020,LKA,benchmark,pinball_0.9,1.1264258423325426,-4.6245150371271535,6.639743386198274,936
2019,2020,LSO,benchmark,pinball_0.9,1.52829407556519,-8.155957854599109,7.126982901052794,936
2019,2020,LTU,benchmark,pinball_0.9,0.514327545485952,0.0428158336981425,5.186091288557664,936
2019,2020,LUX,benchmark,pinball_0.9,0.5445664515022594,-0.5100516340398258,4.935612880982768,936
2019,2020,LVA,benchmark,pinball_0.9,0.8237699619150097,-3.4692275078055417,4.768472111344558,936
2019,2020,MAR,benchmark,pinball_0.9,1.294251263959397,-7.178207442467738,5.764305197126236,936
2019,2020,MDA,benchmark,pinball_0.9,1.7264409388027242,-8.275978319769493,8.988431068257754,936
2019,2020,MDG,benchmark,pinball_0.9,1.41460307825858,-7.137671620644895,7.008359161940907,936
2019,2020,MDV,benchmark,pinball_0.9,4.133361893257805,-32.908828775292136,8.424790157285923,936
2019,2020,MEX,benchmark,pinball_0.9,1.2802952691157559,-8.354034593790615,4.448918097366945,936
2019,2020,MKD,benchmark,pinball_0.9,0.8952945348790333,-4.688450009566523,4.264495339223812,936
2019,2020,MLT,benchmark,pinball_0.9,1.6361581519265198,-3.4572823253741944,12.904299193891005,936
2019,2020,MNE,benchmark,pinball_0.9,1.9703087356129512,-14.99261870235334,4.710468653776173,936
2019,2020,MNG,benchmark,pinball_0.9,1.2667355405757663,-4.557751975834307,8.109603429923359,936
2019,2020,MOZ,benchmark,pinball_0.9,1.0319496070362186,-1.2195225001119212,9.099973570250267,936
2019,2020,MUS,benchmark,pinball_0.9,1.9691956780190074,-14.197435813779151,5.494520966410929,936
2019,2020,MYS,benchmark,pinball_0.9,1.026743359176506,-5.456846584267012,4.810587007498051,936
2019,2020,NAM,benchmark,pinball_0.9,0.8932900232970594,-8.10140201443319,0.8314982185374042,936
2019,2020,NIC,benchmark,pinball_0.9,0.8396716839582268,-2.236541762623233,6.160175076959037,936
2019,2020,NLD,benchmark,pinball_0.9,0.7280154873785566,-3.867997141916078,3.4121577318694896,936
2019,2020,NOR,benchmark,pinball_0.9,0.38316634283108175,-1.3605572326158608,2.471106195694958,936
2019,2020,NPL,benchmark,pinball_0.9,0.9041919211629684,-2.369620629207205,6.672298582422481,936
2019,2020,PAK,benchmark,pinball_0.9,0.7341257833307969,-1.2740874433870886,6.067170389920882,936
2019,2020,PAN,benchmark,pinball_0.9,2.5432744817723094,-17.821117407460235,7.611627410262861,936
2019,2020,PER,benchmark,pinball_0.9,1.67141749593059,-10.933306501038231,5.780868458267673,936
2019,2020,PHL,benchmark,pinball_0.9,1.6842817002125048,-9.518294740452973,7.3245222616720795,936
2019,2020,POL,benchmark,pinball_0.9,0.8323206156599431,-2.035568823999768,6.287637332599665,936
2019,2020,PRT,benchmark,pinball_0.9,1.264865493836724,-8.204631593243874,4.444023345123369,936
2019,2020,PRY,benchmark,pinball_0.9,0.7766559886216813,-0.8197853909719157,6.946774495244899,936
2019,2020,PSE,benchmark,pinball_0.9,2.023171184163107,-11.318466106513355,8.913245735117718,936
2019,2020,ROU,benchmark,pinball_0.9,0.8816149197041762,-3.598025460347571,5.218123736694192,936
2019,2020,RUS,benchmark,pinball_0.9,0.6580666825580711,-2.6536544969545304,3.927012328626182,936
2019,2020,RWA,benchmark,pinball_0.9,1.0916653655972468,-2.7771048551512507,8.139548800821219,936
2019,2020,SAU,benchmark,pinball_0.9,1.3297114369430678,-3.804789019963124,9.492325349467556,936
2019,2020,SGP,benchmark,pinball_0.9,1.295778659821251,-3.610842817299286,9.346943780913227,936
2019,2020,SLB,benchmark,pinball_0.9,0.8424923055042193,-3.381259258394053,5.043663796648142,936
2019,2020,SLV,benchmark,pinball_0.9,1.1755814820579158,-7.8931013598670035,3.8627134607121567,936
2019,2020,SVK,benchmark,pinball_0.9,0.7897490511871988,-2.585512417332069,5.3119780945399215,936
2019,2020,SVN,benchmark,pinball_0.9,0.9637097255576416,-4.085000949428959,5.552096306147457,936
2019,2020,SWE,benchmark,pinball_0.9,0.37342561136397867,-1.9337970403221616,1.8004590733176258,936
2019,2020,SWZ,benchmark,pinball_0.9,0.6785742725103534,-2.951834534092868,3.8339081910106674,936
2019,2020,SYC,benchmark,pinball_0.9,2.2351100962430124,-11.739860828173192,10.61124013425694,936
2019,2020,TCD,benchmark,pinball_0.9,1.0103564841864427,-0.3936465823803985,9.70991825948403,936
2019,2020,THA,benchmark,pinball_0.9,1.0286693838162588,-6.093063129669531,4.19363070849306,936
2019,2020,TUR,benchmark,pinball_0.9,0.7259322578200117,1.803062470872547,9.062385049072665,936
2019,2020,TZA,benchmark,pinball_0.9,0.47819709234345253,1.9919646064785468,6.773935529913073,936
2019,2020,UGA,benchmark,pinball_0.9,0.32810587383972234,2.951306422180977,6.232365160578201,936
2019,2020,UKR,benchmark,pinball_0.9,1.1654352563739243,-3.752817939831616,7.901534623907629,936
2019,2020,URY,benchmark,pinball_0.9,0.9334267997293422,-7.357327068973007,1.9769409283204176,936
2019,2020,USA,benchmark,pinball_0.9,0.498858831989894,-2.081375977796,2.907212342102941,936
2019,2020,UZB,benchmark,pinball_0.9,0.6255635821896807,1.621622816404482,7.87725863830129,936
2019,2020,VNM,benchmark,pinball_0.9,0.477013870349771,2.865413209122721,7.635551912620432,936
2019,2020,VUT,benchmark,pinball_0.9,1.0052802156838505,-5.725302820738506,4.3274993361,936
2019,2020,XKX,benchmark,pinball_0.9,1.1318373785088085,-5.34027547826166,5.978098306826428,936
2019,2020,ZAF,benchmark,pinball_0.9,0.9700417225779384,-6.1689177146757,3.5314995111036853,936
2019,2020,ZMB,benchmark,pinball_0.9,0.8143248037278052,-2.7850550654516724,5.358192971826382,936
2019,2020,AGO,disinformation,squared_error,54.38666927189151,-5.2734912830000695,2.101240527167098,936
2019,2020,ALB,disinformation,squared_error,18.1786796800594,-3.313756368889159,0.9498899203871218,936
2019,2020,ARE,disinformation,squared_error,123.96467057438258,-8.69343363776639,2.440508636845177,936
2019,2020,ARM,disinformation,squared_error,89.45684279150802,-7.199999999206312,2.2581627606275454,936
2019,2020,AUS,disinformation,squared_error,4.705883169111156,-0.1335319043047746,2.0357728619996642,936
2019,2020,AUT,disinformation,squared_error,73.24904293434804,-6.318255092099363,2.2403103796574566,936
2019,2020,BEL,disinformation,squared_error,41.65505101530835,-4.7929839083518,1.661088528126454,936
2019,2020,BGD,disinformation,squared_error,5.521928538936259,3.448017551224453,5.797895960618492,936
2019,2020,BGR,disinformation,squared_error,29.34962000015706,-3.133235431259166,2.284293525761466,936
2019,2020,BIH,disinformation,squared_error,26.840859040319895,-3.0150933546043888,2.1657230907370106,936
2019,2020,BLR,disinformation,squared_error,0.1597233218251128,-0.6727429185858682,-0.27308891594719475,936
2019,2020,BOL,disinformation,squared_error,242.62890351473808,-12.719469009271748,2.8570807856840696,936
2019,2020,BRA,disinformation,squared_error,53.82173362714285,-3.276758796473601,4.059570914433812,936
2019,2020,BTN,disinformation,squared_error,197.27466402722666,-10.21839742085686,3.8270525195055587,936
2019,2020,BWA,disinformation,squared_error,119.65563661385093,-8.728882439963968,2.2098394512741004,936
2019,2020,CAF,disinformation,squared_error,12.718703288975446,0.899999996857062,-2.666329108676448,936
2019,2020,CHE,disinformation,squared_error,9.99039437894521,-2.255257942510596,0.9055005707177095,936
2019,2020,CHL,disinformation,squared_error,67.80789393193528,-6.139696941188603,2.0948579303229886,936
2019,2020,CHN,disinformation,squared_error,4.965671840229385,2.3395038520302336,4.567882599063463,936
2019,2020,CMR,disinformation,squared_error,20.030725648343328,0.2599329159071146,4.735502784465009,936
2019,2020,COG,disinformation,squared_error,87.29393267667213,-6.267772279632254,3.0753499328121565,936
2019,2020,COL,disinformation,squared_error,99.97567866460946,-7.185914137608592,2.8128697216719694,936
2019,2020,COM,disinformation,squared_error,14.093593905023978,-0.1955568419187585,3.5585867228672203,936
2019,2020,CRI,disinformation,squared_error,49.39884739771898,-4.141593405743578,2.8868379553581995,936
2019,2020,CYP,disinformation,squared_error,127.23663462425262,-3.220630186375672,8.059291560881825,936
2019,2020,CZE,disinformation,squared_error,61.234081235887864,-5.30487955463876,2.5203412879884857,936
2019,2020,DJI,disinformation,squared_error,33.977401363776984,1.202115172896896,7.0311289285657725,936
2019,2020,DNK,disinformation,squared_error,23.855765199427818,-1.7801060183129067,3.10413038049375,936
2019,2020,DZA,disinformation,squared_error,52.46898175234026,-4.999999999085972,2.2435475953141824,936
2019,2020,ECU,disinformation,squared_error,119.41525491529751,-9.245096191658646,1.6826325254763783,936
2019,2020,ESP,disinformation,squared_error,234.74771748931906,-10.94007063503706,4.381408323905482,936
2019,2020,EST,disinformation,squared_error,37.884763598349295,-2.883807514837784,3.2712524847356805,936
2019,2020,FIN,disinformation,squared_error,5.654304279928775,-2.491036055357071,-0.11315795084271763,936
2019,2020,FJI,disinformation,squared_error,248.5311361472535,-17.183535259935383,-1.4186649418118145,936
2019,2020,FRA,disinformation,squared_error,67.0610956993354,-7.4406458994823055,0.7484380358144502,936
2019,2020,GAB,disinformation,squared_error,45.236498975962824,-1.8377610635094044,4.88804736194867,936
2019,2020,GBR,disinformation,squared_error,180.55610768519523,-10.047896637361958,3.3892201547625795,936
2019,2020,GEO,disinformation,squared_error,107.41324153552087,-6.2904717853839,4.073564182110658,936
2019,2020,GHA,disinformation,squared_error,43.05028080568453,0.5139416706281708,7.0752129503181465,936
2019,2020,GIN,disinformation,squared_error,10.283526767565501,4.70459096113575,7.911384806640244,936
2019,2020,GMB,disinformation,squared_error,0.18633269527120963,0.5914872878739743,0.15982457779675485,936
2019,2020,GNQ,disinformation,squared_error,24.013835132217338,-4.791080833832936,0.10931049056324316,936
2019,2020,GRC,disinformation,squared_error,121.29927709637904,-9.196231497269778,1.8173636058915434,936
2019,2020,GTM,disinformation,squared_error,27.0067019915194,-1.7855511757046545,3.41124610642204,936
2019,2020,HKG,disinformation,squared_error,52.48257726906549,-6.544796405293667,0.6996895853798941,936
2019,2020,HND,disinformation,squared_error,140.43277834309404,-8.965082232672955,2.885351444753962,936
2019,2020,HRV,disinformation,squared_error,112.34712349288091,-8.31046995309319,2.288922647092961,936
2019,2020,HUN,disinformation,squared_error,48.81050160446184,-4.338725400240577,2.647725888107596,936
2019,2020,IDN,disinformation,squared_error,35.228620722961814,-2.065511829341645,3.869858481174946,936
2019,2020,IND,disinformation,squared_error,151.93848177683324,-5.77772470687303,6.548608153180411,936
2019,2020,IRL,disinformation,squared_error,2.095155674012307,7.153695057353346,8.60116031566261,936
2019,2020,IRQ,disinformation,squared_error,203.7359666816477,-12.036793096045416,2.23681775340847,936
2019,2020,ISL,disinformation,squared_error,98.95876462716309,-6.64587810456635,3.3019238952305443,936
2019,2020,ISR,disinformation,squared_error,27.94598763970926,-1.8020692795346636,3.4843271906243105,936
2019,2020,ITA,disinformation,squared_error,87.0076500813419,-8.868221221853446,0.45956790962577543,936
2019,2020,JPN,disinformation,squared_error,28.40473829099713,-4.283279426755726,1.0463301547236838,936
2019,2020,KAZ,disinformation,squared_error,43.638759471089315,-2.499999996279996,4.105963935735476,936
2019,2020,KEN,disinformation,squared_error,14.651007316928046,-0.2727663274388163,3.5548971004147933,936
2019,2020,KGZ,disinformation,squared_error,89.84356547993046,-7.1489775772795525,2.3296069942654234,936
2019,2020,KHM,disinformation,squared_error,64.01588151933426,-3.555721934065488,4.445270599322745,936
2019,2020,KOR,disinformation,squared_error,3.217670494488505,-0.7002423175421058,1.0935443181781253,936
2019,2020,KWT,disinformation,squared_error,30.797989636218663,-4.817315933815848,0.7322777122287576,936
2019,2020,LBN,disinformation,squared_error,549.7362458903987,-21.399899691432125,2.0465551768501733,936
2019,2020,LKA,disinformation,squared_error,81.04318500899538,-4.6245150371271535,4.377883810346523,936
2019,2020,LSO,disinformation,squared_error,135.21652735038228,-8.155957854599109,3.4723063043535203,936
2019,2020,LTU,disinformation,squared_error,5.13636931751768,0.0428158336981425,2.3091717893056636,936
2019,2020,LUX,disinformation,squared_error,13.42619192873944,-0.5100516340398258,3.1541252078633377,936
2019,2020,LVA,disinformation,squared_error,48.58712991972467,-3.4692275078055417,3.5012193874605475,936
2019,2020,MAR,disinformation,squared_error,122.37753027294369,-7.178207442467738,3.884230366304057,936
2019,2020,MDA,disinformation,squared_error,135.7702233943163,-8.275978319769493,3.3760697145597636,936
2019,2020,MDG,disinformation,squared_error,113.06420566700005,-7.137671620644895,3.4954937437703526,936
2019,2020,MDV,disinformation,squared_error,1504.5174370876287,-32.908828775292136,5.879280705418943,936
2019,2020,MEX,disinformation,squared_error,123.53385389827434,-8.354034593790615,2.7605438461806617,936
2019,2020,MKD,disinformation,squared_error,53.37662035773555,-4.688450009566523,2.6174804826935523,936
2019,2020,MLT,disinformation,squared_error,128.26142754852373,-3.4572823253741944,7.867973854886088,936
2019,2020,MNE,disinformation,squared_error,286.53688187046043,-14.99261870235334,1.9347816258264254,936
2019,2020,MNG,disinformation,squared_error,149.47840428508033,-4.557751975834307,7.668384138452999,936
2019,2020,MOZ,disinformation,squared_error,68.81757533456388,-1.2195225001119212,7.076113420934993,936
2019,2020,MUS,disinformation,squared_error,362.00180567953896,-14.197435813779151,4.828909228806903,936
2019,2020,MYS,disinformation,squared_error,53.455568605967095,-5.456846584267012,1.8544849364593667,936
2019,2020,NAM,disinformation,squared_error,76.21126561793821,-8.10140201443319,0.6285043778449202,936
2019,2020,NIC,disinformation,squared_error,50.21066936353269,-2.236541762623233,4.849406964507996,936
2019,2020,NLD,disinformation,squared_error,41.25087380677341,-3.867997141916078,2.55468717282129,936
2019,2020,NOR,disinformation,squared_error,6.25351905348247,-1.3605572326158608,1.1401464790386147,936
2019,2020,NPL,disinformation,squared_error,67.20823376851298,-2.369620629207205,5.828442176633757,936
2019,2020,PAK,disinformation,squared_error,29.346536495785816,-1.2740874433870886,4.143156920289504,936
2019,2020,PAN,disinformation,squared_error,483.1432422215525,-17.821117407460235,4.159402200173075,936
2019,2020,PER,disinformation,squared_error,220.54205440568887,-10.933306501038231,3.9173518818648265,936
2019,2020,PHL,disinformation,squared_error,226.36246237121034,-9.518294740452973,5.527052127306851,936
2019,2020,POL,disinformation,squared_error,39.53219816613725,-2.035568823999768,4.251894747754524,936
2019,2020,PRT,disinformation,squared_error,118.08565969469387,-8.204631593243874,2.662090989701449,936
2019,2020,PRY,disinformation,squared_error,14.197288557889557,-0.8197853909719157,2.9481435571227212,936
2019,2020,PSE,disinformation,squared_error,235.17732980334225,-11.318466106513355,4.0170263799815675,936
2019,2020,ROU,disinformation,squared_error,33.412975716197025,-3.598025460347571,2.1823703493005038,936
2019,2020,RUS,disinformation,squared_error,18.937745229535825,-2.6536544969545304,1.6980974754740252,936
2019,2020,RWA,disinformation,squared_error,62.38142273568912,-2.7771048551512507,5.121086250139196,936
2019,2020,SAU,disinformation,squared_error,49.98696296408748,-3.804789019963124,3.265356874153028,936
2019,2020,SGP,disinformation,squared_error,50.16987614217471,-3.610842817299286,3.472226866261275,936
2019,2020,SLB,disinformation,squared_error,41.27680632352204,-3.381259258394053,3.0434435614663364,936
2019,2020,SLV,disinformation,squared_error,105.18104415660278,-7.8931013598670035,2.3626796516699913,936
2019,2020,SVK,disinformation,squared_error,24.28386940986659,-2.585512417332069,2.3423542011821326,936
2019,2020,SVN,disinformation,squared_error,47.83625674944176,-4.085000949428959,2.8313750343823427,936
2019,2020,SWE,disinformation,squared_error,14.655244740408218,-1.9337970403221616,1.894419873648129,936
2019,2020,SWZ,disinformation,squared_error,31.747381405366145,-2.951834534092868,2.682646933208816,936
2019,2020,SYC,disinformation,squared_error,235.93108325178628,-11.739860828173192,3.620187454686673,936
2019,2020,TCD,disinformation,squared_error,23.71002641382329,-0.3936465823803985,4.4756476594808685,936
2019,2020,THA,disinformation,squared_error,58.713121798829235,-6.093063129669531,1.5693856824811405,936
2019,2020,TUR,disinformation,squared_error,21.965506862135197,1.803062470872547,6.489799807457049,936
2019,2020,TZA,disinformation,squared_error,16.103704718300232,1.9919646064785468,6.004906758852567,936
2019,2020,UGA,disinformation,squared_error,1.4697449615619675,2.951306422180977,4.1636368068377205,936
2019,2020,UKR,disinformation,squared_error,77.37923102431853,-3.752817939831616,5.043728599823507,936
2019,2020,URY,disinformation,squared_error,73.62712048285464,-7.357327068973007,1.2232976450472162,936
2019,2020,USA,disinformation,squared_error,21.43954017006949,-2.081375977796,2.5489091289840875,936
2019,2020,UZB,disinformation,squared_error,22.939596234958703,1.621622816404482,6.411152671720002,936
2019,2020,VNM,disinformation,squared_error,4.637489559220209,2.865413209122721,5.018896331698844,936
2019,2020,VUT,disinformation,squared_error,85.28759055879952,-5.725302820738506,3.5098252541069916,936
2019,2020,XKX,disinformation,squared_error,75.90359678812206,-5.34027547826166,3.3719915509404452,936
2019,2020,ZAF,disinformation,squared_error,69.76127413984574,-6.1689177146757,2.1834037673941644,936
2019,2020,ZMB,disinformation,squared_error,54.95416548394734,-2.7850550654516724,4.628052615133262,936
2019,2020,AGO,disinformation,pinball_0.1,6.404089731872038,-5.2734912830000695,1.8421639746355276,936
2019,2020,ALB,disinformation,pinball_0.1,3.035765643332029,-3.313756368889159,0.05931656814642894,936
2019,2020,ARE,disinformation,pinball_0.1,10.82926909358757,-8.69343363776639,3.3390875773309094,936
2019,2020,ARM,disinformation,pinball_0.1,3.0835841863080753,-7.199999999206312,-3.7737953477528956,936
2019,2020,AUS,disinformation,pinball_0.1,2.000403346562741,-0.1335319043047746,2.0891384807649374,936
2019,2020,AUT,disinformation,pinball_0.1,7.43506742476809,-6.318255092099363,1.942930935420736,936
2019,2020,BEL,disinformation,pinball_0.1,5.089361529827506,-4.7929839083518,0.8618622359009835,936
2019,2020,BGD,disinformation,pinball_0.1,1.9651892797956285,3.448017551224453,5.631561195441818,936
2019,2020,BGR,disinformation,pinball_0.1,4.479471917323407,-3.133235431259166,1.8439555879890634,936
2019,2020,BIH,disinformation,pinball_0.1,2.660086827202639,-3.0150933546043888,-0.059441324379233995,936
2019,2020,BLR,disinformation,pinball_0.1,0.22765205322798843,-0.6727429185858682,-2.9492634508657525,936
2019,2020,BOL,disinformation,pinball_0.1,14.322391771466908,-12.719469009271748,3.1942996256914817,936
2019,2020,BRA,disinformation,pinball_0.1,4.378774643669737,-3.276758796473601,1.5885463631594405,936
2019,2020,BTN,disinformation,pinball_0.1,11.281316356476221,-10.21839742085686,2.3163985307833865,936
2019,2020,BWA,disinformation,pinball_0.1,4.711871862196473,-8.728882439963968,-3.493469259745665,936
2019,2020,CAF,disinformation,pinball_0.1,3.534601466909786,0.899999996857062,-34.44601467224079,936
2019,2020,CHE,disinformation,pinball_0.1,1.0653516405339296,-2.255257942510596,-1.0715338974728965,936
2019,2020,CHL,disinformation,pinball_0.1,5.779858076558293,-6.139696941188603,0.2823675883206107,936
2019,2020,CHN,disinformation,pinball_0.1,2.551726279030832,2.3395038520302336,5.174755273175602,936
2019,2020,CMR,disinformation,pinball_0.1,3.7946838231180537,0.2599329159071146,4.476248274927174,936
2019,2020,COG,disinformation,pinball_0.1,3.377311270695738,-6.267772279632254,-2.5152042010814344,936
2019,2020,COL,disinformation,pinball_0.1,7.826387229848347,-7.185914137608592,1.5100716733340147,936
2019,2020,COM,disinformation,pinball_0.1,2.1902526050014233,-0.1955568419187585,2.2380571636383784,936
2019,2020,CRI,disinformation,pinball_0.1,5.37523396865567,-4.141593405743578,1.830888781651611,936
2019,2020,CYP,disinformation,pinball_0.1,3.3334701972657435,-3.220630186375672,0.48322558836404284,936
2019,2020,CZE,disinformation,pinball_0.1,6.787586144709638,-5.30487955463876,2.2368828283719484,936
2019,2020,DJI,disinformation,pinball_0.1,5.106011222540089,1.202115172896896,6.875460975719217,936
2019,2020,DNK,disinformation,pinball_0.1,3.534046388794545,-1.7801060183129067,2.14661219145881,936
2019,2020,DZA,disinformation,pinball_0.1,5.388316275088631,-4.999999999085972,0.9870180843458394,936
2019,2020,ECU,disinformation,pinball_0.1,7.615149063207187,-9.245096191658646,-0.7838194547617723,936
2019,2020,ESP,disinformation,pinball_0.1,11.941783368604138,-10.94007063503706,2.328577552300871,936
2019,2020,EST,disinformation,pinball_0.1,3.861512945616779,-2.883807514837784,1.4067624247364146,936
2019,2020,FIN,disinformation,pinball_0.1,1.0226286461836307,-2.491036055357071,-1.354782004041926,936
2019,2020,FJI,disinformation,pinball_0.1,13.966259952851388,-17.183535259935383,-1.6654686456560617,936
2019,2020,FRA,disinformation,pinball_0.1,6.810709218113562,-7.4406458994823055,0.1268087873105408,936
2019,2020,GAB,disinformation,pinball_0.1,3.8247778086279243,-1.8377610635094044,2.41199205718829,936
2019,2020,GBR,disinformation,pinball_0.1,10.648801392476113,-10.047896637361958,1.7841049098337223,936
2019,2020,GEO,disinformation,pinball_0.1,9.343732494831944,-6.2904717853839,4.091453208873814,936
2019,2020,GHA,disinformation,pinball_0.1,2.7669048525712268,0.5139416706281708,3.5882803957073115,936
2019,2020,GIN,disinformation,pinball_0.1,0.09106118622535178,4.70459096113575,4.805770056941697,936
2019,2020,GMB,disinformation,pinball_0.1,0.9718032519617748,0.5914872878739743,-9.126545231743773,936
2019,2020,GNQ,disinformation,pinball_0.1,0.08567926761418772,-4.791080833832936,-5.647873509974813,936
2019,2020,GRC,disinformation,pinball_0.1,4.290253277521147,-9.196231497269778,-4.42928341113517,936
2019,2020,GTM,disinformation,pinball_0.1,4.600795827241687,-1.7855511757046545,3.3264441878972204,936
2019,2020,HKG,disinformation,pinball_0.1,5.769882464038408,-6.544796405293667,-0.13381588969543667,936
2019,2020,HND,disinformation,pinball_0.1,11.523141838279324,-8.965082232672955,3.838408698748517,936
2019,2020,HRV,disinformation,pinball_0.1,6.778796420500417,-8.31046995309319,-0.7784739303149486,936
2019,2020,HUN,disinformation,pinball_0.1,3.730558984475294,-4.338725400240577,-0.19365986193469453,936
2019,2020,IDN,disinformation,pinball_0.1,5.946054123850426,-2.065511829341645,4.541214974936606,936
2019,2020,IND,disinformation,pinball_0.1,11.494575418648168,-5.77772470687303,6.994025758291601,936
2019,2020,IRL,disinformation,pinball_0.1,0.47787221837304106,7.153695057353346,2.374972873622935,936
2019,2020,IRQ,disinformation,pinball_0.1,10.083127734175413,-12.036793096045416,-0.8333178358505133,936
2019,2020,ISL,disinformation,pinball_0.1,7.98191082066934,-6.64587810456635,2.222911696177361,936
2019,2020,ISR,disinformation,pinball_0.1,3.519187787171576,-1.8020692795346636,2.108139372878199,936
2019,2020,ITA,disinformation,pinball_0.1,7.384965702334454,-8.868221221853446,-0.6627037748151636,936
2019,2020,JPN,disinformation,pinball_0.1,4.408824576587604,-4.283279426755726,0.6154145472305013,936
2019,2020,KAZ,disinformation,pinball_0.1,5.486508112014668,-2.499999996279996,3.596120128180746,936
2019,2020,KEN,disinformation,pinball_0.1,3.389333905832057,-0.2727663274388163,3.4931602345968025,936
2019,2020,KGZ,disinformation,pinball_0.1,2.0648838573057957,-7.1489775772795525,-4.854662180273113,936
2019,2020,KHM,disinformation,pinball_0.1,6.289763711408227,-3.555721934065488,3.4329044119436527,936
2019,2020,KOR,disinformation,pinball_0.1,0.052308287535996284,-0.7002423175421058,-1.2233251929020685,936
2019,2020,KWT,disinformation,pinball_0.1,0.4265901626238681,-4.817315933815848,-4.343326864233773,936
2019,2020,LBN,disinformation,pinball_0.1,19.134798736378166,-21.399899691432125,-0.1390122065674957,936
2019,2020,LKA,disinformation,pinball_0.1,7.091368720330422,-4.6245150371271535,3.25478354101776,936
2019,2020,LSO,disinformation,pinball_0.1,6.428473269751254,-8.155957854599109,-1.0132097770977162,936
2019,2020,LTU,disinformation,pinball_0.1,0.8662340430864272,0.0428158336981425,1.0052981037941726,936
2019,2020,LUX,disinformation,pinball_0.1,1.54102766876324,-0.5100516340398258,1.2022013312526632,936
2019,2020,LVA,disinformation,pinball_0.1,5.509979338946244,-3.4692275078055417,2.652971757690285,936
2019,2020,MAR,disinformation,pinball_0.1,7.1147222887408015,-7.178207442467738,0.7270395450220413,936
2019,2020,MDA,disinformation,pinball_0.1,8.826117024258371,-8.275978319769493,1.5308183738509196,936
2019,2020,MDG,disinformation,pinball_0.1,6.291166118211874,-7.137671620644895,-0.14748704485392428,936
2019,2020,MDV,disinformation,pinball_0.1,32.823670733960526,-32.908828775292136,3.561916484664004,936
2019,2020,MEX,disinformation,pinball_0.1,9.30341957633515,-8.354034593790615,1.983098268803996,936
2019,2020,MKD,disinformation,pinball_0.1,5.139244526591924,-4.688450009566523,1.0218216866467262,936
2019,2020,MLT,disinformation,pinball_0.1,5.247878322921865,-3.4572823253741944,2.3736935889834334,936
2019,2020,MNE,disinformation,pinball_0.1,11.629118776744189,-14.99261870235334,-2.0713756170820186,936
2019,2020,MNG,disinformation,pinball_0.1,9.200799832946114,-4.557751975834307,5.665358949661375,936
2019,2020,MOZ,disinformation,pinball_0.1,6.455066582132492,-1.2195225001119212,5.952773702257514,936
2019,2020,MUS,disinformation,pinball_0.1,16.81079150187096,-14.197435813779151,4.481221410521916,936
2019,2020,MYS,disinformation,pinball_0.1,5.006658950882611,-5.456846584267012,0.1061078056025555,936
2019,2020,NAM,disinformation,pinball_0.1,8.370430731923001,-8.10140201443319,1.1990765765923648,936
2019,2020,NIC,disinformation,pinball_0.1,3.4614332543490445,-2.236541762623233,1.6094951866534832,936
2019,2020,NLD,disinformation,pinball_0.1,3.995061602109214,-3.867997141916078,0.5709601937608264,936
2019,2020,NOR,disinformation,pinball_0.1,1.2794473129297192,-1.3605572326158608,0.06105089286160492,936
2019,2020,NPL,disinformation,pinball_0.1,6.116837599798377,-2.369620629207205,4.426865592790991,936
2019,2020,PAK,disinformation,pinball_0.1,3.5790193649303164,-1.2740874433870886,2.7026007398688185,936
2019,2020,PAN,disinformation,pinball_0.1,19.391776485584852,-17.821117407460235,3.7253009098562675,936
2019,2020,PER,disinformation,pinball_0.1,13.041969177420327,-10.933306501038231,3.5577703627621333,936
2019,2020,PHL,disinformation,pinball_0.1,10.009528157250998,-9.518294740452973,1.6034032120481352,936
2019,2020,POL,disinformation,pinball_0.1,5.479215972064677,-2.035568823999768,4.052448922738762,936
2019,2020,PRT,disinformation,pinball_0.1,7.6731859228484804,-8.204631593243874,0.32113054325443713,936
2019,2020,PRY,disinformation,pinball_0.1,3.0666818094343635,-0.8197853909719157,2.5876388417329323,936
2019,2020,PSE,disinformation,pinball_0.1,10.836991742572293,-11.318466106513355,0.7226358296780806,936
2019,2020,ROU,disinformation,pinball_0.1,3.7202873035238073,-3.598025460347571,0.5356270991233258,936
2019,2020,RUS,disinformation,pinball_0.1,1.5946561040135279,-2.6536544969545304,-0.8818143813839437,936
2019,2020,RWA,disinformation,pinball_0.1,5.805007069503959,-2.7771048551512507,3.6729029998531475,936
2019,2020,SAU,disinformation,pinball_0.1,5.157535733529073,-3.804789019963124,1.925806239513624,936
2019,2020,SGP,disinformation,pinball_0.1,5.885424012190702,-3.610842817299286,2.928517196245939,936
2019,2020,SLB,disinformation,pinball_0.1,3.5650986409865366,-3.381259258394053,0.5799614538132101,936
2019,2020,SLV,disinformation,pinball_0.1,8.902502302069891,-7.8931013598670035,1.9985678646550968,936
2019,2020,SVK,disinformation,pinball_0.1,3.2829862671801466,-2.585512417332069,1.062250101756983,936
2019,2020,SVN,disinformation,pinball_0.1,2.5527525576920747,-4.085000949428959,-1.2486092186599875,936
2019,2020,SWE,disinformation,pinball_0.1,3.6846500314914854,-1.9337970403221616,2.160258550223933,936
2019,2020,SWZ,disinformation,pinball_0.1,3.591416506882629,-2.951834534092868,1.038628251332275,936
2019,2020,SYC,disinformation,pinball_0.1,9.786602823785417,-11.739860828173192,-0.8658576906338404,936
2019,2020,TCD,disinformation,pinball_0.1,0.1968660004959979,-0.3936465823803985,-2.3623065873403775,936
2019,2020,THA,disinformation,pinball_0.1,4.5618424539939015,-6.093063129669531,-1.0243492918985293,936
2019,2020,TUR,disinformation,pinball_0.1,1.2590147017206228,1.803062470872547,3.201967695006572,936
2019,2020,TZA,disinformation,pinball_0.1,2.828846466841816,1.9919646064785468,5.135127347413897,936
2019,2020,UGA,disinformation,pinball_0.1,0.036880057043502924,2.951306422180977,2.582505851745948,936
2019,2020,UKR,disinformation,pinball_0.1,0.7573084588203826,-3.752817939831616,-2.9113640966978576,936
2019,2020,URY,disinformation,pinball_0.1,7.399407417395967,-7.357327068973007,0.8642367281336218,936
2019,2020,USA,disinformation,pinball_0.1,4.6782641352355485,-2.081375977796,3.1166952835768313,936
2019,2020,UZB,disinformation,pinball_0.1,3.1602209157726606,1.621622816404482,5.132979389485216,936
2019,2020,VNM,disinformation,pinball_0.1,1.3418899477150226,2.865413209122721,4.3564020399171905,936
2019,2020,VUT,disinformation,pinball_0.1,7.018426281203871,-5.725302820738506,2.0729486028213504,936
2019,2020,XKX,disinformation,pinball_0.1,5.757895553283,-5.34027547826166,1.0573862476083398,936
2019,2020,ZAF,disinformation,pinball_0.1,5.74144666321128,-6.1689177146757,0.21046746667016691,936
2019,2020,ZMB,disinformation,pinball_0.1,6.423145929725901,-2.7850550654516724,4.351773745354883,936
2019,2020,AGO,disinformation,pinball_0.5,3.301668951604995,-5.2734912830000695,1.3298466202099206,936
2019,2020,ALB,disinformation,pinball_0.5,1.9721098332380105,-3.313756368889159,0.630463297586862,936
2019,2020,ARE,disinformation,pinball_0.5,5.454033091825213,-8.69343363776639,2.2146325458840357,936
2019,2020,ARM,disinformation,pinball_0.5,4.5607300674350615,-7.199999999206312,1.9214601356638115,936
2019,2020,AUS,disinformation,pinball_0.5,1.069768247313914,-0.1335319043047746,2.0060045903230534,936
2019,2020,AUT,disinformation,pinball_0.5,4.244896650895278,-6.318255092099363,2.1715382096911924,936
2019,2020,BEL,disinformation,pinball_0.5,3.1457174593735773,-4.7929839083518,1.498451010395354,936
2019,2020,BGD,disinformation,pinball_0.5,1.4524407018988823,3.448017551224453,6.3528989550222175,936
2019,2020,BGR,disinformation,pinball_0.5,2.7079744557904,-3.133235431259166,2.2827134803216342,936
2019,2020,BIH,disinformation,pinball_0.5,2.7743176858056895,-3.0150933546043888,2.5335420170069907,936
2019,2020,BLR,disinformation,pinball_0.5,1.553457787758016,-0.6727429185858682,2.434172656930164,936
2019,2020,BOL,disinformation,pinball_0.5,8.183613761212744,-12.719469009271748,3.647758513153739,936
2019,2020,BRA,disinformation,pinball_0.5,3.363993430771851,-3.276758796473601,3.451228065070101,936
2019,2020,BTN,disinformation,pinball_0.5,7.428347287601553,-10.21839742085686,4.638297154346246,936
2019,2020,BWA,disinformation,pinball_0.5,6.509946791823133,-8.728882439963968,4.291011143682296,936
2019,2020,CAF,disinformation,pinball_0.5,1.0862171990902092,0.899999996857062,3.0724343950374804,936
2019,2020,CHE,disinformation,pinball_0.5,1.878293162527413,-2.255257942510596,1.50132838254423,936
2019,2020,CHL,disinformation,pinball_0.5,4.701785111858846,-6.139696941188603,3.263873282529088,936
2019,2020,CHN,disinformation,pinball_0.5,1.3150182288779204,2.3395038520302336,4.969540309786074,936
2019,2020,CMR,disinformation,pinball_0.5,2.2943582391711406,0.2599329159071146,4.848649394249396,936
2019,2020,COG,disinformation,pinball_0.5,3.8067271953504904,-6.267772279632254,1.3456821110687267,936
2019,2020,COL,disinformation,pinball_0.5,5.025391586579609,-7.185914137608592,2.8648690355506257,936
2019,2020,COM,disinformation,pinball_0.5,1.9473296626835013,-0.1955568419187585,3.699102483448244,936
2019,2020,CRI,disinformation,pinball_0.5,3.618650088326948,-4.141593405743578,3.0957067709103185,936
2019,2020,CYP,disinformation,pinball_0.5,5.270440457022714,-3.220630186375672,7.320250727669755,936
2019,2020,CZE,disinformation,pinball_0.5,3.8537472260113486,-5.30487955463876,2.4026148973839363,936
2019,2020,DJI,disinformation,pinball_0.5,2.449725410213433,1.202115172896896,6.101565993323762,936
2019,2020,DNK,disinformation,pinball_0.5,2.363389342458108,-1.7801060183129067,2.946672666603309,936
2019,2020,DZA,disinformation,pinball_0.5,3.4116530174469375,-4.999999999085972,1.8233060358079034,936
2019,2020,ECU,disinformation,pinball_0.5,5.777592093843529,-9.245096191658646,2.310087996028411,936
2019,2020,ESP,disinformation,pinball_0.5,7.381140417620616,-10.94007063503706,3.8222102002041716,936
2019,2020,EST,disinformation,pinball_0.5,3.147716557028241,-2.883807514837784,3.4116255992186977,936
2019,2020,FIN,disinformation,pinball_0.5,1.4372279332710267,-2.491036055357071,0.38341981118498225,936
2019,2020,FJI,disinformation,pinball_0.5,8.536069291495009,-17.183535259935383,-0.11139667694536542,936
2019,2020,FRA,disinformation,pinball_0.5,3.9738990845111033,-7.4406458994823055,0.5071522695399011,936
2019,2020,GAB,disinformation,pinball_0.5,3.4555091353270266,-1.8377610635094044,5.073257207144649,936
2019,2020,GBR,disinformation,pinball_0.5,6.637898222867418,-10.047896637361958,3.227899808372877,936
2019,2020,GEO,disinformation,pinball_0.5,5.454504825715469,-6.2904717853839,4.618537866047039,936
2019,2020,GHA,disinformation,pinball_0.5,3.9225708133839046,0.5139416706281708,8.35908329739598,936
2019,2020,GIN,disinformation,pinball_0.5,2.9139313764771666,4.70459096113575,10.532453714090083,936
2019,2020,GMB,disinformation,pinball_0.5,0.0015282905277784753,0.5914872878739743,0.5945438689295313,936
2019,2020,GNQ,disinformation,pinball_0.5,0.643318084896074,-4.791080833832936,-3.504444664040788,936
2019,2020,GRC,disinformation,pinball_0.5,5.770825015118728,-9.196231497269778,2.3454185329676775,936
2019,2020,GTM,disinformation,pinball_0.5,2.8471606326646137,-1.7855511757046545,3.908770089624573,936
2019,2020,HKG,disinformation,pinball_0.5,4.197453252029495,-6.544796405293667,1.8501100987653238,936
2019,2020,HND,disinformation,pinball_0.5,6.139235977700248,-8.965082232672955,3.313389722727541,936
2019,2020,HRV,disinformation,pinball_0.5,5.460679965450687,-8.31046995309319,2.610889977808185,936
2019,2020,HUN,disinformation,pinball_0.5,3.7691206336987544,-4.338725400240577,3.199515867156932,936
2019,2020,IDN,disinformation,pinball_0.5,3.2400930105393213,-2.065511829341645,4.414674191736998,936
2019,2020,IND,disinformation,pinball_0.5,6.552526484371636,-5.77772470687303,7.3273282618702416,936
2019,2020,IRL,disinformation,pinball_0.5,0.4612523066206764,7.153695057353346,6.231190444111993,936
2019,2020,IRQ,disinformation,pinball_0.5,5.439575079767502,-12.036793096045416,-1.157642936510411,936
2019,2020,ISL,disinformation,pinball_0.5,5.41276025130237,-6.64587810456635,4.179642398038388,936
2019,2020,ISR,disinformation,pinball_0.5,2.9560072684406244,-1.8020692795346636,4.109945257346586,936
2019,2020,ITA,disinformation,pinball_0.5,4.901518685317898,-8.868221221853446,0.9348161487823488,936
2019,2020,JPN,disinformation,pinball_0.5,2.684148521495992,-4.283279426755726,1.0850176162362581,936
2019,2020,KAZ,disinformation,pinball_0.5,3.4568666618684922,-2.499999996279996,4.413733327456988,936
2019,2020,KEN,disinformation,pinball_0.5,2.3402810422985474,-0.2727663274388163,4.407795757158278,936
2019,2020,KGZ,disinformation,pinball_0.5,5.404936671544146,-7.1489775772795525,3.660895765808738,936
2019,2020,KHM,disinformation,pinball_0.5,4.223182735763937,-3.555721934065488,4.8906435374623864,936
2019,2020,KOR,disinformation,pinball_0.5,1.1746996777221854,-0.7002423175421058,1.649157037902265,936
2019,2020,KWT,disinformation,pinball_0.5,2.2762586935977125,-4.817315933815848,-0.26479854662042346,936
2019,2020,LBN,disinformation,pinball_0.5,11.73833579319749,-21.399899691432125,2.076771894962852,936
2019,2020,LKA,disinformation,pinball_0.5,5.265804735453128,-4.6245150371271535,5.907094433779102,936
2019,2020,LSO,disinformation,pinball_0.5,5.721229423458214,-8.155957854599109,3.28650099231732,936
2019,2020,LTU,disinformation,pinball_0.5,1.168558565271634,0.0428158336981425,2.3799329642414104,936
2019,2020,LUX,disinformation,pinball_0.5,1.3558411091503035,-0.5100516340398258,2.2016305842607813,936
2019,2020,LVA,disinformation,pinball_0.5,3.654367320320394,-3.4692275078055417,3.8395071328352466,936
2019,2020,MAR,disinformation,pinball_0.5,5.181934383895889,-7.178207442467738,3.185661325324042,936
2019,2020,MDA,disinformation,pinball_0.5,6.054824624392391,-8.275978319769493,3.8336709290152893,936
2019,2020,MDG,disinformation,pinball_0.5,5.13789202059753,-7.137671620644895,3.138112420550165,936
2019,2020,MDV,disinformation,pinball_0.5,19.48625486466556,-32.908828775292136,6.063680954038985,936
2019,2020,MEX,disinformation,pinball_0.5,5.542033505010748,-8.354034593790615,2.7300324162308813,936
2019,2020,MKD,disinformation,pinball_0.5,3.642256473549234,-4.688450009566523,2.5960629375319457,936
2019,2020,MLT,disinformation,pinball_0.5,5.304681908020517,-3.4572823253741944,7.1520814906668395,936
2019,2020,MNE,disinformation,pinball_0.5,8.8233366451108,-14.99261870235334,2.6540545878682598,936
2019,2020,MNG,disinformation,pinball_0.5,5.853512298073768,-4.557751975834307,7.149272620313228,936
2019,2020,MOZ,disinformation,pinball_0.5,3.3141800850708334,-1.2195225001119212,5.408837670029746,936
2019,2020,MUS,disinformation,pinball_0.5,9.433942409265578,-14.197435813779151,4.670449004752004,936
2019,2020,MYS,disinformation,pinball_0.5,4.7467946126860365,-5.456846584267012,4.036742641105062,936
2019,2020,NAM,disinformation,pinball_0.5,3.9949557094865424,-8.10140201443319,-0.11149059546010598,936
2019,2020,NIC,disinformation,pinball_0.5,3.8976259742554387,-2.236541762623233,5.558710185887644,936
2019,2020,NLD,disinformation,pinball_0.5,3.2123510937254403,-3.867997141916078,2.5567050455348026,936
2019,2020,NOR,disinformation,pinball_0.5,1.3166710577628589,-1.3605572326158608,1.272784882909857,936
2019,2020,NPL,disinformation,pinball_0.5,4.453659776673273,-2.369620629207205,6.537698924139342,936
2019,2020,PAK,disinformation,pinball_0.5,3.4561783790627123,-1.2740874433870886,5.638269314738336,936
2019,2020,PAN,disinformation,pinball_0.5,10.96198353691361,-17.821117407460235,4.102849666366986,936
2019,2020,PER,disinformation,pinball_0.5,7.493179416550997,-10.933306501038231,4.053052332063762,936
2019,2020,PHL,disinformation,pinball_0.5,7.652351534554798,-9.518294740452973,5.7864083286566235,936
2019,2020,POL,disinformation,pinball_0.5,3.305376856594954,-2.035568823999768,4.575184889190139,936
2019,2020,PRT,disinformation,pinball_0.5,5.467568522227719,-8.204631593243874,2.730505451211563,936
2019,2020,PRY,disinformation,pinball_0.5,2.2565966122618577,-0.8197853909719157,3.6934078335517997,936
2019,2020,PSE,disinformation,pinball_0.5,7.525775015856258,-11.318466106513355,3.7330839251991597,936
2019,2020,ROU,disinformation,pinball_0.5,2.9619763962972367,-3.598025460347571,2.325927332246902,936
2019,2020,RUS,disinformation,pinball_0.5,2.500587252306958,-2.6536544969545304,2.3475200076593854,936
2019,2020,RWA,disinformation,pinball_0.5,4.459110061572673,-2.7771048551512507,6.1411152679940955,936
2019,2020,SAU,disinformation,pinball_0.5,3.4881532842567804,-3.804789019963124,3.171517548550437,936
2019,2020,SGP,disinformation,pinball_0.5,3.67777410096226,-3.610842817299286,3.7447053846252345,936
2019,2020,SLB,disinformation,pinball_0.5,3.2103942843977666,-3.381259258394053,3.0395293104014804,936
2019,2020,SLV,disinformation,pinball_0.5,5.119678863884169,-7.8931013598670035,2.346256367901334,936
2019,2020,SVK,disinformation,pinball_0.5,2.283134310159518,-2.585512417332069,1.9807562029869672,936
2019,2020,SVN,disinformation,pinball_0.5,3.487944693262043,-4.085000949428959,2.8908884370951267,936
2019,2020,SWE,disinformation,pinball_0.5,1.836045997559621,-1.9337970403221616,1.7382949547970803,936
2019,2020,SWZ,disinformation,pinball_0.5,3.1539832406035275,-2.951834534092868,3.356131947114187,936
2019,2020,SYC,disinformation,pinball_0.5,8.30172919529095,-11.739860828173192,4.863597562408707,936
2019,2020,TCD,disinformation,pinball_0.5,2.513084999471785,-0.3936465823803985,4.6325234165631715,936
2019,2020,THA,disinformation,pinball_0.5,4.387072480180976,-6.093063129669531,2.6810818306924205,936
2019,2020,TUR,disinformation,pinball_0.5,2.0487387109640562,1.803062470872547,5.900539892800659,936
2019,2020,TZA,disinformation,pinball_0.5,2.534061546170899,1.9919646064785468,7.060087698820345,936
2019,2020,UGA,disinformation,pinball_0.5,0.97877121148972,2.951306422180977,4.908848845160417,936
2019,2020,UKR,disinformation,pinball_0.5,4.6775921768826505,-3.752817939831616,5.602366413933685,936
2019,2020,URY,disinformation,pinball_0.5,3.8988021031909788,-7.357327068973007,0.4402771374089509,936
2019,2020,USA,disinformation,pinball_0.5,2.4208101990501985,-2.081375977796,2.7602444203043968,936
2019,2020,UZB,disinformation,pinball_0.5,1.8292177446732634,1.621622816404482,5.280058305751009,936
2019,2020,VNM,disinformation,pinball_0.5,1.1861249309058985,2.865413209122721,5.237663070934518,936
2019,2020,VUT,disinformation,pinball_0.5,4.817835980466007,-5.725302820738506,3.9103691401935077,936
2019,2020,XKX,disinformation,pinball_0.5,4.817645733097209,-5.34027547826166,4.295015987932759,936
2019,2020,ZAF,disinformation,pinball_0.5,3.9795270098473194,-6.1689177146757,1.7901363050189385,936
2019,2020,ZMB,disinformation,pinball_0.5,3.6447594488721764,-2.7850550654516724,4.50446383229268,936
2019,2020,AGO,disinformation,pinball_0.9,0.6306038409868857,-5.2734912830000695,1.032547126868789,936
2019,2020,ALB,disinformation,pinball_0.9,0.7076963776665083,-3.313756368889159,3.7632074077759254,936
2019,2020,ARE,disinformation,pinball_0.9,1.075221387907761,-8.69343363776639,2.058780241311222,936
2019,2020,ARM,disinformation,pinball_0.9,1.4800884393637521,-7.199999999206312,7.600884394431212,936
2019,2020,AUS,disinformation,pinball_0.9,0.319099697208514,-0.1335319043047746,3.057465067780366,936
2019,2020,AUT,disinformation,pinball_0.9,0.9082462889184183,-6.318255092099363,2.764207797084823,936
2019,2020,BEL,disinformation,pinball_0.9,0.7170295818529183,-4.7929839083518,2.3773119101773847,936
2019,2020,BGD,disinformation,pinball_0.9,0.38371406564513216,3.448017551224453,7.285158207675775,936
2019,2020,BGR,disinformation,pinball_0.9,0.6615173386236936,-3.133235431259166,3.481937954977771,936
2019,2020,BIH,disinformation,pinball_0.9,0.7736417560303078,-3.0150933546043888,4.721324205698691,936
2019,2020,BLR,disinformation,pinball_0.9,0.3667650197065933,-0.6727429185858682,2.9949072784800657,936
2019,2020,BOL,disinformation,pinball_0.9,1.7369844985378118,-12.719469009271748,4.6503759761063765,936
2019,2020,BRA,disinformation,pinball_0.9,0.7492400044329272,-3.276758796473601,4.215641247855672,936
2019,2020,BTN,disinformation,pinball_0.9,1.7880905467104233,-10.21839742085686,7.662508046247377,936
2019,2020,BWA,disinformation,pinball_0.9,1.4857518093152915,-8.728882439963968,6.128635653188951,936
2019,2020,CAF,disinformation,pinball_0.9,0.5084653373218427,0.899999996857062,5.98465337007549,936
2019,2020,CHE,disinformation,pinball_0.9,0.5413544538015366,-2.255257942510596,3.158286595504771,936
2019,2020,CHL,disinformation,pinball_0.9,1.0727194538107847,-6.139696941188603,4.587497596919246,936
2019,2020,CHN,disinformation,pinball_0.9,0.4194003589454748,2.3395038520302336,6.533507441484982,936
2019,2020,CMR,disinformation,pinball_0.9,0.5074220581157025,0.2599329159071146,5.334153497064141,936
2019,2020,COG,disinformation,pinball_0.9,1.684645328309389,-6.267772279632254,10.578681003461638,936
2019,2020,COL,disinformation,pinball_0.9,1.2850954538723773,-7.185914137608592,5.665040401115183,936
2019,2020,COM,disinformation,pinball_0.9,0.46004852393866275,-0.1955568419187585,4.40492839746787,936
2019,2020,CRI,disinformation,pinball_0.9,0.8340229111723337,-4.141593405743578,4.19863570597976,936
2019,2020,CYP,disinformation,pinball_0.9,1.5766900216611313,-3.220630186375672,12.546270030235645,936
2019,2020,CZE,disinformation,pinball_0.9,1.0153342933074532,-5.30487955463876,4.848463378435773,936
2019,2020,DJI,disinformation,pinball_0.9,0.6963080767447781,1.202115172896896,8.16519594034468,936
2019,2020,DNK,disinformation,pinball_0.9,0.5562085442837854,-1.7801060183129067,3.781979424524949,936
2019,2020,DZA,disinformation,pinball_0.9,0.8917104268031524,-4.999999999085972,3.9171042689455535,936
2019,2020,ECU,disinformation,pinball_0.9,1.5717749680185769,-9.245096191658646,6.472653488527126,936
2019,2020,ESP,disinformation,pinball_0.9,1.7632045232312574,-10.94007063503706,6.691974597275516,936
2019,2020,EST,disinformation,pinball_0.9,1.1312751319741412,-2.883807514837784,8.42894380490363,936
2019,2020,FIN,disinformation,pinball_0.9,0.4942953529965788,-2.491036055357071,2.4519174746087176,936
2019,2020,FJI,disinformation,pinball_0.9,1.9523775548493847,-17.183535259935383,2.3402402885584688,936
2019,2020,FRA,disinformation,pinball_0.9,0.9302337878473592,-7.4406458994823055,1.8616919789912894,936
2019,2020,GAB,disinformation,pinball_0.9,0.7798152555963621,-1.8377610635094044,5.960391492454218,936
2019,2020,GBR,disinformation,pinball_0.9,1.5043784463487957,-10.047896637361958,4.995887826126001,936
2019,2020,GEO,disinformation,pinball_0.9,1.2080820507866012,-6.2904717853839,5.790348722482115,936
2019,2020,GHA,disinformation,pinball_0.9,1.3634797248055566,0.5139416706281708,14.14873891868374,936
2019,2020,GIN,disinformation,pinball_0.9,0.6023666929316385,4.70459096113575,10.728257890452136,936
2019,2020,GMB,disinformation,pinball_0.9,0.7037776895278707,0.5914872878739743,7.629264183152682,936
2019,2020,GNQ,disinformation,pinball_0.9,1.1546553135532234,-4.791080833832936,6.755472301699301,936
2019,2020,GRC,disinformation,pinball_0.9,1.2648144947423177,-9.196231497269778,3.451913450153403,936
2019,2020,GTM,disinformation,pinball_0.9,0.5224350034712006,-1.7855511757046545,3.4387988590073535,936
2019,2020,HKG,disinformation,pinball_0.9,0.9116456336958586,-6.544796405293667,2.5716599316649225,936
2019,2020,HND,disinformation,pinball_0.9,1.2755743585102193,-8.965082232672955,3.790661352429239,936
2019,2020,HRV,disinformation,pinball_0.9,1.2514545462720872,-8.31046995309319,4.2040755096276845,936
2019,2020,HUN,disinformation,pinball_0.9,0.9425048534860264,-4.338725400240577,5.086323134619691,936
2019,2020,IDN,disinformation,pinball_0.9,0.7270445414185247,-2.065511829341645,5.204933584843603,936
2019,2020,IND,disinformation,pinball_0.9,1.3825913887776513,-5.77772470687303,8.048189180903487,936
2019,2020,IRL,disinformation,pinball_0.9,0.6307882923524345,7.153695057353346,13.461577980877692,936
2019,2020,IRQ,disinformation,pinball_0.9,1.6670859339897792,-12.036793096045416,4.634066243852377,936
2019,2020,ISL,disinformation,pinball_0.9,1.1033298391534512,-6.64587810456635,4.387420286968166,936
2019,2020,ISR,disinformation,pinball_0.9,0.6111665498451466,-1.8020692795346636,4.309596218916805,936
2019,2020,ITA,disinformation,pinball_0.9,1.0595194473843157,-8.868221221853446,1.7269732519897136,936
2019,2020,JPN,disinformation,pinball_0.9,0.6051205475511896,-4.283279426755726,1.7679260487561714,936
2019,2020,KAZ,disinformation,pinball_0.9,0.7223160851600124,-2.499999996279996,4.723160855320129,936
2019,2020,KEN,disinformation,pinball_0.9,0.6184321634713479,-0.2727663274388163,5.911555307274663,936
2019,2020,KGZ,disinformation,pinball_0.9,1.6266876342054388,-7.1489775772795525,9.11789876477484,936
2019,2020,KHM,disinformation,pinball_0.9,1.1182427926638283,-3.555721934065488,7.6267059925727985,936
2019,2020,KOR,disinformation,pinball_0.9,0.3778355037694829,-0.7002423175421058,3.078112720152724,936
2019,2020,KWT,disinformation,pinball_0.9,1.015825689788027,-4.817315933815848,5.340940964064424,936
2019,2020,LBN,disinformation,pinball_0.9,2.39092380747591,-21.399899691432125,2.5093383833269804,936
2019,2020,LKA,disinformation,pinball_0.9,1.1431493537229742,-4.6245150371271535,6.806978500102592,936
2019,2020,LSO,disinformation,pinball_0.9,1.5095444628693924,-8.155957854599109,6.939486774094819,936
2019,2020,LTU,disinformation,pinball_0.9,0.5199147423896512,0.0428158336981425,5.241963257594655,936
2019,2020,LUX,disinformation,pinball_0.9,0.5498518613555303,-0.5100516340398258,4.988466979515478,936
2019,2020,LVA,disinformation,pinball_0.9,0.8240241887214402,-3.4692275078055417,4.771014379408863,936
2019,2020,MAR,disinformation,pinball_0.9,1.2943567183937223,-7.178207442467738,5.7653597414694895,936
2019,2020,MDA,disinformation,pinball_0.9,1.724298854120327,-8.275978319769493,8.967010221433782,936
2019,2020,MDG,disinformation,pinball_0.9,1.3762659198563587,-7.137671620644895,6.624987577918696,936
2019,2020,MDV,disinformation,pinball_0.9,4.1411694283360285,-32.908828775292136,8.502865508068151,936
2019,2020,MEX,disinformation,pinball_0.9,1.2665116411532396,-8.354034593790615,4.311081817741783,936
2019,2020,MKD,disinformation,pinball_0.9,0.9034589694516226,-4.688450009566523,4.346139684949706,936
2019,2020,MLT,disinformation,pinball_0.9,1.6505842743882861,-3.4572823253741944,13.04856041850867,936
2019,2020,MNE,disinformation,pinball_0.9,1.9645637268294083,-14.99261870235334,4.653018565940746,936
2019,2020,MNG,disinformation,pinball_0.9,1.2709686102318802,-4.557751975834307,8.151934126484498,936
2019,2020,MOZ,disinformation,pinball_0.9,1.0273477859868188,-1.2195225001119212,9.05395535975627,936
2019,2020,MUS,disinformation,pinball_0.9,1.9687791371553536,-14.197435813779151,5.4903555577743886,936
2019,2020,MYS,disinformation,pinball_0.9,1.0432103871245622,-5.456846584267012,4.975257286978612,936
2019,2020,NAM,disinformation,pinball_0.9,0.8812861483437523,-8.10140201443319,0.7114594690043332,936
2019,2020,NIC,disinformation,pinball_0.9,0.823720967617845,-2.236541762623233,6.000667913555219,936
2019,2020,NLD,disinformation,pinball_0.9,0.7317358638020307,-3.867997141916078,3.4493614961042303,936
2019,2020,NOR,disinformation,pinball_0.9,0.38401849287717305,-1.3605572326158608,2.4796276961558705,936
2019,2020,NPL,disinformation,pinball_0.9,0.9107417405315967,-2.369620629207205,6.737796776108764,936
2019,2020,PAK,disinformation,pinball_0.9,0.7373671110817818,-1.2740874433870886,6.09958366743073,936
2019,2020,PAN,disinformation,pinball_0.9,2.547588013796224,-17.821117407460235,7.654762730502012,936
2019,2020,PER,disinformation,pinball_0.9,1.665041111848118,-10.933306501038231,5.717104617442953,936
2019,2020,PHL,disinformation,pinball_0.9,1.675631937273997,-9.518294740452973,7.238024632287,936
2019,2020,POL,disinformation,pinball_0.9,0.8349490303011177,-2.035568823999768,6.313921479011411,936
2019,2020,PRT,disinformation,pinball_0.9,1.271363727562093,-8.204631593243874,4.509005682377058,936
2019,2020,PRY,disinformation,pinball_0.9,0.7628478283656694,-0.8197853909719157,6.808692892684781,936
2019,2020,PSE,disinformation,pinball_0.9,2.0280414838583565,-11.318466106513355,8.961948732070212,936
2019,2020,ROU,disinformation,pinball_0.9,0.8623646650087308,-3.598025460347571,5.025621189739738,936
2019,2020,RUS,disinformation,pinball_0.9,0.6341887859822006,-2.6536544969545304,3.6882333628674777,936
2019,2020,RWA,disinformation,pinball_0.9,1.1029851679064784,-2.7771048551512507,8.252746823913537,936
2019,2020,SAU,disinformation,pinball_0.9,1.3054513168770057,-3.804789019963124,9.249724148806935,936
2019,2020,SGP,disinformation,pinball_0.9,1.2662588341664456,-3.610842817299286,9.051745524365172,936
2019,2020,SLB,disinformation,pinball_0.9,0.8464091336149394,-3.381259258394053,5.082832077755343,936
2019,2020,SLV,disinformation,pinball_0.9,1.161555923531689,-7.8931013598670035,3.722457875449889,936
2019,2020,SVK,disinformation,pinball_0.9,0.7777055449641,-2.585512417332069,5.1915430323089335,936
2019,2020,SVN,disinformation,pinball_0.9,0.9708809571505096,-4.085000949428959,5.6238086220761385,936
2019,2020,SWE,disinformation,pinball_0.9,0.3702814129749829,-1.9337970403221616,1.7690170894276678,936
2019,2020,SWZ,disinformation,pinball_0.9,0.6784913082383629,-2.951834534092868,3.8330785482907626,936
2019,2020,SYC,disinformation,pinball_0.9,2.261184264339762,-11.739860828173192,10.871981815224434,936
2019,2020,TCD,disinformation,pinball_0.9,1.0036183692987983,-0.3936465823803985,9.642537110607586,936
2019,2020,THA,disinformation,pinball_0.9,1.0356806655169355,-6.093063129669531,4.263743525499826,936
2019,2020,TUR,disinformation,pinball_0.9,0.7101734526808618,1.803062470872547,8.904796997681167,936
2019,2020,TZA,disinformation,pinball_0.9,0.471097780061827,1.9919646064785468,6.702942407096818,936
2019,2020,UGA,disinformation,pinball_0.9,0.3305790486613911,2.951306422180977,6.257096908794889,936
2019,2020,UKR,disinformation,pinball_0.9,1.1412277102357096,-3.752817939831616,7.659459162525482,936
2019,2020,URY,disinformation,pinball_0.9,0.9347381196188534,-7.357327068973007,1.9900541272155294,936
2019,2020,USA,disinformation,pinball_0.9,0.49614620612837645,-2.081375977796,2.8800860834877655,936
2019,2020,UZB,disinformation,pinball_0.9,0.6497514541472169,1.621622816404482,8.119137357876653,936
2019,2020,VNM,disinformation,pinball_0.9,0.4845893597823505,2.865413209122721,7.711306806946228,936
2019,2020,VUT,disinformation,pinball_0.9,1.011064660041656,-5.725302820738506,4.385343779678055,936
2019,2020,XKX,disinformation,pinball_0.9,1.1383295940110247,-5.34027547826166,6.04302046184859,936
2019,2020,ZAF,disinformation,pinball_0.9,0.9623488149469475,-6.1689177146757,3.4545704347937765,936
2019,2020,ZMB,disinformation,pinball_0.9,0.8047172910640766,-2.7850550654516724,5.262117845189095,936
2020,2021,AGO,benchmark,squared_error,0.2769285880799291,1.090583699448146,1.616823747410983,1057
2020,2021,ALB,benchmark,squared_error,61.91185986558152,8.969576190740952,1.101167211437606,1057
2020,2021,ARE,benchmark,squared_error,7.025895376236241,4.552801401063562,1.9021608414560842,1057
2020,2021,ARM,benchmark,squared_error,4.338167921364303,5.800000000656453,3.7171730944147696,1057
2020,2021,AUS,benchmark,squared_error,0.1015251341687452,2.006948443350339,2.3255785332174845,1057
2020,2021,AUT,benchmark,squared_error,10.479691934610248,4.923091717179034,1.6858564871393247,1057
2020,2021,BEL,benchmark,squared_error,24.859330075597903,6.254456864665926,1.268543701001931,1057
2020,2021,BGD,benchmark,squared_error,1.3595671073010644,6.938679124424453,5.772674361440585,1057
2020,2021,BGR,benchmark,squared_error,44.61999036223794,7.828173107036648,1.148353471579569,1057
2020,2021,BIH,benchmark,squared_error,33.18345851528803,7.391642564728457,1.6311340355022368,1057
2020,2021,BLR,benchmark,squared_error,8.377031588859971,2.438862102349475,-0.45544810715813266,1057
2020,2021,BOL,benchmark,squared_error,46.63342244593309,10.029048882788617,3.2001820334546007,1057
2020,2021,BRA,benchmark,squared_error,9.438539895028356,4.762604379086085,1.6903837009725553,1057
2020,2021,BTN,benchmark,squared_error,0.9610919449301147,4.421367389450154,3.4410144198876016,1057
2020,2021,BWA,benchmark,squared_error,99.03786188461112,11.916272437600767,1.9644956171223704,1057
2020,2021,CAF,benchmark,squared_error,9.010924524595634,0.9829199962642292,-2.0189002056458776,1057
2020,2021,CHL,benchmark,squared_error,85.649527527918,11.337403240991335,2.08270024586945,1057
2020,2021,CHN,benchmark,squared_error,16.603696683792464,8.570384149817812,4.495620759902704,1057
2020,2021,CMR,benchmark,squared_error,1.7577169649964137,3.338857471795052,4.664646657524221,1057
2020,2021,COG,benchmark,squared_error,1.4956379963662545,1.0150703699090826,2.238033164259857,1057
2020,2021,COL,benchmark,squared_error,64.21491453428213,10.801198190487838,2.7877772896314434,1057
2020,2021,COM,benchmark,squared_error,1.9983628514252982,2.042452383208442,3.456087007651865,1057
2020,2021,CRI,benchmark,squared_error,24.68167798440783,8.218179539690823,3.2501137204400523,1057
2020,2021,CYP,benchmark,squared_error,9.629912622025412,11.397559080151185,8.294349028925936,1057
2020,2021,CZE,benchmark,squared_error,6.855065444522335,4.029018320551487,1.410800330291254,1057
2020,2021,DJI,benchmark,squared_error,7.034029837569645,4.407156675611532,7.059331224461898,1057
2020,2021,DNK,benchmark,squared_error,13.904917947426455,6.500254457562946,2.771324591310906,1057
2020,2021,DOM,benchmark,squared_error,92.05399835506398,14.012428906220691,4.417951413669886,1057
2020,2021,DZA,benchmark,squared_error,2.5008262465032725,3.7999999990070714,2.218599908421747,1057
2020,2021,ECU,benchmark,squared_error,54.360515236363746,9.421892690336309,2.0489343128352027,1057
2020,2021,ESP,benchmark,squared_error,6.749826738150296,6.683144204730013,4.085101337849196,1057
2020,2021,EST,benchmark,squared_error,26.52862495301202,8.25488044580031,3.1042858244956966,1057
2020,2021,FIN,benchmark,squared_error,6.464740003378137,2.67634641498897,0.13376111585382855,1057
2020,2021,FJI,benchmark,squared_error,13.02573528316189,-4.345961998975199,-0.7368436463630423,1057
2020,2021,FRA,benchmark,squared_error,37.91770097543662,6.882337833602392,0.7246027812120559,1057
2020,2021,GAB,benchmark,squared_error,4.091219448697922,1.467957315080909,3.4906336235143476,1057
2020,2021,GBR,benchmark,squared_error,31.70579047141873,8.543111845325498,2.912322338389661,1057
2020,2021,GEO,benchmark,squared_error,48.31646762030789,10.644233658096924,3.693228865960186,1057
2020,2021,GHA,benchmark,squared_error,2.244988937449131,5.076466435335419,6.574795150087002,1057
2020,2021,GIN,benchmark,squared_error,0.8388237713930468,5.582332811490502,6.498206040378129,1057
2020,2021,GMB,benchmark,squared_error,7.831717361851567,5.255968788167436,2.4574482215373523,1057
2020,2021,GNQ,benchmark,squared_error,0.5869128156274028,0.8602699563820693,0.09416760315020323,1057
2020,2021,GRC,benchmark,squared_error,50.04820746213613,8.654497860021308,1.5800220870656805,1057
2020,2021,GTM,benchmark,squared_error,28.814553752636833,8.041703988558325,2.673785047978388,1057
2020,2021,HKG,benchmark,squared_error,51.17301235046384,6.454430383339343,-0.6991010767483141,1057
2020,2021,HND,benchmark,squared_error,105.90693246549276,12.565284377127895,2.2741749876843667,1057
2020,2021,HRV,benchmark,squared_error,110.39425568657438,12.63127413127414,2.12440705842248,1057
2020,2021,HUN,benchmark,squared_error,31.227378663974655,7.222915808111367,1.6347695444587544,1057
2020,2021,IDN,benchmark,squared_error,0.009767885426386543,3.7028856282775138,3.8017182414494144,1057
2020,2021,IND,benchmark,squared_error,11.101339622317402,9.68959249191741,6.357725204296637,1057
2020,2021,IRL,benchmark,squared_error,40.4886843939274,16.258188115819735,9.895116185224623,1057
2020,2021,IRQ,benchmark,squared_error,1.8033591185185356,1.5021807095433957,2.845072782093731,1057
2020,2021,ISL,benchmark,squared_error,5.3564455278328085,5.180571907199052,2.8661723030181303,1057
2020,2021,ISR,benchmark,squared_error,36.875877511744385,9.335346902362488,3.2627957488731756,1057
2020,2021,ITA,benchmark,squared_error,80.08626555054597,8.931062108000546,-0.018030893558100836,1057
2020,2021,JPN,benchmark,squared_error,8.158564394370472,3.564195314744751,0.7078752356271334,1057
2020,2021,KAZ,benchmark,squared_error,0.00035468197074740415,4.299999997294563,4.318832999464886,1057
2020,2021,KEN,benchmark,squared_error,18.232012166706113,7.590489473334671,3.3205934363442955,1057
2020,2021,KGZ,benchmark,squared_error,9.148142624200572,5.507007626719229,2.4824179645996596,1057
2020,2021,KHM,benchmark,squared_error,1.726810884136113,3.0898428414866146,4.403924606117763,1057
2020,2021,KOR,benchmark,squared_error,13.126022807690013,4.612967954542867,0.989982609873362,1057
2020,2021,KWT,benchmark,squared_error,2.867554709262853,1.6721305430785949,-0.021255032997584244,1057
2020,2021,LBN,benchmark,squared_error,78.78181187369083,-7.001238625141156,1.8746732645573232,1057
2020,2021,LKA,benchmark,squared_error,0.3595440517037256,4.207476495002595,3.6078565722984495,1057
2020,2021,LSO,benchmark,squared_error,0.018030364129102704,2.2667096183329107,2.400986809728556,1057
2020,2021,LTU,benchmark,squared_error,14.681901701238873,6.394817729302062,2.5631207552135744,1057
2020,2021,LUX,benchmark,squared_error,8.423084469961005,6.92973270801744,4.027477641700731,1057
2020,2021,LVA,benchmark,squared_error,13.854083185093534,6.942541730625919,3.220434372543198,1057
2020,2021,MAR,benchmark,squared_error,21.791308154889183,8.154738898236815,3.4866227734077437,1057
2020,2021,MDA,benchmark,squared_error,130.7996942413157,13.929999788978575,2.4932303919278636,1057
2020,2021,MDG,benchmark,squared_error,4.208558818988598,4.65068343174309,2.5992062032590404,1057
2020,2021,MDV,benchmark,squared_error,1001.7254937405344,37.50787012432096,5.85782282987708,1057
2020,2021,MEX,benchmark,squared_error,13.568197721447566,6.048483471735722,2.364980014231227,1057
2020,2021,MKD,benchmark,squared_error,2.2210748635313107,4.510679490382216,3.0203523908730814,1057
2020,2021,MLT,benchmark,squared_error,23.935270239227542,13.35098189254984,8.458613321067562,1057
2020,2021,MNE,benchmark,squared_error,136.2085131337001,13.046260742635909,1.3754204501076917,1057
2020,2021,MNG,benchmark,squared_error,30.618811031821156,1.636769577366621,7.170196276241484,1057
2020,2021,MOZ,benchmark,squared_error,8.707582725567818,2.3774357276150653,5.328297080774142,1057
2020,2021,MUS,benchmark,squared_error,1.4330843928693162,3.33809084057279,4.535205869661188,1057
2020,2021,MWI,benchmark,squared_error,0.22327647755819185,4.558292120160829,5.030813524499502,1057
2020,2021,MYS,benchmark,squared_error,1.5918243321284953,3.3153495439916583,2.0536743353390925,1057
2020,2021,NAM,benchmark,squared_error,12.388646018617987,3.6038291924870265,0.08407834638754919,1057
2020,2021,NIC,benchmark,squared_error,41.09240719443876,10.454388781651543,4.044052815850783,1057
2020,2021,NLD,benchmark,squared_error,13.493437385597588,6.276835937452162,2.603494490540701,1057
2020,2021,NOR,benchmark,squared_error,10.571091148975334,4.1431468876919695,0.8918254411143884,1057
2020,2021,NPL,benchmark,squared_error,2.5518949117751095,4.838149614114997,6.435614766090184,1057
2020,2021,PAK,benchmark,squared_error,3.780920685888681,6.513885758527024,4.5694267885591096,1057
2020,2021,PAN,benchmark,squared_error,165.87723383363684,16.466999202265214,3.5876656079507603,1057
2020,2021,PER,benchmark,squared_error,100.98016128975296,13.416645612651308,3.367757052728228,1057
2020,2021,PHL,benchmark,squared_error,0.1703032899540933,5.714733131851162,5.302054940091416,1057
2020,2021,POL,benchmark,squared_error,10.460178697965567,6.9271826605250055,3.69296270851717,1057
2020,2021,PRT,benchmark,squared_error,9.780566230900009,5.558756720703741,2.4313670374535055,1057
2020,2021,PRY,benchmark,squared_error,1.3533599663110463,3.9946151073153535,2.8312751027117784,1057
2020,2021,PSE,benchmark,squared_error,9.380632966757663,7.011982275920033,3.949200375954307,1057
2020,2021,ROU,benchmark,squared_error,15.26137162180572,5.5873507253886885,1.6807701717835641,1057
2020,2021,RUS,benchmark,squared_error,22.741891394363606,5.866491772979003,1.0976458544822014,1057
2020,2021,RWA,benchmark,squared_error,8.500879528011259,8.41140448646523,5.495777705134797,1057
2020,2021,SAU,benchmark,squared_error,14.082774293143967,6.519596983254189,2.766894717800138,1057
2020,2021,SGP,benchmark,squared_error,48.304297005595785,10.141084519719158,3.1909552399434364,1057
2020,2021,SLB,benchmark,squared_error,11.48440969321564,-0.2279752927920242,3.1608902538497485,1057
2020,2021,SLV,benchmark,squared_error,96.41187277817781,11.904761701595676,2.085806931449426,1057
2020,2021,SVK,benchmark,squared_error,12.380821728792604,5.6558588065555,2.137219619484367,1057
2020,2021,SVN,benchmark,squared_error,32.294901786849735,8.416864577253207,2.7340042246798895,1057
2020,2021,SWE,benchmark,squared_error,8.593675376353838,5.225864302877298,2.29436718086714,1057
2020,2021,SWZ,benchmark,squared_error,2.7753552306158586,4.23621913615419,2.5702793921610714,1057
2020,2021,TCD,benchmark,squared_error,12.632023216252687,0.2934426480334338,3.847598415055004,1057
2020,2021,THA,benchmark,squared_error,0.11459565635617451,1.5585823207689344,1.2200625187540826,1057
2020,2021,TUR,benchmark,squared_error,28.514291426957346,11.811094450607,6.471216977578489,1057
2020,2021,TZA,benchmark,squared_error,1.9945815472555877,4.321384294804815,5.73368084555313,1057
2020,2021,UGA,benchmark,squared_error,0.8873339077093158,3.53658034070898,4.478564368020121,1057
2020,2021,UKR,benchmark,squared_error,0.02454942761324672,3.4456206594594363,3.2889380898696867,1057
2020,2021,URY,benchmark,squared_error,24.487212614483568,5.8442732501808194,0.8958176714690564,1057
2020,2021,USA,benchmark,squared_error,24.871357326571754,6.152022478675264,1.1649033376709355,1057
2020,2021,UZB,benchmark,squared_error,3.367375950762013,8.204485123538774,6.3694439930019096,1057
2020,2021,VNM,benchmark,squared_error,8.185290895116594,2.553728526481308,5.4147232652245645,1057
2020,2021,VUT,benchmark,squared_error,19.28526227136223,-1.1633248862609094,3.2281739776080354,1057
2020,2021,XKX,benchmark,squared_error,57.9256189487877,10.745656081958302,3.134767897995296,1057
2020,2021,ZAF,benchmark,squared_error,6.351277614641771,4.858648650601481,2.3384745267279397,1057
2020,2021,ZMB,benchmark,squared_error,5.189877723245802,6.234922047264476,3.956791734212608,1057
2020,2021,AGO,benchmark,pinball_0.1,0.06414359799167417,1.090583699448146,0.4491477195314042,1057
2020,2021,ALB,benchmark,pinball_0.1,0.8912657523408692,8.969576190740952,0.05691866733225992,1057
2020,2021,ARE,benchmark,pinball_0.1,0.36955892117456557,4.552801401063562,0.8572121893179063,1057
2020,2021,ARM,benchmark,pinball_0.1,0.7008322397322883,5.800000000656453,-1.208322396666428,1057
2020,2021,AUS,benchmark,pinball_0.1,0.008367753520396804,2.006948443350339,1.923270908146371,1057
2020,2021,AUT,benchmark,pinball_0.1,0.41392265216442103,4.923091717179034,0.7838651955348235,1057
2020,2021,BEL,benchmark,pinball_0.1,0.6728345065126418,6.254456864665926,-0.47388820046049185,1057
2020,2021,BGD,benchmark,pinball_0.1,0.1984646686191378,6.938679124424453,4.9540324382330745,1057
2020,2021,BGR,benchmark,pinball_0.1,0.8792224778509606,7.828173107036648,-0.964051671472959,1057
2020,2021,BIH,benchmark,pinball_0.1,0.851041585747023,7.391642564728457,-1.1187732927417733,1057
2020,2021,BLR,benchmark,pinball_0.1,0.5531786956819882,2.438862102349475,-3.0929248544704064,1057
2020,2021,BOL,benchmark,pinball_0.1,0.7807910377444967,10.029048882788617,2.2211385053436516,1057
2020,2021,BRA,benchmark,pinball_0.1,0.7274592009000036,4.762604379086085,-2.5119876299139507,1057
2020,2021,BTN,benchmark,pinball_0.1,0.3214841764199606,4.421367389450154,1.2065256252505483,1057
2020,2021,BWA,benchmark,pinball_0.1,1.5600975130391757,11.916272437600767,-3.6847026927909883,1057
2020,2021,CAF,benchmark,pinball_0.1,3.565078083090892,0.9829199962642292,-34.66786083464469,1057
2020,2021,CHL,benchmark,pinball_0.1,1.093404556159419,11.337403240991335,0.4033576793971463,1057
2020,2021,CHN,benchmark,pinball_0.1,0.3187719592456697,8.570384149817812,5.382664557361116,1057
2020,2021,CMR,benchmark,pinball_0.1,0.4727727719174153,3.338857471795052,3.864160551703291,1057
2020,2021,COG,benchmark,pinball_0.1,0.5063836553956078,1.0150703699090826,-4.048766184046995,1057
2020,2021,COL,benchmark,pinball_0.1,0.928864257922255,10.801198190487838,1.512555611265288,1057
2020,2021,COM,benchmark,pinball_0.1,0.09226418438654775,2.042452383208442,2.1449681436379393,1057
2020,2021,CRI,benchmark,pinball_0.1,0.5604208010978469,8.218179539690823,2.613971528712354,1057
2020,2021,CYP,benchmark,pinball_0.1,0.8206357601135169,11.397559080151185,3.191201479016016,1057
2020,2021,CZE,benchmark,pinball_0.1,0.5468196726254655,4.029018320551487,-1.4391784057031671,1057
2020,2021,DJI,benchmark,pinball_0.1,1.2169139375935891,4.407156675611532,5.759283272937742,1057
2020,2021,DNK,benchmark,pinball_0.1,0.4685626544791223,6.500254457562946,1.8146279127717229,1057
2020,2021,DOM,benchmark,pinball_0.1,0.9550154761706717,14.012428906220691,4.462274144513975,1057
2020,2021,DZA,benchmark,pinball_0.1,0.2574807368671084,3.7999999990070714,1.2251926303359877,1057
2020,2021,ECU,benchmark,pinball_0.1,0.9758819576488158,9.421892690336309,-0.33692688615184974,1057
2020,2021,ESP,benchmark,pinball_0.1,0.39959632052594546,6.683144204730013,2.6871809994705584,1057
2020,2021,EST,benchmark,pinball_0.1,0.7075358868686049,8.25488044580031,1.1795215771142615,1057
2020,2021,FIN,benchmark,pinball_0.1,0.4130312079368115,2.67634641498897,-1.4539656643791448,1057
2020,2021,FJI,benchmark,pinball_0.1,1.5174935842255912,-4.345961998975199,-2.6598580165023202,1057
2020,2021,FRA,benchmark,pinball_0.1,0.710672955430108,6.882337833602392,-0.22439172069868718,1057
2020,2021,GAB,benchmark,pinball_0.1,0.10888476825373568,1.467957315080909,0.37910963254355234,1057
2020,2021,GBR,benchmark,pinball_0.1,0.6929493008928564,8.543111845325498,1.6136188363969346,1057
2020,2021,GEO,benchmark,pinball_0.1,0.8148591435358647,10.644233658096924,2.495642222738278,1057
2020,2021,GHA,benchmark,pinball_0.1,0.1594489345425783,5.076466435335419,3.4819770899096363,1057
2020,2021,GIN,benchmark,pinball_0.1,0.22101528318921862,5.582332811490502,3.3721799795983163,1057
2020,2021,GMB,benchmark,pinball_0.1,0.8126819424170691,5.255968788167436,-2.8708506360032553,1057
2020,2021,GNQ,benchmark,pinball_0.1,0.579185958000239,0.8602699563820693,-4.9315896236203205,1057
2020,2021,GRC,benchmark,pinball_0.1,1.2223158305050843,8.654497860021308,-3.5686604450295323,1057
2020,2021,GTM,benchmark,pinball_0.1,0.685340993767921,8.041703988558325,1.1882940508791155,1057
2020,2021,HKG,benchmark,pinball_0.1,0.767373722039799,6.454430383339343,-1.219306837058647,1057
2020,2021,HND,benchmark,pinball_0.1,1.1198840145226503,12.565284377127895,1.3664442319013932,1057
2020,2021,HRV,benchmark,pinball_0.1,1.4407723923134697,12.63127413127414,-1.7764497918605568,1057
2020,2021,HUN,benchmark,pinball_0.1,0.8824008339262914,7.222915808111367,-1.6010925311515463,1057
2020,2021,IDN,benchmark,pinball_0.1,0.693682212480662,3.7028856282775138,4.473643642144916,1057
2020,2021,IND,benchmark,pinball_0.1,0.5038817062780734,9.68959249191741,4.650775429136676,1057
2020,2021,IRL,benchmark,pinball_0.1,1.2097149623988166,16.258188115819735,4.161038491831569,1057
2020,2021,IRQ,benchmark,pinball_0.1,0.33830174509685423,1.5021807095433957,-1.8808367414251466,1057
2020,2021,ISL,benchmark,pinball_0.1,0.34794543128353717,5.180571907199052,1.701117594363681,1057
2020,2021,ISR,benchmark,pinball_0.1,0.7516205133114973,9.335346902362488,1.819141769247516,1057
2020,2021,ITA,benchmark,pinball_0.1,1.0829091841367302,8.931062108000546,-1.8980297333667542,1057
2020,2021,JPN,benchmark,pinball_0.1,0.35235124360476705,3.564195314744751,0.04068287869708076,1057
2020,2021,KAZ,benchmark,pinball_0.1,0.021385663630393115,4.299999997294563,4.086143360990632,1057
2020,2021,KEN,benchmark,pinball_0.1,0.46010859453124847,7.590489473334671,2.9894035280221862,1057
2020,2021,KGZ,benchmark,pinball_0.1,1.035856110296004,5.507007626719229,-4.8515534762408095,1057
2020,2021,KHM,benchmark,pinball_0.1,0.0824679931311704,3.0898428414866146,3.181473944965693,1057
2020,2021,KOR,benchmark,pinball_0.1,0.3598983223197575,4.612967954542867,1.0139847313452925,1057
2020,2021,KWT,benchmark,pinball_0.1,0.6804377021885766,1.6721305430785949,-5.132246478807171,1057
2020,2021,LBN,benchmark,pinball_0.1,3.6681739174301415,-7.001238625141156,-2.9254898279965538,1057
2020,2021,LKA,benchmark,pinball_0.1,0.15417694005097216,4.207476495002595,2.665707094492874,1057
2020,2021,LSO,benchmark,pinball_0.1,0.4757723525773601,2.2667096183329107,-2.4910139074406907,1057
2020,2021,LTU,benchmark,pinball_0.1,0.5738210973799486,6.394817729302062,0.6566067555025756,1057
2020,2021,LUX,benchmark,pinball_0.1,0.5282452788428513,6.92973270801744,1.647279919588927,1057
2020,2021,LVA,benchmark,pinball_0.1,0.5184169451117484,6.942541730625919,1.758372279508436,1057
2020,2021,MAR,benchmark,pinball_0.1,0.7432272233419999,8.154738898236815,0.7224666648168165,1057
2020,2021,MDA,benchmark,pinball_0.1,1.4008637405576638,13.929999788978575,-0.07863761659806268,1057
2020,2021,MDG,benchmark,pinball_0.1,0.629985753345172,4.65068343174309,-1.6491741017086299,1057
2020,2021,MDV,benchmark,pinball_0.1,3.3013268835174068,37.50787012432096,4.494601289146892,1057
2020,2021,MEX,benchmark,pinball_0.1,0.5507515208517781,6.048483471735722,0.5409682632179402,1057
2020,2021,MKD,benchmark,pinball_0.1,0.3303458932995379,4.510679490382216,1.2072205573868375,1057
2020,2021,MLT,benchmark,pinball_0.1,0.9577656003064625,13.35098189254984,3.773325889485215,1057
2020,2021,MNE,benchmark,pinball_0.1,1.719367025301339,13.046260742635909,-4.147409510377477,1057
2020,2021,MNG,benchmark,pinball_0.1,3.8111825385462477,1.636769577366621,5.871416842418007,1057
2020,2021,MOZ,benchmark,pinball_0.1,0.5153543893703888,2.3774357276150653,2.950051715804386,1057
2020,2021,MUS,benchmark,pinball_0.1,0.7149460361325689,3.33809084057279,4.132475325164533,1057
2020,2021,MWI,benchmark,pinball_0.1,0.09894335442674987,4.558292120160829,4.668229180634995,1057
2020,2021,MYS,benchmark,pinball_0.1,0.3484703183175071,3.3153495439916583,-0.16935363918341206,1057
2020,2021,NAM,benchmark,pinball_0.1,0.42532077376830846,3.6038291924870265,-0.6493785451960581,1057
2020,2021,NIC,benchmark,pinball_0.1,0.9940639958559387,10.454388781651543,0.5137488230921559,1057
2020,2021,NLD,benchmark,pinball_0.1,0.5188771916328363,6.276835937452162,1.0880640211237997,1057
2020,2021,NOR,benchmark,pinball_0.1,0.48078967963069275,4.1431468876919695,-0.664749908614958,1057
2020,2021,NPL,benchmark,pinball_0.1,0.33728894958050404,4.838149614114997,5.21291511364889,1057
2020,2021,PAK,benchmark,pinball_0.1,0.3593209151998486,6.513885758527024,2.920676606528538,1057
2020,2021,PAN,benchmark,pinball_0.1,1.3077782056092797,16.466999202265214,3.389217146172417,1057
2020,2021,PER,benchmark,pinball_0.1,1.1184846729886313,13.416645612651308,2.2317988827649957,1057
2020,2021,PHL,benchmark,pinball_0.1,0.4755730754386647,5.714733131851162,0.9590023774645148,1057
2020,2021,POL,benchmark,pinball_0.1,0.5600690535777817,6.9271826605250055,1.326492124747189,1057
2020,2021,PRT,benchmark,pinball_0.1,0.505622409420541,5.558756720703741,0.5025326264983309,1057
2020,2021,PRY,benchmark,pinball_0.1,0.2823551750963514,3.9946151073153535,1.1710633563518398,1057
2020,2021,PSE,benchmark,pinball_0.1,0.5558298031904946,7.011982275920033,1.4536842440150886,1057
2020,2021,ROU,benchmark,pinball_0.1,0.6461546551502595,5.5873507253886885,-0.8741958261139064,1057
2020,2021,RUS,benchmark,pinball_0.1,0.5612289635720435,5.866491772979003,0.25420213725856855,1057
2020,2021,RWA,benchmark,pinball_0.1,0.4846307220505914,8.41140448646523,3.5650972659593165,1057
2020,2021,SAU,benchmark,pinball_0.1,0.5186323701397199,6.519596983254189,1.3332732818569912,1057
2020,2021,SGP,benchmark,pinball_0.1,0.7442707748516176,10.141084519719158,2.6983767712029825,1057
2020,2021,SLB,benchmark,pinball_0.1,1.268002896785452,-0.2279752927920242,1.1809168147473668,1057
2020,2021,SLV,benchmark,pinball_0.1,1.0392727137815605,11.904761701595676,1.5120345637800705,1057
2020,2021,SVK,benchmark,pinball_0.1,0.5470559265321725,5.6558588065555,0.18529954123377435,1057
2020,2021,SVN,benchmark,pinball_0.1,0.8801549457095188,8.416864577253207,-0.3846848798419815,1057
2020,2021,SWE,benchmark,pinball_0.1,0.34951275742628307,5.225864302877298,1.7307367286144677,1057
2020,2021,SWZ,benchmark,pinball_0.1,0.5273760338546616,4.23621913615419,-1.037541202392426,1057
2020,2021,TCD,benchmark,pinball_0.1,0.3256396237424925,0.2934426480334338,-2.962953589391491,1057
2020,2021,THA,benchmark,pinball_0.1,0.45029311366769653,1.5585823207689344,-2.94434881590803,1057
2020,2021,TUR,benchmark,pinball_0.1,0.7187085254135558,11.811094450607,4.624009196471442,1057
2020,2021,TZA,benchmark,pinball_0.1,0.018970919695031088,4.321384294804815,4.1316750978545045,1057
2020,2021,UGA,benchmark,pinball_0.1,0.0774635905430578,3.53658034070898,2.761944435278402,1057
2020,2021,UKR,benchmark,pinball_0.1,0.836896650736084,3.4456206594594363,-4.923345847901404,1057
2020,2021,URY,benchmark,pinball_0.1,0.5245762732923599,5.8442732501808194,0.5985105172572214,1057
2020,2021,USA,benchmark,pinball_0.1,0.7586223002845303,6.152022478675264,-1.4342005241700377,1057
2020,2021,UZB,benchmark,pinball_0.1,0.28408698328392123,8.204485123538774,5.3636152906995616,1057
2020,2021,VNM,benchmark,pinball_0.1,2.701374067351534,2.553728526481308,5.5552552679830125,1057
2020,2021,VUT,benchmark,pinball_0.1,2.4753266841247825,-1.1633248862609094,1.5870380960999602,1057
2020,2021,XKX,benchmark,pinball_0.1,1.009924131998402,10.745656081958302,0.6464147619742824,1057
2020,2021,ZAF,benchmark,pinball_0.1,0.3565125595008275,4.858648650601481,1.2935230555932062,1057
2020,2021,ZMB,benchmark,pinball_0.1,0.47549281398797955,6.234922047264476,1.4799939073846806,1057
2020,2021,AGO,benchmark,pinball_0.5,0.22555943103805232,1.090583699448146,1.5417025615242506,1057
2020,2021,ALB,benchmark,pinball_0.5,3.4853772175880318,8.969576190740952,1.9988217555648886,1057
2020,2021,ARE,benchmark,pinball_0.5,0.9474526321955574,4.552801401063562,2.6578961366724467,1057
2020,2021,ARM,benchmark,pinball_0.5,1.2098543782027946,5.800000000656453,3.380291244250864,1057
2020,2021,AUS,benchmark,pinball_0.5,0.18813573125102234,2.006948443350339,2.3832199058523837,1057
2020,2021,AUT,benchmark,pinball_0.5,1.3968176280523557,4.923091717179034,2.1294564610743225,1057
2020,2021,BEL,benchmark,pinball_0.5,2.42190370324083,6.254456864665926,1.4106494581842661,1057
2020,2021,BGD,benchmark,pinball_0.5,0.3393690544123804,6.938679124424453,6.259941015599692,1057
2020,2021,BGR,benchmark,pinball_0.5,3.167299492701255,7.828173107036648,1.4935741216341372,1057
2020,2021,BIH,benchmark,pinball_0.5,2.340852911478894,7.391642564728457,2.7099367417706692,1057
2020,2021,BLR,benchmark,pinball_0.5,0.24639049087311604,2.438862102349475,1.946081120603243,1057
2020,2021,BOL,benchmark,pinball_0.5,3.0795615096323443,10.029048882788617,3.869925863523928,1057
2020,2021,BRA,benchmark,pinball_0.5,1.6151756006182247,4.762604379086085,1.5322531778496353,1057
2020,2021,BTN,benchmark,pinball_0.5,0.137931340907548,4.421367389450154,4.69723007126525,1057
2020,2021,BWA,benchmark,pinball_0.5,4.43515560131414,11.916272437600767,3.045961234972488,1057
2020,2021,CAF,benchmark,pinball_0.5,0.6928811670055084,0.9829199962642292,2.368682330275246,1057
2020,2021,CHL,benchmark,pinball_0.5,4.254916108394709,11.337403240991335,2.8275710242019176,1057
2020,2021,CHN,benchmark,pinball_0.5,1.6759542869641497,8.570384149817812,5.218475575889513,1057
2020,2021,CMR,benchmark,pinball_0.5,0.7457031379244028,3.338857471795052,4.8302637476438575,1057
2020,2021,COG,benchmark,pinball_0.5,0.05595134570639404,1.0150703699090826,1.1269730613218707,1057
2020,2021,COL,benchmark,pinball_0.5,3.919339492893431,10.801198190487838,2.962519204700977,1057
2020,2021,COM,benchmark,pinball_0.5,0.8299192609378745,2.042452383208442,3.702290905084191,1057
2020,2021,CRI,benchmark,pinball_0.5,2.331525418661262,8.218179539690823,3.555128702368299,1057
2020,2021,CYP,benchmark,pinball_0.5,1.4306446520805656,11.397559080151185,8.536269775990053,1057
2020,2021,CZE,benchmark,pinball_0.5,0.936563141038194,4.029018320551487,2.1558920384750992,1057
2020,2021,DJI,benchmark,pinball_0.5,1.2678286338455704,4.407156675611532,6.9428139433026725,1057
2020,2021,DNK,benchmark,pinball_0.5,2.0366879065136754,6.500254457562946,2.426878644535595,1057
2020,2021,DOM,benchmark,pinball_0.5,4.658714375780276,14.012428906220691,4.695000154660139,1057
2020,2021,DZA,benchmark,pinball_0.5,0.8366839921450897,3.7999999990070714,2.126632014716892,1057
2020,2021,ECU,benchmark,pinball_0.5,3.246409638903808,9.421892690336309,2.9290734125286924,1057
2020,2021,ESP,benchmark,pinball_0.5,1.2318141336133621,6.683144204730013,4.219515937503289,1057
2020,2021,EST,benchmark,pinball_0.5,2.3410364357015583,8.25488044580031,3.5728075743971943,1057
2020,2021,FIN,benchmark,pinball_0.5,0.6642551055268293,2.67634641498897,1.3478362039353113,1057
2020,2021,FJI,benchmark,pinball_0.5,2.1518694871221418,-4.345961998975199,-0.042223024730916076,1057
2020,2021,FRA,benchmark,pinball_0.5,3.2046925796077095,6.882337833602392,0.4729526743869732,1057
2020,2021,GAB,benchmark,pinball_0.5,1.3697536912254216,1.467957315080909,4.207464697531752,1057
2020,2021,GBR,benchmark,pinball_0.5,2.8055741671400907,8.543111845325498,2.931963511045317,1057
2020,2021,GEO,benchmark,pinball_0.5,3.164478794104673,10.644233658096924,4.315276069887578,1057
2020,2021,GHA,benchmark,pinball_0.5,1.5116763845692027,5.076466435335419,8.099819204473825,1057
2020,2021,GIN,benchmark,pinball_0.5,0.07649441813514857,5.582332811490502,5.7353216477608,1057
2020,2021,GMB,benchmark,pinball_0.5,0.4173320400395415,5.255968788167436,4.421304708088353,1057
2020,2021,GNQ,benchmark,pinball_0.5,2.254932848148899,0.8602699563820693,-3.6495957399157284,1057
2020,2021,GRC,benchmark,pinball_0.5,3.138093880734255,8.654497860021308,2.3783100985527987,1057
2020,2021,GTM,benchmark,pinball_0.5,2.5574933510619475,8.041703988558325,2.92671728643443,1057
2020,2021,HKG,benchmark,pinball_0.5,2.8626457688856455,6.454430383339343,0.7291388455680514,1057
2020,2021,HND,benchmark,pinball_0.5,4.8356304885646715,12.565284377127895,2.8940233999985523,1057
2020,2021,HRV,benchmark,pinball_0.5,4.996090632284399,12.63127413127414,2.639092866705342,1057
2020,2021,HUN,benchmark,pinball_0.5,2.3642742427341603,7.222915808111367,2.494367322643046,1057
2020,2021,IDN,benchmark,pinball_0.5,0.4072644002333501,3.7028856282775138,4.517414428744214,1057
2020,2021,IND,benchmark,pinball_0.5,0.9861207200832518,9.68959249191741,7.717351051750906,1057
2020,2021,IRL,benchmark,pinball_0.5,4.426908306558635,16.258188115819735,7.404371502702465,1057
2020,2021,IRQ,benchmark,pinball_0.5,1.484079948491166,1.5021807095433957,4.470340606525728,1057
2020,2021,ISL,benchmark,pinball_0.5,1.0640728736231244,5.180571907199052,3.0524261599528035,1057
2020,2021,ISR,benchmark,pinball_0.5,2.6553775703084694,9.335346902362488,4.024591761745549,1057
2020,2021,ITA,benchmark,pinball_0.5,4.0867399815652465,8.931062108000546,0.757582144870053,1057
2020,2021,JPN,benchmark,pinball_0.5,1.213590360397306,3.564195314744751,1.137014593950139,1057
2020,2021,KAZ,benchmark,pinball_0.5,0.10301860037683008,4.299999997294563,4.506037198048223,1057
2020,2021,KEN,benchmark,pinball_0.5,1.7011195805681467,7.590489473334671,4.188250312198377,1057
2020,2021,KGZ,benchmark,pinball_0.5,0.9232186554179058,5.507007626719229,3.6605703158834175,1057
2020,2021,KHM,benchmark,pinball_0.5,0.9125986270967381,3.0898428414866146,4.915040095680091,1057
2020,2021,KOR,benchmark,pinball_0.5,1.4666844496980094,4.612967954542867,1.6795990551468485,1057
2020,2021,KWT,benchmark,pinball_0.5,0.6396281937226093,1.6721305430785949,0.39287415563337635,1057
2020,2021,LBN,benchmark,pinball_0.5,4.590667127409873,-7.001238625141156,2.18009562967859,1057
2020,2021,LKA,benchmark,pinball_0.5,0.5785969603958834,4.207476495002595,3.0502825742108284,1057
2020,2021,LSO,benchmark,pinball_0.5,0.31034508696972374,2.2667096183329107,2.887399792272358,1057
2020,2021,LTU,benchmark,pinball_0.5,1.773756379155329,6.394817729302062,2.847304970991404,1057
2020,2021,LUX,benchmark,pinball_0.5,1.870818937708448,6.92973270801744,3.1880948326005436,1057
2020,2021,LVA,benchmark,pinball_0.5,1.8126616564879487,6.942541730625919,3.3172184176500217,1057
2020,2021,MAR,benchmark,pinball_0.5,2.484860147329145,8.154738898236815,3.1850186035785244,1057
2020,2021,MDA,benchmark,pinball_0.5,5.335597645669129,13.929999788978575,3.2588044976403183,1057
2020,2021,MDG,benchmark,pinball_0.5,0.8619379660879924,4.65068343174309,2.926807499567105,1057
2020,2021,MDV,benchmark,pinball_0.5,15.70447596171886,37.50787012432096,6.098918200883238,1057
2020,2021,MEX,benchmark,pinball_0.5,1.7579848487036056,6.048483471735722,2.5325137743285104,1057
2020,2021,MKD,benchmark,pinball_0.5,0.7056576170581066,4.510679490382216,3.099364256266003,1057
2020,2021,MLT,benchmark,pinball_0.5,2.821994572404502,13.35098189254984,7.706992747740835,1057
2020,2021,MNE,benchmark,pinball_0.5,5.266442592786559,13.046260742635909,2.5133755570627905,1057
2020,2021,MNG,benchmark,pinball_0.5,3.134931197631507,1.636769577366621,7.9066319726296355,1057
2020,2021,MOZ,benchmark,pinball_0.5,1.3756778239660896,2.3774357276150653,5.1287913755472445,1057
2020,2021,MUS,benchmark,pinball_0.5,0.7640211306218434,3.33809084057279,4.866133101816477,1057
2020,2021,MWI,benchmark,pinball_0.5,0.4060038818349838,4.558292120160829,5.370299883830796,1057
2020,2021,MYS,benchmark,pinball_0.5,0.36856250597673856,3.3153495439916583,4.052474555945135,1057
2020,2021,NAM,benchmark,pinball_0.5,2.0648466660399625,3.6038291924870265,-0.5258641395928988,1057
2020,2021,NIC,benchmark,pinball_0.5,2.5607038941383404,10.454388781651543,5.332980993374862,1057
2020,2021,NLD,benchmark,pinball_0.5,1.8306742465963468,6.276835937452162,2.6154874442594687,1057
2020,2021,NOR,benchmark,pinball_0.5,1.5722253464942648,4.1431468876919695,0.9986961947034398,1057
2020,2021,NPL,benchmark,pinball_0.5,0.8429258329911855,4.838149614114997,6.524001280097368,1057
2020,2021,PAK,benchmark,pinball_0.5,1.3147479085172704,6.513885758527024,3.8843899414924827,1057
2020,2021,PAN,benchmark,pinball_0.5,6.280937061751928,16.466999202265214,3.905125078761358,1057
2020,2021,PER,benchmark,pinball_0.5,4.900012016018762,13.416645612651308,3.616621580613786,1057
2020,2021,PHL,benchmark,pinball_0.5,0.14225530034987077,5.714733131851162,5.999243732550903,1057
2020,2021,POL,benchmark,pinball_0.5,1.3966381223821962,6.9271826605250055,4.133906415760613,1057
2020,2021,PRT,benchmark,pinball_0.5,1.3339940887795672,5.558756720703741,2.8907685431446066,1057
2020,2021,PRY,benchmark,pinball_0.5,0.3398476827359098,3.9946151073153535,3.314919741843534,1057
2020,2021,PSE,benchmark,pinball_0.5,1.331563433009129,7.011982275920033,4.348855409901775,1057
2020,2021,ROU,benchmark,pinball_0.5,1.4963738743734638,5.5873507253886885,2.594602976641761,1057
2020,2021,RUS,benchmark,pinball_0.5,2.0217568738650007,5.866491772979003,1.822978025249002,1057
2020,2021,RWA,benchmark,pinball_0.5,0.7683885130911356,8.41140448646523,6.874627460282959,1057
2020,2021,SAU,benchmark,pinball_0.5,1.715822616804163,6.519596983254189,3.087951749645863,1057
2020,2021,SGP,benchmark,pinball_0.5,3.252174372596069,10.141084519719158,3.6367357745270206,1057
2020,2021,SLB,benchmark,pinball_0.5,1.759326756722593,-0.2279752927920242,3.2906782206531617,1057
2020,2021,SLV,benchmark,pinball_0.5,4.788079880263801,11.904761701595676,2.328601941068074,1057
2020,2021,SVK,benchmark,pinball_0.5,1.811256353617889,5.6558588065555,2.033346099319722,1057
2020,2021,SVN,benchmark,pinball_0.5,2.7300500411775674,8.416864577253207,2.9567644948980725,1057
2020,2021,SWE,benchmark,pinball_0.5,1.2692546009189736,5.225864302877298,2.687355101039351,1057
2020,2021,SWZ,benchmark,pinball_0.5,0.7198525039339856,4.23621913615419,2.796514128286219,1057
2020,2021,TCD,benchmark,pinball_0.5,2.0449920125348493,0.2934426480334338,4.383426673103132,1057
2020,2021,THA,benchmark,pinball_0.5,0.4427967899162093,1.5585823207689344,2.444175900601353,1057
2020,2021,TUR,benchmark,pinball_0.5,2.497237661794402,11.811094450607,6.816619127018195,1057
2020,2021,TZA,benchmark,pinball_0.5,1.2824459466423952,4.321384294804815,6.886276188089606,1057
2020,2021,UGA,benchmark,pinball_0.5,0.6164949516186495,3.53658034070898,4.769570243946279,1057
2020,2021,UKR,benchmark,pinball_0.5,0.5291641565021417,3.4456206594594363,4.50394897246372,1057
2020,2021,URY,benchmark,pinball_0.5,2.5719411938128003,5.8442732501808194,0.7003908625552189,1057
2020,2021,USA,benchmark,pinball_0.5,2.394938478023817,6.152022478675264,1.36214552262763,1057
2020,2021,UZB,benchmark,pinball_0.5,0.9126497234557953,8.204485123538774,6.379185676627183,1057
2020,2021,VNM,benchmark,pinball_0.5,1.5823295453158464,2.553728526481308,5.718387617113001,1057
2020,2021,VUT,benchmark,pinball_0.5,2.4756835455807638,-1.1633248862609094,3.7880422049006177,1057
2020,2021,XKX,benchmark,pinball_0.5,3.284674113899379,10.745656081958302,4.1763078541595435,1057
2020,2021,ZAF,benchmark,pinball_0.5,1.32399758504939,4.858648650601481,2.210653480502701,1057
2020,2021,ZMB,benchmark,pinball_0.5,0.9291394201755789,6.234922047264476,4.376643206913318,1057
2020,2021,AGO,benchmark,pinball_0.9,0.008369072745634587,1.090583699448146,1.0812847297307742,1057
2020,2021,ALB,benchmark,pinball_0.9,4.7521176552203945,8.969576190740952,3.689445462718291,1057
2020,2021,ARE,benchmark,pinball_0.9,1.9179053312703098,4.552801401063562,2.421795477429884,1057
2020,2021,ARM,benchmark,pinball_0.9,0.15856456834837418,5.800000000656453,7.385645684140195,1057
2020,2021,AUS,benchmark,pinball_0.9,0.13957825614809694,2.006948443350339,3.402731004831309,1057
2020,2021,AUT,benchmark,pinball_0.9,2.1126873338209062,4.923091717179034,2.575661346266916,1057
2020,2021,BEL,benchmark,pinball_0.9,3.6917792915833374,6.254456864665926,2.152479874017773,1057
2020,2021,BGD,benchmark,pinball_0.9,0.06777140420460988,6.938679124424453,7.6163931664705515,1057
2020,2021,BGR,benchmark,pinball_0.9,4.388093817847376,7.828173107036648,2.9525133094284524,1057
2020,2021,BIH,benchmark,pinball_0.9,2.9493967313928886,7.391642564728457,4.114535085403025,1057
2020,2021,BLR,benchmark,pinball_0.9,0.08834990572570599,2.438862102349475,3.322361159606535,1057
2020,2021,BOL,benchmark,pinball_0.9,4.9539718368307435,10.029048882788617,4.524635730754458,1057
2020,2021,BRA,benchmark,pinball_0.9,0.09518833355907007,4.762604379086085,4.656839564020451,1057
2020,2021,BTN,benchmark,pinball_0.9,0.23991171583139653,4.421367389450154,6.82048454776412,1057
2020,2021,BWA,benchmark,pinball_0.9,5.632772426074635,11.916272437600767,5.65763640862895,1057
2020,2021,CAF,benchmark,pinball_0.9,0.5388487743075884,0.9829199962642292,6.371407739340114,1057
2020,2021,CHL,benchmark,pinball_0.9,6.347358927642363,11.337403240991335,4.2847822102776,1057
2020,2021,CHN,benchmark,pinball_0.9,2.330521406658572,8.570384149817812,5.980915920197177,1057
2020,2021,CMR,benchmark,pinball_0.9,0.20325813562089076,3.338857471795052,5.37143882800396,1057
2020,2021,COG,benchmark,pinball_0.9,0.8895799518827674,1.0150703699090826,9.910869888736759,1057
2020,2021,COL,benchmark,pinball_0.9,5.13547698785659,10.801198190487838,5.09511264842496,1057
2020,2021,COM,benchmark,pinball_0.9,0.2459913730920379,2.042452383208442,4.502366114128821,1057
2020,2021,CRI,benchmark,pinball_0.9,3.6640846879083475,8.218179539690823,4.14697433090377,1057
2020,2021,CYP,benchmark,pinball_0.9,0.017329068316877812,11.397559080151185,11.570849763319963,1057
2020,2021,CZE,benchmark,pinball_0.9,0.19092654603179998,4.029018320551487,3.8168777138494874,1057
2020,2021,DJI,benchmark,pinball_0.9,0.4821587498370017,4.407156675611532,9.22874417398155,1057
2020,2021,DNK,benchmark,pinball_0.9,2.49381840359421,6.500254457562946,3.7293451202360455,1057
2020,2021,DOM,benchmark,pinball_0.9,8.47777069760797,14.012428906220691,4.592683686656281,1057
2020,2021,DZA,benchmark,pinball_0.9,0.17018375357529278,3.7999999990070714,3.6109069394789683,1057
2020,2021,ECU,benchmark,pinball_0.9,2.8123017711055938,9.421892690336309,6.297112944663427,1057
2020,2021,ESP,benchmark,pinball_0.9,0.6295341927460706,6.683144204730013,5.98366176834549,1057
2020,2021,EST,benchmark,pinball_0.9,2.812299818669549,8.25488044580031,5.130102869500812,1057
2020,2021,FIN,benchmark,pinball_0.9,0.2689301600479445,2.67634641498897,2.3775351260468094,1057
2020,2021,FJI,benchmark,pinball_0.9,0.7826550276857361,-4.345961998975199,3.480588277882164,1057
2020,2021,FRA,benchmark,pinball_0.9,4.6074596398212995,6.882337833602392,1.7629382338009485,1057
2020,2021,GAB,benchmark,pinball_0.9,0.36505428993778405,1.467957315080909,5.11850021445875,1057
2020,2021,GBR,benchmark,pinball_0.9,3.683515491228286,8.543111845325498,4.450316855071847,1057
2020,2021,GEO,benchmark,pinball_0.9,4.293281774063894,10.644233658096924,5.873920575803709,1057
2020,2021,GHA,benchmark,pinball_0.9,0.38698946193528994,5.076466435335419,8.94636105468832,1057
2020,2021,GIN,benchmark,pinball_0.9,0.4539589402746116,5.582332811490502,10.12192221423662,1057
2020,2021,GMB,benchmark,pinball_0.9,0.13285744408393982,5.255968788167436,6.584543229006835,1057
2020,2021,GNQ,benchmark,pinball_0.9,0.6293387796697616,0.8602699563820693,7.1536577530796865,1057
2020,2021,GRC,benchmark,pinball_0.9,4.762149117484594,8.654497860021308,3.3632210628162045,1057
2020,2021,GTM,benchmark,pinball_0.9,3.7493294381782882,8.041703988558325,3.875782390582449,1057
2020,2021,HKG,benchmark,pinball_0.9,4.542324096366666,6.454430383339343,1.4074036095986031,1057
2020,2021,HND,benchmark,pinball_0.9,7.747937231453329,12.565284377127895,3.9564652310686403,1057
2020,2021,HRV,benchmark,pinball_0.9,7.878732861221728,12.63127413127414,3.877126507694442,1057
2020,2021,HUN,benchmark,pinball_0.9,2.492670480407114,7.222915808111367,4.453281940992351,1057
2020,2021,IDN,benchmark,pinball_0.9,0.12523543496357772,3.7028856282775138,4.955239977913291,1057
2020,2021,IND,benchmark,pinball_0.9,1.7377161305401712,9.68959249191741,7.758796791317219,1057
2020,2021,IRL,benchmark,pinball_0.9,1.9726413979153443,16.258188115819735,14.066364340358241,1057
2020,2021,IRQ,benchmark,pinball_0.9,0.3609345986848007,1.5021807095433957,5.111526696391404,1057
2020,2021,ISL,benchmark,pinball_0.9,0.4037772378090714,5.180571907199052,4.73193053185564,1057
2020,2021,ISR,benchmark,pinball_0.9,4.684620125291225,9.335346902362488,4.130213429816683,1057
2020,2021,ITA,benchmark,pinball_0.9,6.13056309396393,8.931062108000546,2.1193253369295126,1057
2020,2021,JPN,benchmark,pinball_0.9,1.8525080260037468,3.564195314744751,1.505853063629477,1057
2020,2021,KAZ,benchmark,pinball_0.9,0.061632968003482246,4.299999997294563,4.916329677329386,1057
2020,2021,KEN,benchmark,pinball_0.9,1.8712293967200122,7.590489473334671,5.511345699201324,1057
2020,2021,KGZ,benchmark,pinball_0.9,0.30822672522440614,5.507007626719229,8.589274878963291,1057
2020,2021,KHM,benchmark,pinball_0.9,0.3910436687768143,3.0898428414866146,7.000279529254758,1057
2020,2021,KOR,benchmark,pinball_0.9,1.9487520399390899,4.612967954542867,2.447687910166101,1057
2020,2021,KWT,benchmark,pinball_0.9,0.3805481498509454,1.6721305430785949,5.47761204158805,1057
2020,2021,LBN,benchmark,pinball_0.9,0.9742647864395282,-7.001238625141156,2.7414092392541285,1057
2020,2021,LKA,benchmark,pinball_0.9,0.23646264922075155,4.207476495002595,6.572102987210111,1057
2020,2021,LSO,benchmark,pinball_0.9,0.39248714916162963,2.2667096183329107,6.191581109949208,1057
2020,2021,LTU,benchmark,pinball_0.9,1.1596063029555028,6.394817729302062,5.106366281573726,1057
2020,2021,LUX,benchmark,pinball_0.9,0.8278977694113271,6.92973270801744,6.00984629756041,1057
2020,2021,LVA,benchmark,pinball_0.9,1.8408519903967184,6.942541730625919,4.897150630185121,1057
2020,2021,MAR,benchmark,pinball_0.9,2.5057537405557158,8.154738898236815,5.370568075397131,1057
2020,2021,MDA,benchmark,pinball_0.9,5.070561235993472,13.929999788978575,8.29604286009694,1057
2020,2021,MDG,benchmark,pinball_0.9,0.12986974350044453,4.65068343174309,5.949380866747536,1057
2020,2021,MDV,benchmark,pinball_0.9,26.66903350927994,37.50787012432096,7.87561066956547,1057
2020,2021,MEX,benchmark,pinball_0.9,1.6001466648649545,6.048483471735722,4.2705427329968835,1057
2020,2021,MKD,benchmark,pinball_0.9,0.00812508783888308,4.510679490382216,4.591930368771047,1057
2020,2021,MLT,benchmark,pinball_0.9,0.5389965926346401,13.35098189254984,12.752096789622462,1057
2020,2021,MNE,benchmark,pinball_0.9,7.637256463374295,13.046260742635909,4.560420227775581,1057
2020,2021,MNG,benchmark,pinball_0.9,0.6703000247327795,1.636769577366621,8.339769824694418,1057
2020,2021,MOZ,benchmark,pinball_0.9,0.5534114296218361,2.3774357276150653,7.911550023833428,1057
2020,2021,MUS,benchmark,pinball_0.9,0.16248104219725754,3.33809084057279,4.9629012625453655,1057
2020,2021,MWI,benchmark,pinball_0.9,0.08477493308768051,4.558292120160829,5.406041451037634,1057
2020,2021,MYS,benchmark,pinball_0.9,0.1218632472415862,3.3153495439916583,4.533982016407521,1057
2020,2021,NAM,benchmark,pinball_0.9,2.4745604145106945,3.6038291924870265,0.8543176208084771,1057
2020,2021,NIC,benchmark,pinball_0.9,4.053455634666397,10.454388781651543,5.950549187577769,1057
2020,2021,NLD,benchmark,pinball_0.9,2.353964703473867,6.276835937452162,3.6613196002589765,1057
2020,2021,NOR,benchmark,pinball_0.9,1.7638118704215253,4.1431468876919695,2.1833559205569415,1057
2020,2021,NPL,benchmark,pinball_0.9,0.16647592565365588,4.838149614114997,6.502908870651556,1057
2020,2021,PAK,benchmark,pinball_0.9,0.05260679409817213,6.513885758527024,6.45543376508461,1057
2020,2021,PAN,benchmark,pinball_0.9,9.095630543300784,16.466999202265214,6.36074304304212,1057
2020,2021,PER,benchmark,pinball_0.9,7.1898473457635586,13.416645612651308,5.427926339580688,1057
2020,2021,PHL,benchmark,pinball_0.9,0.10487167460189502,5.714733131851162,6.763449877870112,1057
2020,2021,POL,benchmark,pinball_0.9,1.4445116196103143,6.9271826605250055,5.3221697498468785,1057
2020,2021,PRT,benchmark,pinball_0.9,1.1080925306907317,5.558756720703741,4.327542797714039,1057
2020,2021,PRY,benchmark,pinball_0.9,0.33652943966841786,3.9946151073153535,7.359909503999533,1057
2020,2021,PSE,benchmark,pinball_0.9,0.16429474253027646,7.011982275920033,8.654929701222798,1057
2020,2021,ROU,benchmark,pinball_0.9,0.6263949553851763,5.5873507253886885,4.89135633051627,1057
2020,2021,RUS,benchmark,pinball_0.9,1.5863531166341565,5.866491772979003,4.103877198941052,1057
2020,2021,RWA,benchmark,pinball_0.9,0.5037048009419322,8.41140448646523,7.851732485418639,1057
2020,2021,SAU,benchmark,pinball_0.9,0.3121247030319899,6.519596983254189,9.640844013574089,1057
2020,2021,SGP,benchmark,pinball_0.9,5.062048629455683,10.141084519719158,4.516586042546177,1057
2020,2021,SLB,benchmark,pinball_0.9,0.5423596923612612,-0.2279752927920242,5.19562163082059,1057
2020,2021,SLV,benchmark,pinball_0.9,8.640484182976936,11.904761701595676,2.3042237205101923,1057
2020,2021,SVK,benchmark,pinball_0.9,0.6864190293825373,5.6558588065555,4.893170996130459,1057
2020,2021,SVN,benchmark,pinball_0.9,3.2760392666920266,8.416864577253207,4.7768209475954,1057
2020,2021,SWE,benchmark,pinball_0.9,2.172354447126338,5.225864302877298,2.812137139403589,1057
2020,2021,SWZ,benchmark,pinball_0.9,0.19032956341266138,4.23621913615419,6.139514770280805,1057
2020,2021,TCD,benchmark,pinball_0.9,0.9051326767603678,0.2934426480334338,9.344769415637113,1057
2020,2021,THA,benchmark,pinball_0.9,0.22651791129676851,1.5585823207689344,3.82376143373662,1057
2020,2021,TUR,benchmark,pinball_0.9,2.839428726177853,11.811094450607,8.656173643742719,1057
2020,2021,TZA,benchmark,pinball_0.9,0.20651345053980436,4.321384294804815,6.386518800202859,1057
2020,2021,UGA,benchmark,pinball_0.9,0.28042246531068243,3.53658034070898,6.340804993815805,1057
2020,2021,UKR,benchmark,pinball_0.9,0.3060917127005686,3.4456206594594363,6.506537786465123,1057
2020,2021,URY,benchmark,pinball_0.9,3.5503381737881927,5.8442732501808194,1.8994530570828274,1057
2020,2021,USA,benchmark,pinball_0.9,3.349377262376743,6.152022478675264,2.43049218714555,1057
2020,2021,UZB,benchmark,pinball_0.9,0.45423168330007185,8.204485123538774,7.699783253205361,1057
2020,2021,VNM,benchmark,pinball_0.9,0.448441641661051,2.553728526481308,7.038144943091819,1057
2020,2021,VUT,benchmark,pinball_0.9,0.5432172845999911,-1.1633248862609094,4.268847959739002,1057
2020,2021,XKX,benchmark,pinball_0.9,4.8830194277089625,10.745656081958302,5.320078940059455,1057
2020,2021,ZAF,benchmark,pinball_0.9,1.3658588622293864,4.858648650601481,3.3410276925688294,1057
2020,2021,ZMB,benchmark,pinball_0.9,1.062930410074365,6.234922047264476,5.053888258292959,1057
2020,2021,AGO,disinformation,squared_error,0.22180659076641995,1.090583699448146,1.5615471701827879,1057
2020,2021,ALB,disinformation,squared_error,63.14524463996325,8.969576190740952,1.023177972682455,1057
2020,2021,ARE,disinformation,squared_error,6.893324659907476,4.552801401063562,1.9272872304852582,1057
2020,2021,ARM,disinformation,squared_error,8.09090206534754,5.800000000656453,2.9555488997676473,1057
2020,2021,AUS,disinformation,squared_error,0.44386585954025415,2.006948443350339,2.67318103001978,1057
2020,2021,AUT,disinformation,squared_error,9.37137754213387,4.923091717179034,1.8618211407461258,1057
2020,2021,BEL,disinformation,squared_error,23.86134207563142,6.254456864665926,1.369649593582304,1057
2020,2021,BGD,disinformation,squared_error,1.955502758732512,6.938679124424453,5.540286204415018,1057
2020,2021,BGR,disinformation,squared_error,39.576129337250094,7.828173107036648,1.5372169525836468,1057
2020,2021,BIH,disinformation,squared_error,30.921598833413107,7.391642564728457,1.8309232917015308,1057
2020,2021,BLR,disinformation,squared_error,6.267257044313271,2.438862102349475,-0.06458692735200289,1057
2020,2021,BOL,disinformation,squared_error,43.733690838203245,10.029048882788617,3.415903576793651,1057
2020,2021,BRA,disinformation,squared_error,2.325440484454706,4.762604379086085,3.237664877186188,1057
2020,2021,BTN,disinformation,squared_error,1.5046247028603084,4.421367389450154,3.1947359440435443,1057
2020,2021,BWA,disinformation,squared_error,98.93696926977641,11.916272437600767,1.9695659842174955,1057
2020,2021,CAF,disinformation,squared_error,9.369330893012895,0.9829199962642292,-2.0780162809249734,1057
2020,2021,CHL,disinformation,squared_error,79.96104404563238,11.337403240991335,2.3953093002170407,1057
2020,2021,CHN,disinformation,squared_error,19.042984149038663,8.570384149817812,4.206557371743473,1057
2020,2021,CMR,disinformation,squared_error,2.156402513290152,3.338857471795052,4.80732691760935,1057
2020,2021,COG,disinformation,squared_error,2.009224625265784,1.0150703699090826,2.4325415778232977,1057
2020,2021,COL,disinformation,squared_error,62.11870180571107,10.801198190487838,2.919656348582089,1057
2020,2021,COM,disinformation,squared_error,1.7764830388145618,2.042452383208442,3.3753001009971477,1057
2020,2021,CRI,disinformation,squared_error,25.2194896837498,8.218179539690823,3.196278536709004,1057
2020,2021,CYP,disinformation,squared_error,8.395103269928402,11.397559080151185,8.500128620256003,1057
2020,2021,CZE,disinformation,squared_error,4.46854127250591,4.029018320551487,1.915125874728874,1057
2020,2021,DJI,disinformation,squared_error,6.322909020835006,4.407156675611532,6.921696200223345,1057
2020,2021,DNK,disinformation,squared_error,14.279634760664306,6.500254457562946,2.7214140586225106,1057
2020,2021,DOM,disinformation,squared_error,93.47162489653817,14.012428906220691,4.344356456319514,1057
2020,2021,DZA,disinformation,squared_error,2.543710453114002,3.7999999990070714,2.205098606094644,1057
2020,2021,ECU,disinformation,squared_error,57.56647596656583,9.421892690336309,1.834635217008688,1057
2020,2021,ESP,disinformation,squared_error,6.99807440772246,6.683144204730013,4.037756821430081,1057
2020,2021,EST,disinformation,squared_error,21.496344206631875,8.25488044580031,3.618465429148773,1057
2020,2021,FIN,disinformation,squared_error,6.8524607888548354,2.67634641498897,0.05862588199564911,1057
2020,2021,FJI,disinformation,squared_error,14.029441072115064,-4.345961998975199,-0.600372449636529,1057
2020,2021,FRA,disinformation,squared_error,39.96151705063477,6.882337833602392,0.5608255896345957,1057
2020,2021,GAB,disinformation,squared_error,4.285273114805756,1.467957315080909,3.538047437468279,1057
2020,2021,GBR,disinformation,squared_error,30.39602582805239,8.543111845325498,3.02985275218899,1057
2020,2021,GEO,disinformation,squared_error,44.55565728937336,10.644233658096924,3.9692312394177103,1057
2020,2021,GHA,disinformation,squared_error,1.8166259682199206,5.076466435335419,6.424289112181272,1057
2020,2021,GIN,disinformation,squared_error,0.9353510004033003,5.582332811490502,6.54946827273846,1057
2020,2021,GMB,disinformation,squared_error,16.500492602238047,5.255968788167436,1.193888951158069,1057
2020,2021,GNQ,disinformation,squared_error,0.5610631148521178,0.8602699563820693,0.11122849234144772,1057
2020,2021,GRC,disinformation,squared_error,53.2254233899454,8.654497860021308,1.358922256277256,1057
2020,2021,GTM,disinformation,squared_error,24.48510758476514,8.041703988558325,3.093461110044262,1057
2020,2021,HKG,disinformation,squared_error,48.24208317090903,6.454430383339343,-0.4912217221802697,1057
2020,2021,HND,disinformation,squared_error,102.040008396247,12.565284377127895,2.463798922193705,1057
2020,2021,HRV,disinformation,squared_error,110.32318699128193,12.63127413127414,2.1277896146348194,1057
2020,2021,HUN,disinformation,squared_error,25.344747988156694,7.222915808111367,2.1885590479922854,1057
2020,2021,IDN,disinformation,squared_error,0.005094759322500252,3.7028856282775138,3.7742632110504,1057
2020,2021,IND,disinformation,squared_error,10.705911845052908,9.68959249191741,6.417603518058709,1057
2020,2021,IRL,disinformation,squared_error,40.335037067626864,16.258188115819735,9.90720102186128,1057
2020,2021,IRQ,disinformation,squared_error,1.693933224833919,1.5021807095433957,2.8036926091562724,1057
2020,2021,ISL,disinformation,squared_error,6.0462793963859705,5.180571907199052,2.7216535685009227,1057
2020,2021,ISR,disinformation,squared_error,36.390918271241695,9.335346902362488,3.3028583386566526,1057
2020,2021,ITA,disinformation,squared_error,74.20051355566699,8.931062108000546,0.3170901115480973,1057
2020,2021,JPN,disinformation,squared_error,7.106089468348584,3.564195314744751,0.8984703723794318,1057
2020,2021,KAZ,disinformation,squared_error,0.0016296406715032978,4.299999997294563,4.259631189143922,1057
2020,2021,KEN,disinformation,squared_error,19.16480558252039,7.590489473334671,3.2127268504278064,1057
2020,2021,KGZ,disinformation,squared_error,10.7964868941825,5.507007626719229,2.221206827190673,1057
2020,2021,KHM,disinformation,squared_error,0.9493149321148712,3.0898428414866146,4.064170780178137,1057
2020,2021,KOR,disinformation,squared_error,16.1688863017485,4.612967954542867,0.5919125829086367,1057
2020,2021,KWT,disinformation,squared_error,2.1138017477089805,1.6721305430785949,0.21823861184402737,1057
2020,2021,LBN,disinformation,squared_error,81.10427178089508,-7.001238625141156,2.0045523884730883,1057
2020,2021,LKA,disinformation,squared_error,0.5131691249124494,4.207476495002595,3.491118257168724,1057
2020,2021,LSO,disinformation,squared_error,0.2022392786496045,2.2667096183329107,2.716419834638483,1057
2020,2021,LTU,disinformation,squared_error,15.032759681986512,6.394817729302062,2.517607432969593,1057
2020,2021,LUX,disinformation,squared_error,8.858033536092773,6.92973270801744,3.9534878363557056,1057
2020,2021,LVA,disinformation,squared_error,13.295889837510863,6.942541730625919,3.2961887804151386,1057
2020,2021,MAR,disinformation,squared_error,22.8423324911192,8.154738898236815,3.375373617038986,1057
2020,2021,MDA,disinformation,squared_error,135.0556372437861,13.929999788978575,2.3086557512269144,1057
2020,2021,MDG,disinformation,squared_error,3.6500079358108053,4.65068343174309,2.7401840373933286,1057
2020,2021,MDV,disinformation,squared_error,1050.7816861513104,37.50787012432096,5.092107197138294,1057
2020,2021,MEX,disinformation,squared_error,8.90693075508572,6.048483471735722,3.0640353225654735,1057
2020,2021,MKD,disinformation,squared_error,2.7547441177432286,4.510679490382216,2.8509373062634813,1057
2020,2021,MLT,disinformation,squared_error,25.27070778812723,13.35098189254984,8.32398400234467,1057
2020,2021,MNE,disinformation,squared_error,124.27849100040095,13.046260742635909,1.8982344150566206,1057
2020,2021,MNG,disinformation,squared_error,29.343102238936986,1.636769577366621,7.053696957250626,1057
2020,2021,MOZ,disinformation,squared_error,9.440510500067203,2.3774357276150653,5.44997710244913,1057
2020,2021,MUS,disinformation,squared_error,1.882665918428274,3.33809084057279,4.710193576678317,1057
2020,2021,MWI,disinformation,squared_error,0.27702004099141786,4.558292120160829,5.0846190537215366,1057
2020,2021,MYS,disinformation,squared_error,2.580927583387565,3.3153495439916583,1.708822985422655,1057
2020,2021,NAM,disinformation,squared_error,11.525367970563691,3.6038291924870265,0.20892595814238746,1057
2020,2021,NIC,disinformation,squared_error,35.312420932182356,10.454388781651543,4.511963272469089,1057
2020,2021,NLD,disinformation,squared_error,12.239228802590617,6.276835937452162,2.778375018334926,1057
2020,2021,NOR,disinformation,squared_error,10.701676999333097,4.1431468876919695,0.871805114148108,1057
2020,2021,NPL,disinformation,squared_error,2.351091134675948,4.838149614114997,6.371476433379549,1057
2020,2021,PAK,disinformation,squared_error,3.4450212925286317,6.513885758527024,4.657808903294829,1057
2020,2021,PAN,disinformation,squared_error,173.49934627752535,16.466999202265214,3.295084144934888,1057
2020,2021,PER,disinformation,squared_error,99.07429298409302,13.416645612651308,3.4630385788121183,1057
2020,2021,PHL,disinformation,squared_error,0.23839067705079053,5.714733131851162,5.2264804543871355,1057
2020,2021,POL,disinformation,squared_error,7.58042658800876,6.9271826605250055,4.173925210156668,1057
2020,2021,PRT,disinformation,squared_error,8.163243560638122,5.558756720703741,2.7016176690231752,1057
2020,2021,PRY,disinformation,squared_error,1.059998751685232,3.9946151073153535,2.965052699452075,1057
2020,2021,PSE,disinformation,squared_error,8.801250231651991,7.011982275920033,4.045292162063854,1057
2020,2021,ROU,disinformation,squared_error,12.51998908461708,5.5873507253886885,2.048991065233,1057
2020,2021,RUS,disinformation,squared_error,20.239864604689167,5.866491772979003,1.3676180689627229,1057
2020,2021,RWA,disinformation,squared_error,11.63142920555208,8.41140448646523,5.000916368093891,1057
2020,2021,SAU,disinformation,squared_error,12.603025049567735,6.519596983254189,2.969523033381069,1057
2020,2021,SGP,disinformation,squared_error,48.605701616386206,10.141084519719158,3.1693055776996815,1057
2020,2021,SLB,disinformation,squared_error,11.240353723917057,-0.2279752927920242,3.124688383140451,1057
2020,2021,SLV,disinformation,squared_error,90.17760686460788,11.904761701595676,2.40857263099436,1057
2020,2021,SVK,disinformation,squared_error,11.367058190865453,5.6558588065555,2.2843519934427854,1057
2020,2021,SVN,disinformation,squared_error,28.059991563233574,8.416864577253207,3.1196963183403783,1057
2020,2021,SWE,disinformation,squared_error,7.909233567803342,5.225864302877298,2.413528340051494,1057
2020,2021,SWZ,disinformation,squared_error,1.7708330242261927,4.23621913615419,2.9054926337404927,1057
2020,2021,TCD,disinformation,squared_error,12.206913608756832,0.2934426480334338,3.787282027392026,1057
2020,2021,THA,disinformation,squared_error,0.0527078778016662,1.5585823207689344,1.329000357623599,1057
2020,2021,TUR,disinformation,squared_error,29.497376695852672,11.811094450607,6.3799457050971995,1057
2020,2021,TZA,disinformation,squared_error,1.3709285828621658,4.321384294804815,5.492250889623442,1057
2020,2021,UGA,disinformation,squared_error,0.9095899100443096,3.53658034070898,4.490304572363136,1057
2020,2021,UKR,disinformation,squared_error,0.003004424996558044,3.4456206594594363,3.5004332948326606,1057
2020,2021,URY,disinformation,squared_error,23.913085654750667,5.8442732501808194,0.9541724685250195,1057
2020,2021,USA,disinformation,squared_error,18.56096143896,6.152022478675264,1.8437790502046774,1057
2020,2021,UZB,disinformation,squared_error,4.070163465428852,8.204485123538774,6.1870205103599325,1057
2020,2021,VNM,disinformation,squared_error,7.0642111153858425,2.553728526481308,5.211586896557833,1057
2020,2021,VUT,disinformation,squared_error,18.86495476871298,-1.1633248862609094,3.1800556829170876,1057
2020,2021,XKX,disinformation,squared_error,60.71667741070095,10.745656081958302,2.9535653862142546,1057
2020,2021,ZAF,disinformation,squared_error,7.065951162410047,4.858648650601481,2.2004629606223087,1057
2020,2021,ZMB,disinformation,squared_error,4.651679213896815,6.234922047264476,4.078146858725621,1057
2020,2021,AGO,disinformation,pinball_0.1,0.0038702848900702192,1.090583699448146,1.0518808505474437,1057
2020,2021,ALB,disinformation,pinball_0.1,0.9995221421230749,8.969576190740952,-1.025645230489797,1057
2020,2021,ARE,disinformation,pinball_0.1,0.35583025321783546,4.552801401063562,0.9944988688852074,1057
2020,2021,ARM,disinformation,pinball_0.1,0.958245103917896,5.800000000656453,-3.782451038522507,1057
2020,2021,AUS,disinformation,pinball_0.1,1.25735073063085,2.006948443350339,3.40400481071795,1057
2020,2021,AUT,disinformation,pinball_0.1,0.31749659362320326,4.923091717179034,1.7481257809470012,1057
2020,2021,BEL,disinformation,pinball_0.1,0.5489240608961226,6.254456864665926,0.7652162557047006,1057
2020,2021,BGD,disinformation,pinball_0.1,0.3081249776432121,6.938679124424453,3.8574293479923316,1057
2020,2021,BGR,disinformation,pinball_0.1,0.7446322822173111,7.828173107036648,0.38185028486353634,1057
2020,2021,BIH,disinformation,pinball_0.1,0.7566784875574312,7.391642564728457,-0.17514231084585408,1057
2020,2021,BLR,disinformation,pinball_0.1,0.41488334581869285,2.438862102349475,-1.7099713558374532,1057
2020,2021,BOL,disinformation,pinball_0.1,0.6652845054256714,10.029048882788617,3.376203828531903,1057
2020,2021,BRA,disinformation,pinball_0.1,0.14008378461023216,4.762604379086085,3.361766532983763,1057
2020,2021,BTN,disinformation,pinball_0.1,0.37958943774657866,4.421367389450154,0.6254730119843677,1057
2020,2021,BWA,disinformation,pinball_0.1,1.6213509975297145,11.916272437600767,-4.297237537696376,1057
2020,2021,CAF,disinformation,pinball_0.1,3.4675153255558095,0.9829199962642292,-33.692233259293864,1057
2020,2021,CHL,disinformation,pinball_0.1,0.976468382200488,11.337403240991335,1.5727194189864546,1057
2020,2021,CHN,disinformation,pinball_0.1,0.5230567523031218,8.570384149817812,3.339816626786595,1057
2020,2021,CMR,disinformation,pinball_0.1,0.8563135166563685,3.338857471795052,4.290316934746572,1057
2020,2021,COG,disinformation,pinball_0.1,0.31026105547874727,1.0150703699090826,-2.08754018487839,1057
2020,2021,COL,disinformation,pinball_0.1,0.8259525521123644,10.801198190487838,2.541672669364194,1057
2020,2021,COM,disinformation,pinball_0.1,0.02032393443888534,2.042452383208442,1.8392130388195884,1057
2020,2021,CRI,disinformation,pinball_0.1,0.6036948014513616,8.218179539690823,2.181231525177208,1057
2020,2021,CYP,disinformation,pinball_0.1,0.6522944859259447,11.397559080151185,4.874614220891738,1057
2020,2021,CZE,disinformation,pinball_0.1,0.3008010805735909,4.029018320551487,1.0210075148155786,1057
2020,2021,DJI,disinformation,pinball_0.1,0.8128339351381023,4.407156675611532,5.310305492431645,1057
2020,2021,DNK,disinformation,pinball_0.1,0.460490373373289,6.500254457562946,1.895350723830056,1057
2020,2021,DOM,disinformation,pinball_0.1,0.9826578623894987,14.012428906220691,4.185850282325704,1057
2020,2021,DZA,disinformation,pinball_0.1,0.2805615950816189,3.7999999990070714,0.9943840481908826,1057
2020,2021,ECU,disinformation,pinball_0.1,1.0280302090355562,9.421892690336309,-0.8584094000192533,1057
2020,2021,ESP,disinformation,pinball_0.1,0.4545675779324661,6.683144204730013,2.137468425405352,1057
2020,2021,EST,disinformation,pinball_0.1,0.4850102219095078,8.25488044580031,3.4047782267052327,1057
2020,2021,FIN,disinformation,pinball_0.1,0.3951141376869128,2.67634641498897,-1.2747949618801577,1057
2020,2021,FJI,disinformation,pinball_0.1,2.446376257680918,-4.345961998975199,-1.627766157107513,1057
2020,2021,FRA,disinformation,pinball_0.1,0.7631306699603508,6.882337833602392,-0.7489688660011158,1057
2020,2021,GAB,disinformation,pinball_0.1,0.04938617087408779,1.467957315080909,0.9740956063400312,1057
2020,2021,GBR,disinformation,pinball_0.1,0.651289602998477,8.543111845325498,2.0302158153407284,1057
2020,2021,GEO,disinformation,pinball_0.1,0.678369076535666,10.644233658096924,3.860542892740264,1057
2020,2021,GHA,disinformation,pinball_0.1,0.15424899750403176,5.076466435335419,3.5339764602951016,1057
2020,2021,GIN,disinformation,pinball_0.1,0.17084440154776043,5.582332811490502,3.8738887960128983,1057
2020,2021,GMB,disinformation,pinball_0.1,1.3338008866378017,5.255968788167436,-8.08204007821058,1057
2020,2021,GNQ,disinformation,pinball_0.1,0.40792081514355794,0.8602699563820693,-3.21893819505351,1057
2020,2021,GRC,disinformation,pinball_0.1,1.0333244842212146,8.654497860021308,-1.6787469821908367,1057
2020,2021,GTM,disinformation,pinball_0.1,0.4878822439010675,8.041703988558325,3.1628815495476506,1057
2020,2021,HKG,disinformation,pinball_0.1,0.7901409786936914,6.454430383339343,-1.4469794035975703,1057
2020,2021,HND,disinformation,pinball_0.1,1.058894232890269,12.565284377127895,1.9763420482252068,1057
2020,2021,HRV,disinformation,pinball_0.1,1.3873040040601818,12.63127413127414,-1.2417659093276794,1057
2020,2021,HUN,disinformation,pinball_0.1,0.6625454405343258,7.222915808111367,0.5974614027681089,1057
2020,2021,IDN,disinformation,pinball_0.1,0.23885596935839,3.7028856282775138,3.968281149786836,1057
2020,2021,IND,disinformation,pinball_0.1,0.5015127790306434,9.68959249191741,4.674464701610976,1057
2020,2021,IRL,disinformation,pinball_0.1,1.1643809792516115,16.258188115819735,4.614378323303619,1057
2020,2021,IRQ,disinformation,pinball_0.1,0.3222359383968121,1.5021807095433957,-1.7201786744247252,1057
2020,2021,ISL,disinformation,pinball_0.1,0.4243650939074954,5.180571907199052,0.9369209681240989,1057
2020,2021,ISR,disinformation,pinball_0.1,0.7610242934122233,9.335346902362488,1.7251039682402558,1057
2020,2021,ITA,disinformation,pinball_0.1,0.9511256580071745,8.931062108000546,-0.5801944720711978,1057
2020,2021,JPN,disinformation,pinball_0.1,0.2746206910492422,3.564195314744751,0.8179884042523291,1057
2020,2021,KAZ,disinformation,pinball_0.1,0.03645957895748291,4.299999997294563,3.935404207719734,1057
2020,2021,KEN,disinformation,pinball_0.1,0.5187889662352546,7.590489473334671,2.4025998109821245,1057
2020,2021,KGZ,disinformation,pinball_0.1,1.2080287015288427,5.507007626719229,-6.573279388569198,1057
2020,2021,KHM,disinformation,pinball_0.1,0.1786867468096742,3.0898428414866146,1.3029753733898728,1057
2020,2021,KOR,disinformation,pinball_0.1,0.682879427626208,4.612967954542867,-2.215826321719213,1057
2020,2021,KWT,disinformation,pinball_0.1,0.6032040555223322,1.6721305430785949,-4.359910012144727,1057
2020,2021,LBN,disinformation,pinball_0.1,4.371351954700435,-7.001238625141156,-2.144180897696228,1057
2020,2021,LKA,disinformation,pinball_0.1,0.14305302659858476,4.207476495002595,2.7769462290167475,1057
2020,2021,LSO,disinformation,pinball_0.1,0.3671772029380934,2.2667096183329107,-1.4050624110480232,1057
2020,2021,LTU,disinformation,pinball_0.1,0.6619378536074669,6.394817729302062,-0.22456080677260637,1057
2020,2021,LUX,disinformation,pinball_0.1,0.4975311441680006,6.92973270801744,1.9544212663374338,1057
2020,2021,LVA,disinformation,pinball_0.1,0.5220767935008918,6.942541730625919,1.7217737956170014,1057
2020,2021,MAR,disinformation,pinball_0.1,0.763287961702733,8.154738898236815,0.5218592812094851,1057
2020,2021,MDA,disinformation,pinball_0.1,1.5183915562493686,13.929999788978575,-1.253915773515108,1057
2020,2021,MDG,disinformation,pinball_0.1,0.5341399324591803,4.65068343174309,-0.6907158928487132,1057
2020,2021,MDV,disinformation,pinball_0.1,3.6605280938656506,37.50787012432096,0.9025891856644552,1057
2020,2021,MEX,disinformation,pinball_0.1,0.3127466675345636,6.048483471735722,2.9210167963900857,1057
2020,2021,MKD,disinformation,pinball_0.1,0.4207194575110495,4.510679490382216,0.3034849152717216,1057
2020,2021,MLT,disinformation,pinball_0.1,0.9009242765992225,13.35098189254984,4.341739126557615,1057
2020,2021,MNE,disinformation,pinball_0.1,1.5401254075291932,13.046260742635909,-2.354993332656024,1057
2020,2021,MNG,disinformation,pinball_0.1,3.4973795271895924,1.636769577366621,5.522746829799502,1057
2020,2021,MOZ,disinformation,pinball_0.1,1.1374354884604045,2.3774357276150653,3.6412529370155147,1057
2020,2021,MUS,disinformation,pinball_0.1,1.4476796928646358,3.33809084057279,4.946623832644607,1057
2020,2021,MWI,disinformation,pinball_0.1,0.268905113750367,4.558292120160829,4.857075579883459,1057
2020,2021,MYS,disinformation,pinball_0.1,0.5425823091996812,3.3153495439916583,-2.1104735480051535,1057
2020,2021,NAM,disinformation,pinball_0.1,0.40987246923932474,3.6038291924870265,-0.49489549990622095,1057
2020,2021,NIC,disinformation,pinball_0.1,0.8365419186147339,10.454388781651543,2.0889695955042056,1057
2020,2021,NLD,disinformation,pinball_0.1,0.4268702630228745,6.276835937452162,2.0081333072234173,1057
2020,2021,NOR,disinformation,pinball_0.1,0.4636436926867051,4.1431468876919695,-0.49329003917508096,1057
2020,2021,NPL,disinformation,pinball_0.1,0.5101964950522019,4.838149614114997,5.405034608617443,1057
2020,2021,PAK,disinformation,pinball_0.1,0.3347595447081026,6.513885758527024,3.166290311445998,1057
2020,2021,PAN,disinformation,pinball_0.1,1.4626479796575866,16.466999202265214,1.8405194056893492,1057
2020,2021,PER,disinformation,pinball_0.1,1.1161596459761023,13.416645612651308,2.255049152890285,1057
2020,2021,PHL,disinformation,pinball_0.1,0.5024135661199323,5.714733131851162,0.6905974706518396,1057
2020,2021,POL,disinformation,pinball_0.1,0.27591631624206514,6.9271826605250055,4.168019498104354,1057
2020,2021,PRT,disinformation,pinball_0.1,0.40942005130441433,5.558756720703741,1.464556207659598,1057
2020,2021,PRY,disinformation,pinball_0.1,0.3292503132241586,3.9946151073153535,0.7021119750737679,1057
2020,2021,PSE,disinformation,pinball_0.1,0.431426627455586,7.011982275920033,2.6977160013641734,1057
2020,2021,ROU,disinformation,pinball_0.1,0.5333030594307683,5.5873507253886885,0.2543201310810055,1057
2020,2021,RUS,disinformation,pinball_0.1,0.5353380063361918,5.866491772979003,0.5131117096170854,1057
2020,2021,RWA,disinformation,pinball_0.1,0.7084565296591766,8.41140448646523,1.3268391898734642,1057
2020,2021,SAU,disinformation,pinball_0.1,0.5356009223374888,6.519596983254189,1.1635877598793014,1057
2020,2021,SGP,disinformation,pinball_0.1,0.7885086788083084,10.141084519719158,2.2559977316360733,1057
2020,2021,SLB,disinformation,pinball_0.1,1.2943632307495112,-0.2279752927920242,1.2102060747074326,1057
2020,2021,SLV,disinformation,pinball_0.1,0.882898122454324,11.904761701595676,3.0757804770524366,1057
2020,2021,SVK,disinformation,pinball_0.1,0.4095772722200344,5.6558588065555,1.5600860843551558,1057
2020,2021,SVN,disinformation,pinball_0.1,0.7729249520672793,8.416864577253207,0.6876150565804151,1057
2020,2021,SWE,disinformation,pinball_0.1,0.29816583734406715,5.225864302877298,2.2442059294366263,1057
2020,2021,SWZ,disinformation,pinball_0.1,0.3529945331091601,4.23621913615419,0.7062738050625894,1057
2020,2021,TCD,disinformation,pinball_0.1,0.234852083565516,0.2934426480334338,-2.055078187621726,1057
2020,2021,THA,disinformation,pinball_0.1,0.333419293684379,1.5585823207689344,-1.7756106160748555,1057
2020,2021,TUR,disinformation,pinball_0.1,0.7831733936581964,11.811094450607,3.9793605140250357,1057
2020,2021,TZA,disinformation,pinball_0.1,0.10080957647817304,4.321384294804815,3.313288530023085,1057
2020,2021,UGA,disinformation,pinball_0.1,0.061785057474931376,3.53658034070898,2.9187297659596663,1057
2020,2021,UKR,disinformation,pinball_0.1,0.5710729396732347,3.4456206594594363,-2.265108737272911,1057
2020,2021,URY,disinformation,pinball_0.1,0.5161470335788838,5.8442732501808194,0.6828029143919814,1057
2020,2021,USA,disinformation,pinball_0.1,0.3415920680977572,6.152022478675264,2.7361017976976925,1057
2020,2021,UZB,disinformation,pinball_0.1,0.3482665912047659,8.204485123538774,4.721819211491115,1057
2020,2021,VNM,disinformation,pinball_0.1,2.2298222765101547,2.553728526481308,5.031308833714813,1057
2020,2021,VUT,disinformation,pinball_0.1,2.664779300232813,-1.1633248862609094,1.7975410028866605,1057
2020,2021,XKX,disinformation,pinball_0.1,1.1706900515402259,10.745656081958302,-0.9612444334439574,1057
2020,2021,ZAF,disinformation,pinball_0.1,0.4199417269541954,4.858648650601481,0.6592313810595272,1057
2020,2021,ZMB,disinformation,pinball_0.1,0.4783844736015837,6.234922047264476,1.451077311248639,1057
2020,2021,AGO,disinformation,pinball_0.5,0.20659211326208948,1.090583699448146,1.503767925972325,1057
2020,2021,ALB,disinformation,pinball_0.5,3.5390571103534443,8.969576190740952,1.891461970034063,1057
2020,2021,ARE,disinformation,pinball_0.5,0.9179521724192776,4.552801401063562,2.7168970562250063,1057
2020,2021,ARM,disinformation,pinball_0.5,1.7992283423992832,5.800000000656453,2.201543315857887,1057
2020,2021,AUS,disinformation,pinball_0.5,0.3637429025824699,2.006948443350339,2.734434248515279,1057
2020,2021,AUT,disinformation,pinball_0.5,1.4188793029256468,4.923091717179034,2.0853331113277402,1057
2020,2021,BEL,disinformation,pinball_0.5,2.3770626836502546,6.254456864665926,1.5003314973654165,1057
2020,2021,BGD,disinformation,pinball_0.5,0.4668796639583759,6.938679124424453,6.004919796507701,1057
2020,2021,BGR,disinformation,pinball_0.5,2.9329804175727623,7.828173107036648,1.9622122718911228,1057
2020,2021,BIH,disinformation,pinball_0.5,2.339839045274618,7.391642564728457,2.7119644741792213,1057
2020,2021,BLR,disinformation,pinball_0.5,0.09766822455024782,2.438862102349475,2.2435256532489793,1057
2020,2021,BOL,disinformation,pinball_0.5,2.808291965497607,10.029048882788617,4.412464951793403,1057
2020,2021,BRA,disinformation,pinball_0.5,0.8431179641905284,4.762604379086085,3.076368450705028,1057
2020,2021,BTN,disinformation,pinball_0.5,0.10858549874880019,4.421367389450154,4.204196391952554,1057
2020,2021,BWA,disinformation,pinball_0.5,3.85955093925708,11.916272437600767,4.197170559086607,1057
2020,2021,CAF,disinformation,pinball_0.5,0.6975626279152709,0.9829199962642292,2.378045252094771,1057
2020,2021,CHL,disinformation,pinball_0.5,4.032510978170565,11.337403240991335,3.272381284650206,1057
2020,2021,CHN,disinformation,pinball_0.5,1.8988307057062093,8.570384149817812,4.772722738405394,1057
2020,2021,CMR,disinformation,pinball_0.5,0.7985679535711396,3.338857471795052,4.935993378937331,1057
2020,2021,COG,disinformation,pinball_0.5,0.10673553305458006,1.0150703699090826,1.2285414360182427,1057
2020,2021,COL,disinformation,pinball_0.5,3.794526700518917,10.801198190487838,3.212144789450005,1057
2020,2021,COM,disinformation,pinball_0.5,0.7232585176673985,2.042452383208442,3.4889694185432387,1057
2020,2021,CRI,disinformation,pinball_0.5,2.39758129968774,8.218179539690823,3.4230169403153425,1057
2020,2021,CYP,disinformation,pinball_0.5,1.3894737228302274,11.397559080151185,8.61861163449073,1057
2020,2021,CZE,disinformation,pinball_0.5,1.0276406194846057,4.029018320551487,1.973737081582276,1057
2020,2021,DJI,disinformation,pinball_0.5,0.7710147855053218,4.407156675611532,5.949186246622175,1057
2020,2021,DNK,disinformation,pinball_0.5,2.095890766457888,6.500254457562946,2.3084729246471696,1057
2020,2021,DOM,disinformation,pinball_0.5,4.717838886148584,14.012428906220691,4.576751133923524,1057
2020,2021,DZA,disinformation,pinball_0.5,0.8712992826337418,3.7999999990070714,2.057401433739588,1057
2020,2021,ECU,disinformation,pinball_0.5,3.4196104068264543,9.421892690336309,2.5826718766834,1057
2020,2021,ESP,disinformation,pinball_0.5,1.2597036072356342,6.683144204730013,4.163736990258744,1057
2020,2021,EST,disinformation,pinball_0.5,2.0732472179537282,8.25488044580031,4.108386009892854,1057
2020,2021,FIN,disinformation,pinball_0.5,0.7389933475337145,2.67634641498897,1.198359719921541,1057
2020,2021,FJI,disinformation,pinball_0.5,2.2449899573848966,-4.345961998975199,0.14401791579459378,1057
2020,2021,FRA,disinformation,pinball_0.5,3.295781089514243,6.882337833602392,0.2907756545739062,1057
2020,2021,GAB,disinformation,pinball_0.5,1.4051695681321759,1.467957315080909,4.278296451345261,1057
2020,2021,GBR,disinformation,pinball_0.5,2.6934314870780236,8.543111845325498,3.156248871169451,1057
2020,2021,GEO,disinformation,pinball_0.5,3.1504503191742597,10.644233658096924,4.343333019748405,1057
2020,2021,GHA,disinformation,pinball_0.5,1.3399816495503027,5.076466435335419,7.756429734436025,1057
2020,2021,GIN,disinformation,pinball_0.5,0.09941455143256217,5.582332811490502,5.781161914355627,1057
2020,2021,GMB,disinformation,pinball_0.5,1.3461012278976519,5.255968788167436,2.5637663323721327,1057
2020,2021,GNQ,disinformation,pinball_0.5,2.3565816893148614,0.8602699563820693,-3.852893422247654,1057
2020,2021,GRC,disinformation,pinball_0.5,3.327546297149417,8.654497860021308,1.9994052657224743,1057
2020,2021,GTM,disinformation,pinball_0.5,2.2155125067202066,8.041703988558325,3.6106789751179114,1057
2020,2021,HKG,disinformation,pinball_0.5,2.68012272436227,6.454430383339343,1.0941849346148027,1057
2020,2021,HND,disinformation,pinball_0.5,4.7600639821743425,12.565284377127895,3.0451564127792095,1057
2020,2021,HRV,disinformation,pinball_0.5,4.8628679009123275,12.63127413127414,2.9055383294494836,1057
2020,2021,HUN,disinformation,pinball_0.5,1.9037774118655544,7.222915808111367,3.415360984380258,1057
2020,2021,IDN,disinformation,pinball_0.5,0.3701276697896341,3.7028856282775138,4.443140967856782,1057
2020,2021,IND,disinformation,pinball_0.5,1.0645523343303358,9.68959249191741,7.560487823256738,1057
2020,2021,IRL,disinformation,pinball_0.5,4.383485171890657,16.258188115819735,7.491217772038421,1057
2020,2021,IRQ,disinformation,pinball_0.5,1.451097639328426,1.5021807095433957,4.404375988200248,1057
2020,2021,ISL,disinformation,pinball_0.5,1.1281764925586462,5.180571907199052,2.92421892208176,1057
2020,2021,ISR,disinformation,pinball_0.5,2.649251748582723,9.335346902362488,4.036843405197042,1057
2020,2021,ITA,disinformation,pinball_0.5,3.871635001284335,8.931062108000546,1.187792105431876,1057
2020,2021,JPN,disinformation,pinball_0.5,1.1266962844472435,3.564195314744751,1.310802745850264,1057
2020,2021,KAZ,disinformation,pinball_0.5,0.009330630834786025,4.299999997294563,4.318661258964135,1057
2020,2021,KEN,disinformation,pinball_0.5,1.8077079446367652,7.590489473334671,3.9750735840611404,1057
2020,2021,KGZ,disinformation,pinball_0.5,1.0847371774120942,5.507007626719229,3.337533271895041,1057
2020,2021,KHM,disinformation,pinball_0.5,1.0916738941668482,3.0898428414866146,5.273190629820311,1057
2020,2021,KOR,disinformation,pinball_0.5,1.6965276285623627,4.612967954542867,1.2199126974181418,1057
2020,2021,KWT,disinformation,pinball_0.5,0.49159971581077644,1.6721305430785949,0.688931111457042,1057
2020,2021,LBN,disinformation,pinball_0.5,4.645595966800924,-7.001238625141156,2.2899533084606922,1057
2020,2021,LKA,disinformation,pinball_0.5,0.5880403066851421,4.207476495002595,3.031395881632311,1057
2020,2021,LSO,disinformation,pinball_0.5,0.6006263360074102,2.2667096183329107,3.467962290347731,1057
2020,2021,LTU,disinformation,pinball_0.5,1.7285772205524426,6.394817729302062,2.937663288197177,1057
2020,2021,LUX,disinformation,pinball_0.5,2.0267682167867513,6.92973270801744,2.876196274443937,1057
2020,2021,LVA,disinformation,pinball_0.5,1.7447110294387203,6.942541730625919,3.4531196717484787,1057
2020,2021,MAR,disinformation,pinball_0.5,2.565193399165267,8.154738898236815,3.024352099906281,1057
2020,2021,MDA,disinformation,pinball_0.5,5.501001506257484,13.929999788978575,2.927996776463606,1057
2020,2021,MDG,disinformation,pinball_0.5,0.8726285822508011,4.65068343174309,2.905426267241488,1057
2020,2021,MDV,disinformation,pinball_0.5,16.200353261044206,37.50787012432096,5.10716360223255,1057
2020,2021,MEX,disinformation,pinball_0.5,1.37534507138934,6.048483471735722,3.2977933289570416,1057
2020,2021,MKD,disinformation,pinball_0.5,0.8834501380435513,4.510679490382216,2.7437792142951136,1057
2020,2021,MLT,disinformation,pinball_0.5,2.969239101893991,13.35098189254984,7.412503688761857,1057
2020,2021,MNE,disinformation,pinball_0.5,4.93272180362638,13.046260742635909,3.1808171353831494,1057
2020,2021,MNG,disinformation,pinball_0.5,3.039146884523855,1.636769577366621,7.715063346414332,1057
2020,2021,MOZ,disinformation,pinball_0.5,1.34616504233757,2.3774357276150653,5.069765812290205,1057
2020,2021,MUS,disinformation,pinball_0.5,0.8437880189822751,3.33809084057279,5.02566687853734,1057
2020,2021,MWI,disinformation,pinball_0.5,0.4391978861842496,4.558292120160829,5.436687892529328,1057
2020,2021,MYS,disinformation,pinball_0.5,0.1086775671494915,3.3153495439916583,3.5327046782906413,1057
2020,2021,NAM,disinformation,pinball_0.5,1.8663422818267938,3.6038291924870265,-0.1288553711665612,1057
2020,2021,NIC,disinformation,pinball_0.5,2.2563645067300064,10.454388781651543,5.94165976819153,1057
2020,2021,NLD,disinformation,pinball_0.5,1.7008107477034913,6.276835937452162,2.8752144420451797,1057
2020,2021,NOR,disinformation,pinball_0.5,1.5645774687683067,4.1431468876919695,1.013991950155356,1057
2020,2021,NPL,disinformation,pinball_0.5,0.8328894294573952,4.838149614114997,6.503928473029787,1057
2020,2021,PAK,disinformation,pinball_0.5,1.2289139519328733,6.513885758527024,4.056057854661277,1057
2020,2021,PAN,disinformation,pinball_0.5,6.366662086525807,16.466999202265214,3.7336750292135994,1057
2020,2021,PER,disinformation,pinball_0.5,4.962653085542309,13.416645612651308,3.4913394415666907,1057
2020,2021,PHL,disinformation,pinball_0.5,0.06929477528875605,5.714733131851162,5.853322682428674,1057
2020,2021,POL,disinformation,pinball_0.5,1.148374304690977,6.9271826605250055,4.630434051143052,1057
2020,2021,PRT,disinformation,pinball_0.5,1.1427466490220044,5.558756720703741,3.273263422659732,1057
2020,2021,PRY,disinformation,pinball_0.5,0.27934254198849473,3.9946151073153535,3.435930023338364,1057
2020,2021,PSE,disinformation,pinball_0.5,1.7261735428710687,7.011982275920033,3.5596351901778958,1057
2020,2021,ROU,disinformation,pinball_0.5,1.2605474007861648,5.5873507253886885,3.066255923816359,1057
2020,2021,RUS,disinformation,pinball_0.5,2.0077753110895937,5.866491772979003,1.850941150799816,1057
2020,2021,RWA,disinformation,pinball_0.5,1.3166067245455957,8.41140448646523,5.778191037374039,1057
2020,2021,SAU,disinformation,pinball_0.5,1.594021279410755,6.519596983254189,3.331554424432679,1057
2020,2021,SGP,disinformation,pinball_0.5,3.1776980021499712,10.141084519719158,3.7856885154192152,1057
2020,2021,SLB,disinformation,pinball_0.5,1.7182819618627612,-0.2279752927920242,3.208588630933498,1057
2020,2021,SLV,disinformation,pinball_0.5,4.588930928563403,11.904761701595676,2.726899844468871,1057
2020,2021,SVK,disinformation,pinball_0.5,1.734794258381219,5.6558588065555,2.186270289793062,1057
2020,2021,SVN,disinformation,pinball_0.5,2.4546348133269884,8.416864577253207,3.5075949505992305,1057
2020,2021,SWE,disinformation,pinball_0.5,1.1990513042687425,5.225864302877298,2.827761694339813,1057
2020,2021,SWZ,disinformation,pinball_0.5,0.55063163641633,4.23621913615419,3.1349558633215304,1057
2020,2021,TCD,disinformation,pinball_0.5,1.822304593515106,0.2934426480334338,3.938051835063646,1057
2020,2021,THA,disinformation,pinball_0.5,0.5009505586151617,1.5585823207689344,2.560483437999258,1057
2020,2021,TUR,disinformation,pinball_0.5,2.595200332688293,11.811094450607,6.620693785230413,1057
2020,2021,TZA,disinformation,pinball_0.5,0.8945191329502027,4.321384294804815,6.110422560705221,1057
2020,2021,UGA,disinformation,pinball_0.5,0.6897059067506826,3.53658034070898,4.915992154210345,1057
2020,2021,UKR,disinformation,pinball_0.5,0.37248480627835523,3.4456206594594363,4.190590272016147,1057
2020,2021,URY,disinformation,pinball_0.5,2.5348063721905274,5.8442732501808194,0.7746605057997646,1057
2020,2021,USA,disinformation,pinball_0.5,1.8820586650278206,6.152022478675264,2.387905148619623,1057
2020,2021,UZB,disinformation,pinball_0.5,1.072102818040733,8.204485123538774,6.060279487457308,1057
2020,2021,VNM,disinformation,pinball_0.5,1.4574476934130045,2.553728526481308,5.468623913307317,1057
2020,2021,VUT,disinformation,pinball_0.5,2.4618142853967937,-1.1633248862609094,3.760303684532678,1057
2020,2021,XKX,disinformation,pinball_0.5,3.2164185430622396,10.745656081958302,4.3128189958338226,1057
2020,2021,ZAF,disinformation,pinball_0.5,1.487022445285528,4.858648650601481,1.8846037600304246,1057
2020,2021,ZMB,disinformation,pinball_0.5,0.8813252412110413,6.234922047264476,4.472271564842393,1057
2020,2021,AGO,disinformation,pinball_0.9,0.0705715868881198,1.090583699448146,1.0121708251280128,1057
2020,2021,ALB,disinformation,pinball_0.9,4.560315963883473,8.969576190740952,3.902558453092649,1057
2020,2021,ARE,disinformation,pinball_0.9,2.042452870275727,4.552801401063562,2.283409322979421,1057
2020,2021,ARM,disinformation,pinball_0.9,0.2042821318239175,5.800000000656453,7.842821318895629,1057
2020,2021,AUS,disinformation,pinball_0.9,0.11602439810489173,2.006948443350339,3.1671924243992566,1057
2020,2021,AUT,disinformation,pinball_0.9,2.092022389224918,4.923091717179034,2.5986223958180137,1057
2020,2021,BEL,disinformation,pinball_0.9,3.778116771325903,6.254456864665926,2.056549340970478,1057
2020,2021,BGD,disinformation,pinball_0.9,0.08417419506173285,6.938679124424453,7.780421075041781,1057
2020,2021,BGR,disinformation,pinball_0.9,4.291928114159622,7.828173107036648,3.0593640913037343,1057
2020,2021,BIH,disinformation,pinball_0.9,2.857009199968017,7.391642564728457,4.217187898097327,1057
2020,2021,BLR,disinformation,pinball_0.9,0.026183574579261387,2.438862102349475,2.700697848142089,1057
2020,2021,BOL,disinformation,pinball_0.9,4.963157140436248,10.029048882788617,4.514429837859453,1057
2020,2021,BRA,disinformation,pinball_0.9,1.474127520252589,4.762604379086085,3.124684912138764,1057
2020,2021,BTN,disinformation,pinball_0.9,0.2546369959861226,4.421367389450154,6.96773734931138,1057
2020,2021,BWA,disinformation,pinball_0.9,5.5134449519284745,11.916272437600767,5.790222491013574,1057
2020,2021,CAF,disinformation,pinball_0.9,0.5152305971377088,0.9829199962642292,6.135225967641318,1057
2020,2021,CHL,disinformation,pinball_0.9,6.513002618026388,11.337403240991335,4.100733665406461,1057
2020,2021,CHN,disinformation,pinball_0.9,2.2208896696528715,8.570384149817812,6.102728961314622,1057
2020,2021,CMR,disinformation,pinball_0.9,0.19372343359610739,3.338857471795052,5.276091807756126,1057
2020,2021,COG,disinformation,pinball_0.9,0.8453617936391273,1.0150703699090826,9.468688306300358,1057
2020,2021,COL,disinformation,pinball_0.9,5.06580815160912,10.801198190487838,5.172522466477705,1057
2020,2021,COM,disinformation,pinball_0.9,0.2464178129581396,2.042452383208442,4.5066305127898385,1057
2020,2021,CRI,disinformation,pinball_0.9,3.617680714924045,8.218179539690823,4.198534300886329,1057
2020,2021,CYP,disinformation,pinball_0.9,0.09908394871280224,11.397559080151185,12.388398567279207,1057
2020,2021,CZE,disinformation,pinball_0.9,0.28389355254408943,4.029018320551487,3.7135810399469436,1057
2020,2021,DJI,disinformation,pinball_0.9,0.43056289082745397,4.407156675611532,8.712785583886072,1057
2020,2021,DNK,disinformation,pinball_0.9,2.433927602713473,6.500254457562946,3.7958904545479757,1057
2020,2021,DOM,disinformation,pinball_0.9,8.40471080574357,14.012428906220691,4.673861344283391,1057
2020,2021,DZA,disinformation,pinball_0.9,0.18321176047456134,3.7999999990070714,3.596431376257559,1057
2020,2021,ECU,disinformation,pinball_0.9,2.7311561832874234,9.421892690336309,6.387274708905839,1057
2020,2021,ESP,disinformation,pinball_0.9,0.2500800915363765,6.683144204730013,6.405277436356261,1057
2020,2021,EST,disinformation,pinball_0.9,2.7876194516971458,8.25488044580031,5.1575254994701485,1057
2020,2021,FIN,disinformation,pinball_0.9,0.2150120016898292,2.67634641498897,2.4374441908891598,1057
2020,2021,FJI,disinformation,pinball_0.9,0.7532006324318246,-4.345961998975199,3.186044325343049,1057
2020,2021,FRA,disinformation,pinball_0.9,4.504298576032769,6.882337833602392,1.8775616380104272,1057
2020,2021,GAB,disinformation,pinball_0.9,0.3665112891904677,1.467957315080909,5.133070206985587,1057
2020,2021,GBR,disinformation,pinball_0.9,3.5714630208633333,8.543111845325498,4.574819599921795,1057
2020,2021,GEO,disinformation,pinball_0.9,4.569214574284894,10.644233658096924,5.567328575558154,1057
2020,2021,GHA,disinformation,pinball_0.9,0.4075411634044369,5.076466435335419,9.151878069379789,1057
2020,2021,GIN,disinformation,pinball_0.9,0.44712759237822286,5.582332811490502,10.053608735272732,1057
2020,2021,GMB,disinformation,pinball_0.9,0.24984685254239739,5.255968788167436,7.754437313591411,1057
2020,2021,GNQ,disinformation,pinball_0.9,0.5701973493636339,0.8602699563820693,6.562243450018409,1057
2020,2021,GRC,disinformation,pinball_0.9,4.544992827070049,8.654497860021308,3.6045058299434776,1057
2020,2021,GTM,disinformation,pinball_0.9,3.7405318883404473,8.041703988558325,3.8855574459578284,1057
2020,2021,HKG,disinformation,pinball_0.9,4.6435661779382365,6.454430383339343,1.2949124078524137,1057
2020,2021,HND,disinformation,pinball_0.9,7.83028243546251,12.565284377127895,3.8649705599473294,1057
2020,2021,HRV,disinformation,pinball_0.9,7.642469434779999,12.63127413127414,4.139641425963029,1057
2020,2021,HUN,disinformation,pinball_0.9,2.3480294770187324,7.222915808111367,4.613994166979442,1057
2020,2021,IDN,disinformation,pinball_0.9,0.1320973971745606,3.7028856282775138,5.02385960002312,1057
2020,2021,IND,disinformation,pinball_0.9,1.79478970999379,9.68959249191741,7.69538170303542,1057
2020,2021,IRL,disinformation,pinball_0.9,1.6258800310418275,16.258188115819735,14.451654747995482,1057
2020,2021,IRQ,disinformation,pinball_0.9,0.3633427584019972,1.5021807095433957,5.135608293563369,1057
2020,2021,ISL,disinformation,pinball_0.9,0.33544717810436303,5.180571907199052,4.807852820416427,1057
2020,2021,ISR,disinformation,pinball_0.9,4.647193712363632,9.335346902362488,4.171798333069564,1057
2020,2021,ITA,disinformation,pinball_0.9,6.4297219670835215,8.931062108000546,1.7869265890188561,1057
2020,2021,JPN,disinformation,pinball_0.9,2.0829425946002664,3.564195314744751,1.2498146540777881,1057
2020,2021,KAZ,disinformation,pinball_0.9,0.0616669826699696,4.299999997294563,4.916669823994259,1057
2020,2021,KEN,disinformation,pinball_0.9,1.759310506993407,7.590489473334671,5.635700021119774,1057
2020,2021,KGZ,disinformation,pinball_0.9,0.34446729547707566,5.507007626719229,8.951680581489986,1057
2020,2021,KHM,disinformation,pinball_0.9,0.40618832845239483,3.0898428414866146,7.151726126010564,1057
2020,2021,KOR,disinformation,pinball_0.9,1.8011892386969743,4.612967954542867,2.6116465782128957,1057
2020,2021,KWT,disinformation,pinball_0.9,0.3615208232321754,1.6721305430785949,5.287338775400349,1057
2020,2021,LBN,disinformation,pinball_0.9,0.9477457057748842,-7.001238625141156,2.4762184326076886,1057
2020,2021,LKA,disinformation,pinball_0.9,0.2575471576156105,4.207476495002595,6.7829480711587005,1057
2020,2021,LSO,disinformation,pinball_0.9,0.37363466223326375,2.2667096183329107,6.003056240665549,1057
2020,2021,LTU,disinformation,pinball_0.9,1.0237333191309046,6.394817729302062,5.257336263601057,1057
2020,2021,LUX,disinformation,pinball_0.9,1.1749539061584036,6.92973270801744,5.624228367841436,1057
2020,2021,LVA,disinformation,pinball_0.9,1.7855563713178562,6.942541730625919,4.958590206939412,1057
2020,2021,MAR,disinformation,pinball_0.9,2.50800322342891,8.154738898236815,5.368068649982471,1057
2020,2021,MDA,disinformation,pinball_0.9,4.831139065040033,13.929999788978575,8.56206749448965,1057
2020,2021,MDG,disinformation,pinball_0.9,0.09456772288876551,4.65068343174309,5.596360660630745,1057
2020,2021,MDV,disinformation,pinball_0.9,26.055457778673052,37.50787012432096,8.557361481350902,1057
2020,2021,MEX,disinformation,pinball_0.9,2.2126468440125144,6.048483471735722,3.5899869783884832,1057
2020,2021,MKD,disinformation,pinball_0.9,0.007116040444761128,4.510679490382216,4.581839894829828,1057
2020,2021,MLT,disinformation,pinball_0.9,0.36765156599050536,13.35098189254984,12.942480152560389,1057
2020,2021,MNE,disinformation,pinball_0.9,7.813027096056899,13.046260742635909,4.365119524794911,1057
2020,2021,MNG,disinformation,pinball_0.9,0.6921128995926801,1.636769577366621,8.557898573293423,1057
2020,2021,MOZ,disinformation,pinball_0.9,0.5392858713954607,2.3774357276150653,7.770294441569673,1057
2020,2021,MUS,disinformation,pinball_0.9,0.15221570256403816,3.33809084057279,4.860247866213172,1057
2020,2021,MWI,disinformation,pinball_0.9,0.08717013580318882,4.558292120160829,5.429993478192717,1057
2020,2021,MYS,disinformation,pinball_0.9,0.15838861741348187,3.3153495439916583,4.899235718126477,1057
2020,2021,NAM,disinformation,pinball_0.9,2.6157978929103476,3.6038291924870265,0.697387089253307,1057
2020,2021,NIC,disinformation,pinball_0.9,4.353321594511699,10.454388781651543,5.617364787749656,1057
2020,2021,NLD,disinformation,pinball_0.9,2.636049022133646,6.276835937452162,3.3478925795258894,1057
2020,2021,NOR,disinformation,pinball_0.9,1.7604964900965607,4.1431468876919695,2.1870396764735687,1057
2020,2021,NPL,disinformation,pinball_0.9,0.17752084958900444,4.838149614114997,6.613358110005041,1057
2020,2021,PAK,disinformation,pinball_0.9,0.045858063856350474,6.513885758527024,6.46293235424219,1057
2020,2021,PAN,disinformation,pinball_0.9,8.356006428006694,16.466999202265214,7.18254761559111,1057
2020,2021,PER,disinformation,pinball_0.9,7.258244739021038,13.416645612651308,5.351929235961267,1057
2020,2021,PHL,disinformation,pinball_0.9,0.10207961064736464,5.714733131851162,6.735529238324808,1057
2020,2021,POL,disinformation,pinball_0.9,1.5388357246423319,6.9271826605250055,5.217365188700192,1057
2020,2021,PRT,disinformation,pinball_0.9,1.082151423711133,5.558756720703741,4.356366249913593,1057
2020,2021,PRY,disinformation,pinball_0.9,0.2958453176823489,3.9946151073153535,6.953068284138843,1057
2020,2021,PSE,disinformation,pinball_0.9,0.15421732311020048,7.011982275920033,8.554155507022038,1057
2020,2021,ROU,disinformation,pinball_0.9,0.5917024815950161,5.5873507253886885,4.929903523616448,1057
2020,2021,RUS,disinformation,pinball_0.9,2.230976472609857,5.866491772979003,3.387629025634718,1057
2020,2021,RWA,disinformation,pinball_0.9,0.11578543830926762,8.41140448646523,8.282753999454933,1057
2020,2021,SAU,disinformation,pinball_0.9,0.2847973961824699,6.519596983254189,9.367570945078889,1057
2020,2021,SGP,disinformation,pinball_0.9,5.071230591377955,10.141084519719158,4.506383862632541,1057
2020,2021,SLB,disinformation,pinball_0.9,0.5387109129486273,-0.2279752927920242,5.15913383669425,1057
2020,2021,SLV,disinformation,pinball_0.9,8.018746023254213,11.904761701595676,2.9950438979798846,1057
2020,2021,SVK,disinformation,pinball_0.9,0.9690791762482797,5.6558588065555,4.579104166279634,1057
2020,2021,SVN,disinformation,pinball_0.9,3.481885189215534,8.416864577253207,4.548103255902614,1057
2020,2021,SWE,disinformation,pinball_0.9,2.2730907071026145,5.225864302877298,2.700207961652171,1057
2020,2021,SWZ,disinformation,pinball_0.9,0.1619549878030227,4.23621913615419,5.855769014184418,1057
2020,2021,TCD,disinformation,pinball_0.9,0.8930999633111473,0.2934426480334338,9.224442281144908,1057
2020,2021,THA,disinformation,pinball_0.9,0.24751044583164572,1.5585823207689344,4.033686779085392,1057
2020,2021,TUR,disinformation,pinball_0.9,2.6580599086150944,11.811094450607,8.857694552145784,1057
2020,2021,TZA,disinformation,pinball_0.9,0.22950990343349356,4.321384294804815,6.616483329139752,1057
2020,2021,UGA,disinformation,pinball_0.9,0.284726280618463,3.53658034070898,6.383843146893611,1057
2020,2021,UKR,disinformation,pinball_0.9,0.24639583681559832,3.4456206594594363,5.90957902761542,1057
2020,2021,URY,disinformation,pinball_0.9,3.6282847223253905,5.8442732501808194,1.8128457809303857,1057
2020,2021,USA,disinformation,pinball_0.9,3.388510580812662,6.152022478675264,2.387010722216751,1057
2020,2021,UZB,disinformation,pinball_0.9,0.3901978734611725,8.204485123538774,7.770931930804138,1057
2020,2021,VNM,disinformation,pinball_0.9,0.44453339685325294,2.553728526481308,6.999062495013838,1057
2020,2021,VUT,disinformation,pinball_0.9,0.5512017253132705,-1.1633248862609094,4.348692366871797,1057
2020,2021,XKX,disinformation,pinball_0.9,4.700309465848619,10.745656081958302,5.52309000879317,1057
2020,2021,ZAF,disinformation,pinball_0.9,1.3183195185167806,4.858648650601481,3.3938491855828357,1057
2020,2021,ZMB,disinformation,pinball_0.9,1.1518585457045576,6.234922047264476,4.955079218703856,1057
2021,2022,AGO,benchmark,squared_error,6.145291363146217,3.557492066756666,1.0785222478306231,1179
2021,2022,ALB,benchmark,squared_error,39.60539034331665,4.826800623435901,-1.4664807419025863,1179
2021,2022,ARE,benchmark,squared_error,48.54479981466108,7.514524142546051,0.5471143071293714,1179
2021,2022,ARG,benchmark,squared_error,184.24649625501883,6.020745375348554,-7.552997522430924,1179
2021,2022,ARM,benchmark,squared_error,147.72302861063153,12.599999999776628,0.44586372398016394,1179
2021,2022,AUS,benchmark,squared_error,8.15064934468132,4.253045592387323,1.3981113821678797,1179
2021,2022,AUT,benchmark,squared_error,17.97435552282933,5.330963794003708,1.0913464147076315,1179
2021,2022,BEL,benchmark,squared_error,14.419295271877186,4.024608528358868,0.22733381195011404,1179
2021,2022,BGD,benchmark,squared_error,23.607238789553623,7.099828775751576,2.241100671653383,1179
2021,2022,BGR,benchmark,squared_error,26.994182314206842,4.08386398118941,-1.1117286042821304,1179
2021,2022,BIH,benchmark,squared_error,36.98117487522358,4.226813333903252,-1.854401583793999,1179
2021,2022,BLR,benchmark,squared_error,14.050635956540532,-4.6583959132899935,-0.9099781195348027,1179
2021,2022,BOL,benchmark,squared_error,3.990059857621511,3.7474178124146102,1.7499043937809553,1179
2021,2022,BRA,benchmark,squared_error,1.6789836101121827,3.0166943539301485,1.7209383544795642,1179
2021,2022,BTN,benchmark,squared_error,11.840866514603151,5.213867837862239,1.772811820503156,1179
2021,2022,BWA,benchmark,squared_error,18.085984319848283,5.486017064467717,1.233255100773031,1179
2021,2022,CAF,benchmark,squared_error,1.1748098973985763,0.4539018764477873,-0.6299846016478554,1179
2021,2022,CHL,benchmark,squared_error,1.2645920042027856,2.063918642541978,0.9393778455040112,1179
2021,2022,CHN,benchmark,squared_error,4.850948963706879,3.1338543839406867,0.9313673888129337,1179
2021,2022,CMR,benchmark,squared_error,0.0890500416453867,3.736784005641198,3.4383714696354417,1179
2021,2022,COG,benchmark,squared_error,0.7855716276967478,1.4753561324713331,2.361680919271718,1179
2021,2022,COL,benchmark,squared_error,25.83173049988612,7.328277294279786,2.2457847463377707,1179
2021,2022,COM,benchmark,squared_error,0.001183549169647172,2.453811745502591,2.419408996053642,1179
2021,2022,CRI,benchmark,squared_error,14.434579321007995,5.461194552350676,1.6619078665360885,1179
2021,2022,CYP,benchmark,squared_error,6.765659276641354,8.738546848816739,6.137458754068437,1179
2021,2022,CZE,benchmark,squared_error,6.569098383281571,2.847170658381401,0.28414541791232395,1179
2021,2022,DJI,benchmark,squared_error,14.605984557899827,5.166537028543743,1.3447593586759856,1179
2021,2022,DNK,benchmark,squared_error,0.9147265647174747,0.4438326149083309,1.4002460008024613,1179
2021,2022,DOM,benchmark,squared_error,33.38186003485398,5.237956529025951,-0.5397471700965628,1179
2021,2022,DZA,benchmark,squared_error,2.551161229342603,3.6000000009491515,2.002764505055511,1179
2021,2022,ECU,benchmark,squared_error,14.611932929631761,5.868423548623113,2.045867737437126,1179
2021,2022,ESP,benchmark,squared_error,17.040213267711252,6.370317121296012,2.242337801130848,1179
2021,2022,EST,benchmark,squared_error,5.983070985304882,-1.2261696658779613,1.2198620152956252,1179
2021,2022,FIN,benchmark,squared_error,1.9125554769453028,0.7630419127635264,-0.6199098134168572,1179
2021,2022,FJI,benchmark,squared_error,338.01510557382585,17.745126977359433,-0.6400601463504003,1179
2021,2022,FRA,benchmark,squared_error,6.797778350697523,2.716762641859134,0.10950769638534652,1179
2021,2022,GAB,benchmark,squared_error,0.04002348390134537,3.0376144952569177,3.237673196395722,1179
2021,2022,GBR,benchmark,squared_error,9.852825521355497,5.1497038852299255,2.0107828092301645,1179
2021,2022,GEO,benchmark,squared_error,105.20597566428626,10.95853213856239,0.7015357134735005,1179
2021,2022,GHA,benchmark,squared_error,0.002887606964436507,3.804849781780419,3.751113323351932,1179
2021,2022,GIN,benchmark,squared_error,4.642470212404712,3.972407842007215,6.1270470722276045,1179
2021,2022,GMB,benchmark,squared_error,8.400974580149898,5.492998230101136,2.594554754690602,1179
2021,2022,GNQ,benchmark,squared_error,0.000891241329419493,3.2235083165859777,3.253361981845364,1179
2021,2022,GRC,benchmark,squared_error,20.88510258165082,5.521985805894076,0.951963641653423,1179
2021,2022,GTM,benchmark,squared_error,5.32365384045356,4.15492196609047,1.8476175127394256,1179
2021,2022,HKG,benchmark,squared_error,2.9907271748622954,-3.685283592813249,-1.9559116909765457,1179
2021,2022,HND,benchmark,squared_error,5.081234450125499,4.143561940137673,1.8894025735166036,1179
2021,2022,HRV,benchmark,squared_error,49.12044200002966,7.294791148895328,0.28619342894951405,1179
2021,2022,HUN,benchmark,squared_error,17.208560230352244,4.152380577792286,0.004060408090790446,1179
2021,2022,IDN,benchmark,squared_error,9.94088687907593,5.307197226647986,2.1542800252175507,1179
2021,2022,IND,benchmark,squared_error,25.006626542580793,7.609364977693204,2.6087023673403724,1179
2021,2022,IRL,benchmark,squared_error,8.898620400777915,7.511138884153041,4.528083336433905,1179
2021,2022,IRQ,benchmark,squared_error,45.39413520761867,7.959048049902123,1.2215310586345929,1179
2021,2022,ISL,benchmark,squared_error,62.73420034327619,8.857298978568508,0.9368065479631866,1179
2021,2022,ISR,benchmark,squared_error,17.664441926474478,6.364072347987062,2.1611636020737652,1179
2021,2022,ITA,benchmark,squared_error,18.307597503693227,4.821176699135648,0.5424388591069764,1179
2021,2022,JPN,benchmark,squared_error,3.2391905583862504,1.3316475065374078,-0.46812763452501116,1179
2021,2022,KAZ,benchmark,squared_error,0.1318916028533941,3.1999999997073445,2.8368311645171618,1179
2021,2022,KEN,benchmark,squared_error,8.19891952290948,4.859981042879994,1.996605495923312,1179
2021,2022,KGZ,benchmark,squared_error,50.60838096503652,8.96750520041391,1.853548427630109,1179
2021,2022,KHM,benchmark,squared_error,9.383459679462682,5.129901107739769,2.066657780894401,1179
2021,2022,KOR,benchmark,squared_error,10.768702472837472,2.727564567089914,-0.5540055560123598,1179
2021,2022,KWT,benchmark,squared_error,16.388285064387684,6.758667119666171,2.710422430373331,1179
2021,2022,LKA,benchmark,squared_error,76.43722699247034,-7.349193111466562,1.3936455003614263,1179
2021,2022,LSO,benchmark,squared_error,0.11188410850460513,2.3877802018628387,2.7222710216241666,1179
2021,2022,LTU,benchmark,squared_error,5.728118103807908,2.465320131550115,0.07197140981984695,1179
2021,2022,LUX,benchmark,squared_error,25.64891892131247,-1.0974125629381888,3.9670636114862177,1179
2021,2022,LVA,benchmark,squared_error,0.8132802486989413,1.9085341902980133,1.0067136711818527,1179
2021,2022,MAR,benchmark,squared_error,0.17698628537530095,1.8126924219480856,2.23338980175369,1179
2021,2022,MDA,benchmark,squared_error,23.607362050263905,-4.647851010373614,0.21088977817066734,1179
2021,2022,MDG,benchmark,squared_error,1.3371863727624242,4.137535349563066,2.9811675997695914,1179
2021,2022,MDV,benchmark,squared_error,90.31484538513736,13.826089518413935,4.322677216238608,1179
2021,2022,MEX,benchmark,squared_error,1.9761071382143354,3.7097570830909774,2.304016303923518,1179
2021,2022,MKD,benchmark,squared_error,2.415806105346776,2.7588841533296744,1.2045977880331193,1179
2021,2022,MLT,benchmark,squared_error,8.244347140801239,2.5927677688437853,5.464064887012025,1179
2021,2022,MNE,benchmark,squared_error,52.212202830361385,7.739546895162007,0.5137457056494288,1179
2021,2022,MNG,benchmark,squared_error,1.66838804899205,5.032709636652697,3.741048671464057,1179
2021,2022,MOZ,benchmark,squared_error,0.40662923153957486,4.369308019380398,3.7316331558805302,1179
2021,2022,MUS,benchmark,squared_error,32.37572585756504,8.342443802504704,2.6524766797908095,1179
2021,2022,MWI,benchmark,squared_error,4.300761553089724,0.9211150690059356,2.994942822964717,1179
2021,2022,MYS,benchmark,squared_error,81.21052676676618,9.031737230444506,0.020048888809173437,1179
2021,2022,NAM,benchmark,squared_error,26.45983963940939,5.398724780365399,0.2548119079102875,1179
2021,2022,NIC,benchmark,squared_error,0.43274175347448135,3.5502747713576497,2.8924436733739185,1179
2021,2022,NLD,benchmark,squared_error,10.744314593643026,5.0072345339507365,1.7293824028070777,1179
2021,2022,NOR,benchmark,squared_error,16.107971757567796,4.080397706592407,0.0669239297293025,1179
2021,2022,NPL,benchmark,squared_error,9.216077663535359,5.631314556845098,2.595515211773794,1179
2021,2022,PAK,benchmark,squared_error,2.1679490970347004,4.778106869035796,3.3057111691525414,1179
2021,2022,PAN,benchmark,squared_error,75.8402694377542,11.038602290877291,2.32997039845273,1179
2021,2022,PER,benchmark,squared_error,0.001605823595079569,2.818199764199221,2.8582724930192,1179
2021,2022,PHL,benchmark,squared_error,20.196926589656915,7.580982127855634,3.086883042426285,1179
2021,2022,POL,benchmark,squared_error,18.74406697836936,5.255456973860362,0.9260150954689497,1179
2021,2022,PRT,benchmark,squared_error,33.48259119908515,6.985841375802778,1.199427011182392,1179
2021,2022,PRY,benchmark,squared_error,0.9949996780096461,-0.0280771723899277,0.9694195333738789,1179
2021,2022,PSE,benchmark,squared_error,0.00036221338241103465,4.082760273471052,4.101792177800652,1179
2021,2022,ROU,benchmark,squared_error,25.74396854776674,4.187713051041087,-0.8861384000527206,1179
2021,2022,RUS,benchmark,squared_error,5.317250574706068,-1.4353706346789608,0.8705457937082581,1179
2021,2022,RWA,benchmark,squared_error,35.6294939655017,9.824973946516977,3.8559293022291072,1179
2021,2022,SGP,benchmark,squared_error,6.18695139231814,4.010278844722961,1.5229205286940584,1179
2021,2022,SLB,benchmark,squared_error,26.356354732671196,-2.584483617557225,2.549360432730161,1179
2021,2022,SLV,benchmark,squared_error,4.926124647700546,2.9546041089331965,0.7351166348300993,1179
2021,2022,SVK,benchmark,squared_error,1.16627747727711,0.544591632137454,-0.5353516428900402,1179
2021,2022,SVN,benchmark,squared_error,1.584132973350647,2.668505555424858,1.4098821115979732,1179
2021,2022,SWE,benchmark,squared_error,0.2241130698242045,1.2554362044581635,0.7820303850767321,1179
2021,2022,TCD,benchmark,squared_error,0.023079188819692845,4.129698976683557,3.9777806143316248,1179
2021,2022,THA,benchmark,squared_error,12.333125247031807,2.6378421356630497,-0.874012822479699,1179
2021,2022,TUR,benchmark,squared_error,8.727205895918425,5.441225113224007,2.4870406410018635,1179
2021,2022,TZA,benchmark,squared_error,1.1319970787928477,4.566005764309551,3.502052250854735,1179
2021,2022,UGA,benchmark,squared_error,0.722634013876386,4.588021921817727,3.737943093780947,1179
2021,2022,UKR,benchmark,squared_error,893.2866914410552,-28.75858421550849,1.1293178761582183,1179
2021,2022,URY,benchmark,squared_error,18.29475722580169,4.606230009207323,0.32899290731529796,1179
2021,2022,USA,benchmark,squared_error,8.72905034190498,2.524213850732224,-0.43028278015178856,1179
2021,2022,UZB,benchmark,squared_error,4.195297870765886,6.08592335737373,4.037680727516152,1179
2021,2022,VNM,benchmark,squared_error,41.39058320502074,8.537500412181416,2.1039490441560744,1179
2021,2022,XKX,benchmark,squared_error,11.234041236129652,4.278498958275435,0.9267768283652522,1179
2021,2022,ZAF,benchmark,squared_error,0.9810767128155844,2.058136616921928,3.0486297833877973,1179
2021,2022,ZMB,benchmark,squared_error,0.871559739710981,5.211223603562473,4.2776499644150405,1179
2021,2022,AGO,benchmark,pinball_0.1,0.6649224920206944,3.557492066756666,-3.091732853450278,1179
2021,2022,ALB,benchmark,pinball_0.1,1.0423578095474322,4.826800623435901,-5.59677747203842,1179
2021,2022,ARE,benchmark,pinball_0.1,1.3026789890628327,7.514524142546051,-5.5122657480822745,1179
2021,2022,ARG,benchmark,pinball_0.1,1.1466575075959193,6.020745375348554,-5.4458297006106395,1179
2021,2022,ARM,benchmark,pinball_0.1,1.8846394122441792,12.599999999776628,-6.246394122665162,1179
2021,2022,AUS,benchmark,pinball_0.1,0.49149024632203225,4.253045592387323,-0.6618568708329988,1179
2021,2022,AUT,benchmark,pinball_0.1,0.7721512137596247,5.330963794003708,-2.3905483435925383,1179
2021,2022,BEL,benchmark,pinball_0.1,0.6208978459789105,4.024608528358868,-2.1843699314302363,1179
2021,2022,BGD,benchmark,pinball_0.1,1.1203827694668693,7.099828775751576,-4.103998918917117,1179
2021,2022,BGR,benchmark,pinball_0.1,0.8916370540899333,4.08386398118941,-4.832506559709924,1179
2021,2022,BIH,benchmark,pinball_0.1,1.2896159213446483,4.226813333903252,-8.669345879543231,1179
2021,2022,BLR,benchmark,pinball_0.1,0.06022973795791789,-4.6583959132899935,-5.260693292869172,1179
2021,2022,BOL,benchmark,pinball_0.1,1.2365590828826134,3.7474178124146102,-8.618173016411522,1179
2021,2022,BRA,benchmark,pinball_0.1,0.45666829077135146,3.0166943539301485,-1.5499885537833658,1179
2021,2022,BTN,benchmark,pinball_0.1,1.1096992632679772,5.213867837862239,-5.883124794817533,1179
2021,2022,BWA,benchmark,pinball_0.1,1.05586384084706,5.486017064467717,-5.072621344002884,1179
2021,2022,CAF,benchmark,pinball_0.1,3.0432190183244847,0.4539018764477873,-29.978288306797058,1179
2021,2022,CHL,benchmark,pinball_0.1,0.6648073315900764,2.063918642541978,-4.5841546733587855,1179
2021,2022,CHN,benchmark,pinball_0.1,0.7256996287871534,3.1338543839406867,-4.123141903930847,1179
2021,2022,CMR,benchmark,pinball_0.1,0.24732254449668112,3.736784005641198,1.2635585606743867,1179
2021,2022,COG,benchmark,pinball_0.1,0.5833306518279556,1.4753561324713331,-4.357950385808223,1179
2021,2022,COL,benchmark,pinball_0.1,0.8088381400569409,7.328277294279786,-0.7601041062896225,1179
2021,2022,COM,benchmark,pinball_0.1,0.16238036208377907,2.453811745502591,0.8300081246648006,1179
2021,2022,CRI,benchmark,pinball_0.1,0.6939173631115398,5.461194552350676,-1.4779790787647222,1179
2021,2022,CYP,benchmark,pinball_0.1,0.9465345124691759,8.738546848816739,-0.7267982758750193,1179
2021,2022,CZE,benchmark,pinball_0.1,0.5392243847824257,2.847170658381401,-2.5450731894428564,1179
2021,2022,DJI,benchmark,pinball_0.1,0.5233191548253018,5.166537028543743,-0.0666545197092745,1179
2021,2022,DNK,benchmark,pinball_0.1,0.14764256183144794,0.4438326149083309,-1.0325930034061486,1179
2021,2022,DOM,benchmark,pinball_0.1,0.8853168790942707,5.237956529025951,-3.6152122619167564,1179
2021,2022,DZA,benchmark,pinball_0.1,0.14014032921938196,3.6000000009491515,2.198596708755332,1179
2021,2022,ECU,benchmark,pinball_0.1,0.5879543079462138,5.868423548623113,-0.01111953083902506,1179
2021,2022,ESP,benchmark,pinball_0.1,1.3446502304473347,6.370317121296012,-7.076185183177332,1179
2021,2022,EST,benchmark,pinball_0.1,0.03758807577257955,-1.2261696658779613,-1.6020504236037567,1179
2021,2022,FIN,benchmark,pinball_0.1,0.32857298269884405,0.7630419127635264,-2.522687914224914,1179
2021,2022,FJI,benchmark,pinball_0.1,1.8556011426842236,17.745126977359433,-0.8108844494828027,1179
2021,2022,FRA,benchmark,pinball_0.1,0.28328900405982865,2.716762641859134,-0.11612739873915245,1179
2021,2022,GAB,benchmark,pinball_0.1,0.5443072578678159,3.0376144952569177,-2.405458083421241,1179
2021,2022,GBR,benchmark,pinball_0.1,0.6323127573272871,5.1497038852299255,-1.173423688042945,1179
2021,2022,GEO,benchmark,pinball_0.1,1.3481888026105946,10.95853213856239,-2.5233558875435556,1179
2021,2022,GHA,benchmark,pinball_0.1,0.38948139355889677,3.804849781780419,-0.08996415380854828,1179
2021,2022,GIN,benchmark,pinball_0.1,0.4330590271648877,3.972407842007215,-0.358182429641662,1179
2021,2022,GMB,benchmark,pinball_0.1,0.797303950244372,5.492998230101136,-2.480041272342582,1179
2021,2022,GNQ,benchmark,pinball_0.1,0.3479572215909098,3.2235083165859777,-0.2560638993231201,1179
2021,2022,GRC,benchmark,pinball_0.1,0.6069185630793167,5.521985805894076,-0.5471998248990904,1179
2021,2022,GTM,benchmark,pinball_0.1,0.386636723322534,4.15492196609047,0.2885547328651299,1179
2021,2022,HKG,benchmark,pinball_0.1,1.7622880704175106,-3.685283592813249,-1.7271857367937926,1179
2021,2022,HND,benchmark,pinball_0.1,0.9051419927723047,4.143561940137673,-4.907857987585373,1179
2021,2022,HRV,benchmark,pinball_0.1,1.36454569595314,7.294791148895328,-6.3506658106360705,1179
2021,2022,HUN,benchmark,pinball_0.1,0.8519920021121341,4.152380577792286,-4.367539443329054,1179
2021,2022,IDN,benchmark,pinball_0.1,0.5002942286218753,5.307197226647986,0.3042549404292334,1179
2021,2022,IND,benchmark,pinball_0.1,0.9746978474779369,7.609364977693204,-2.137613497086164,1179
2021,2022,IRL,benchmark,pinball_0.1,1.6015492936273974,7.511138884153041,-8.50435405212093,1179
2021,2022,IRQ,benchmark,pinball_0.1,1.4601103121456813,7.959048049902123,-6.64205507155469,1179
2021,2022,ISL,benchmark,pinball_0.1,1.1758649125731175,8.857298978568508,-2.901350147162667,1179
2021,2022,ISR,benchmark,pinball_0.1,0.733250376621416,6.364072347987062,-0.9684314182270981,1179
2021,2022,ITA,benchmark,pinball_0.1,0.47906081353325725,4.821176699135648,0.030568563803075932,1179
2021,2022,JPN,benchmark,pinball_0.1,0.5094436729890387,1.3316475065374078,-3.7627892233529785,1179
2021,2022,KAZ,benchmark,pinball_0.1,0.3829783540358778,3.1999999997073445,-0.6297835406514336,1179
2021,2022,KEN,benchmark,pinball_0.1,0.5017026920440362,4.859981042879994,-0.15704587756036759,1179
2021,2022,KGZ,benchmark,pinball_0.1,1.2568998327531447,8.96750520041391,-3.6014931271175357,1179
2021,2022,KHM,benchmark,pinball_0.1,0.7782779168724556,5.129901107739769,-2.6528780609847864,1179
2021,2022,KOR,benchmark,pinball_0.1,0.4591192152301723,2.727564567089914,-1.863627585211809,1179
2021,2022,KWT,benchmark,pinball_0.1,0.7695442738003699,6.758667119666171,-0.9367756183375278,1179
2021,2022,LKA,benchmark,pinball_0.1,5.63050338961807,-7.349193111466562,-1.0930782341131504,1179
2021,2022,LSO,benchmark,pinball_0.1,0.05498897510503085,2.3877802018628387,2.4488790630906507,1179
2021,2022,LTU,benchmark,pinball_0.1,0.8366347418906713,2.465320131550115,-5.901027287356598,1179
2021,2022,LUX,benchmark,pinball_0.1,3.023794174341339,-1.0974125629381888,2.262358741885521,1179
2021,2022,LVA,benchmark,pinball_0.1,0.4466085576399177,1.9085341902980133,-2.5575513861011636,1179
2021,2022,MAR,benchmark,pinball_0.1,0.563234782476145,1.8126924219480856,-3.819655402813364,1179
2021,2022,MDA,benchmark,pinball_0.1,0.15517161525632767,-4.647851010373614,-6.199567162936891,1179
2021,2022,MDG,benchmark,pinball_0.1,0.6078902426411106,4.137535349563066,-1.9413670768480387,1179
2021,2022,MDV,benchmark,pinball_0.1,2.9745396682173393,13.826089518413935,-15.91930716375946,1179
2021,2022,MEX,benchmark,pinball_0.1,0.7882739968888605,3.7097570830909774,-4.1729828857976266,1179
2021,2022,MKD,benchmark,pinball_0.1,0.6699454790831822,2.7588841533296744,-3.940570637502148,1179
2021,2022,MLT,benchmark,pinball_0.1,0.6117403116823397,2.5927677688437853,-3.5246353479796113,1179
2021,2022,MNE,benchmark,pinball_0.1,1.1351745856611661,7.739546895162007,-3.6121989614496535,1179
2021,2022,MNG,benchmark,pinball_0.1,0.6858153742394597,5.032709636652697,-1.8254441057418997,1179
2021,2022,MOZ,benchmark,pinball_0.1,0.3817975533712559,4.369308019380398,0.5513324856678388,1179
2021,2022,MUS,benchmark,pinball_0.1,0.45773981754424353,8.342443802504704,3.7650456270622685,1179
2021,2022,MWI,benchmark,pinball_0.1,0.04337570321569036,0.9211150690059356,0.9693102948011472,1179
2021,2022,MYS,benchmark,pinball_0.1,1.3580381422553613,9.031737230444506,-4.548644192109107,1179
2021,2022,NAM,benchmark,pinball_0.1,0.8974999286089965,5.398724780365399,-3.576274505724566,1179
2021,2022,NIC,benchmark,pinball_0.1,0.28840769870748345,3.5502747713576497,0.6661977842828151,1179
2021,2022,NLD,benchmark,pinball_0.1,0.5092636665604975,5.0072345339507365,-0.08540213165423793,1179
2021,2022,NOR,benchmark,pinball_0.1,0.49969568597446856,4.080397706592407,-0.9165591531522779,1179
2021,2022,NPL,benchmark,pinball_0.1,0.6822342195199025,5.631314556845098,-1.1910276383539262,1179
2021,2022,PAK,benchmark,pinball_0.1,0.31071929049007646,4.778106869035796,1.670913964135032,1179
2021,2022,PAN,benchmark,pinball_0.1,2.117817202023134,11.038602290877291,-10.139569729354045,1179
2021,2022,PER,benchmark,pinball_0.1,0.8404111418770466,2.818199764199221,-5.585911654571245,1179
2021,2022,PHL,benchmark,pinball_0.1,1.001510600400487,7.580982127855634,-2.4341238761492363,1179
2021,2022,POL,benchmark,pinball_0.1,0.985606401621093,5.255456973860362,-4.600607042350568,1179
2021,2022,PRT,benchmark,pinball_0.1,0.7175461829125066,6.985841375802778,-0.18962045332228783,1179
2021,2022,PRY,benchmark,pinball_0.1,0.4200713330531425,-0.0280771723899277,-4.228790502921353,1179
2021,2022,PSE,benchmark,pinball_0.1,0.2733405591603358,4.082760273471052,4.3864720058714255,1179
2021,2022,ROU,benchmark,pinball_0.1,1.0832627770229803,4.187713051041087,-6.644914719188717,1179
2021,2022,RUS,benchmark,pinball_0.1,0.6973881193792533,-1.4353706346789608,-0.6604949464797905,1179
2021,2022,RWA,benchmark,pinball_0.1,0.8813273828803063,9.824973946516977,1.0117001177139144,1179
2021,2022,SGP,benchmark,pinball_0.1,0.5701498730993457,4.010278844722961,-1.6912198862704955,1179
2021,2022,SLB,benchmark,pinball_0.1,1.8611802987370918,-2.584483617557225,-0.5165055078493452,1179
2021,2022,SLV,benchmark,pinball_0.1,0.2973083118842837,2.9546041089331965,-0.018479009909640354,1179
2021,2022,SVK,benchmark,pinball_0.1,0.5507921145227613,0.544591632137454,-4.963329513090159,1179
2021,2022,SVN,benchmark,pinball_0.1,0.5316350975681378,2.668505555424858,-2.6478454202565196,1179
2021,2022,SWE,benchmark,pinball_0.1,0.2689533694882673,1.2554362044581635,-1.4340974904245094,1179
2021,2022,TCD,benchmark,pinball_0.1,0.34777236766812936,4.129698976683557,0.6519753000022632,1179
2021,2022,THA,benchmark,pinball_0.1,0.8451926611909439,2.6378421356630497,-5.814084476246389,1179
2021,2022,TUR,benchmark,pinball_0.1,0.7722249633537462,5.441225113224007,-2.281024520313455,1179
2021,2022,TZA,benchmark,pinball_0.1,0.5918180760262438,4.566005764309551,-1.3521749959528861,1179
2021,2022,UGA,benchmark,pinball_0.1,0.36553461554501077,4.588021921817727,0.9326757663676197,1179
2021,2022,UKR,benchmark,pinball_0.1,21.848232939509085,-28.75858421550849,-4.482769838276173,1179
2021,2022,URY,benchmark,pinball_0.1,0.8194617606557046,4.606230009207323,-3.5883875973497226,1179
2021,2022,USA,benchmark,pinball_0.1,0.5751492775126742,2.524213850732224,-3.2272789243945184,1179
2021,2022,UZB,benchmark,pinball_0.1,0.5619921135478257,6.08592335737373,0.46600222189547225,1179
2021,2022,VNM,benchmark,pinball_0.1,1.254800834658439,8.537500412181416,-4.010507934402973,1179
2021,2022,XKX,benchmark,pinball_0.1,0.8447637096315148,4.278498958275435,-4.169138138039713,1179
2021,2022,ZAF,benchmark,pinball_0.1,1.9794380503151021,2.058136616921928,4.257512228383153,1179
2021,2022,ZMB,benchmark,pinball_0.1,0.4554691021775824,5.211223603562473,0.6565325817866494,1179
2021,2022,AGO,benchmark,pinball_0.5,0.6776790181063284,3.557492066756666,2.202134030544009,1179
2021,2022,ALB,benchmark,pinball_0.5,2.701656989201524,4.826800623435901,-0.5765133549671475,1179
2021,2022,ARE,benchmark,pinball_0.5,2.4752227216826976,7.514524142546051,2.564078699180656,1179
2021,2022,ARG,benchmark,pinball_0.5,7.292710796126174,6.020745375348554,-8.564676216903795,1179
2021,2022,ARM,benchmark,pinball_0.5,5.487794727982668,12.599999999776628,1.6244105438112921,1179
2021,2022,AUS,benchmark,pinball_0.5,1.3145231855641777,4.253045592387323,1.623999221258968,1179
2021,2022,AUT,benchmark,pinball_0.5,1.674184732361562,5.330963794003708,1.9825943292805839,1179
2021,2022,BEL,benchmark,pinball_0.5,1.5338757750894496,4.024608528358868,0.9568569781799692,1179
2021,2022,BGD,benchmark,pinball_0.5,1.5373027911068333,7.099828775751576,4.02522319353791,1179
2021,2022,BGR,benchmark,pinball_0.5,1.423787192914575,4.08386398118941,1.23628959536026,1179
2021,2022,BIH,benchmark,pinball_0.5,1.8687550415769025,4.226813333903252,0.4893032507494466,1179
2021,2022,BLR,benchmark,pinball_0.5,3.2948646894518876,-4.6583959132899935,1.9313334656137817,1179
2021,2022,BOL,benchmark,pinball_0.5,0.07542083791893739,3.7474178124146102,3.898259488252485,1179
2021,2022,BRA,benchmark,pinball_0.5,0.5100718337400705,3.0166943539301485,1.9965506864500076,1179
2021,2022,BTN,benchmark,pinball_0.5,0.6057317832591429,5.213867837862239,4.002404271343953,1179
2021,2022,BWA,benchmark,pinball_0.5,0.7295081755050461,5.486017064467717,4.027000713457625,1179
2021,2022,CAF,benchmark,pinball_0.5,1.283649927531699,0.4539018764477873,3.0212017315111854,1179
2021,2022,CHL,benchmark,pinball_0.5,0.04696706532350303,2.063918642541978,2.157852773188984,1179
2021,2022,CHN,benchmark,pinball_0.5,0.5435435383730747,3.1338543839406867,2.0467673071945374,1179
2021,2022,CMR,benchmark,pinball_0.5,0.24866588860982564,3.736784005641198,4.234115782860849,1179
2021,2022,COG,benchmark,pinball_0.5,0.10651726782815141,1.4753561324713331,1.688390668127636,1179
2021,2022,COL,benchmark,pinball_0.5,2.0940498079104546,7.328277294279786,3.140177678458877,1179
2021,2022,COM,benchmark,pinball_0.5,0.3499853562176729,2.453811745502591,3.153782457937937,1179
2021,2022,CRI,benchmark,pinball_0.5,1.1387233664733492,5.461194552350676,3.183747819403978,1179
2021,2022,CYP,benchmark,pinball_0.5,0.41531986834415546,8.738546848816739,7.907907112128428,1179
2021,2022,CZE,benchmark,pinball_0.5,0.8320239468480017,2.847170658381401,1.1831227646853977,1179
2021,2022,DJI,benchmark,pinball_0.5,0.9814724982081477,5.166537028543743,3.203592032127448,1179
2021,2022,DNK,benchmark,pinball_0.5,0.8495200851065823,0.4438326149083309,2.1428727851214955,1179
2021,2022,DOM,benchmark,pinball_0.5,6.123736225942629,5.237956529025951,-7.009515922859308,1179
2021,2022,DZA,benchmark,pinball_0.5,0.5665891112748644,3.6000000009491515,2.4668217783994226,1179
2021,2022,ECU,benchmark,pinball_0.5,1.8985359591433801,5.868423548623113,2.071351630336353,1179
2021,2022,ESP,benchmark,pinball_0.5,1.1700964944685528,6.370317121296012,4.030124132358907,1179
2021,2022,EST,benchmark,pinball_0.5,1.886072657884735,-1.2261696658779613,2.545975649891509,1179
2021,2022,FIN,benchmark,pinball_0.5,0.12514293058251358,0.7630419127635264,1.0133277739285536,1179
2021,2022,FJI,benchmark,pinball_0.5,8.99630327411042,17.745126977359433,-0.24747957086140637,1179
2021,2022,FRA,benchmark,pinball_0.5,1.1936920740468304,2.716762641859134,0.3293784937654731,1179
2021,2022,GAB,benchmark,pinball_0.5,0.46764379131441647,3.0376144952569177,3.9729020778857507,1179
2021,2022,GBR,benchmark,pinball_0.5,1.0542733588510984,5.1497038852299255,3.0411571675277287,1179
2021,2022,GEO,benchmark,pinball_0.5,4.610511719639159,10.95853213856239,1.7375086992840725,1179
2021,2022,GHA,benchmark,pinball_0.5,1.164848832044329,3.804849781780419,6.134547445869077,1179
2021,2022,GIN,benchmark,pinball_0.5,0.8163045929859731,3.972407842007215,5.605017027979161,1179
2021,2022,GMB,benchmark,pinball_0.5,0.5068612436129198,5.492998230101136,4.479275742875297,1179
2021,2022,GNQ,benchmark,pinball_0.5,2.796489433085744,3.2235083165859777,-2.36947054958551,1179
2021,2022,GRC,benchmark,pinball_0.5,1.6336133198511757,5.521985805894076,2.2547591661917243,1179
2021,2022,GTM,benchmark,pinball_0.5,0.5866178103386153,4.15492196609047,2.981686345413239,1179
2021,2022,HKG,benchmark,pinball_0.5,1.6815029098720673,-3.685283592813249,-0.3222777730691142,1179
2021,2022,HND,benchmark,pinball_0.5,0.47000849272060297,4.143561940137673,3.2035449546964667,1179
2021,2022,HRV,benchmark,pinball_0.5,2.351548191051461,7.294791148895328,2.5916947667924064,1179
2021,2022,HUN,benchmark,pinball_0.5,1.5661225964579404,4.152380577792286,1.0201353848764052,1179
2021,2022,IDN,benchmark,pinball_0.5,1.0568263278254642,5.307197226647986,3.193544570997058,1179
2021,2022,IND,benchmark,pinball_0.5,1.3253878332065252,7.609364977693204,4.958589311280154,1179
2021,2022,IRL,benchmark,pinball_0.5,0.8707442351382433,7.511138884153041,5.769650413876555,1179
2021,2022,IRQ,benchmark,pinball_0.5,1.084228477699971,7.959048049902123,5.79059109450218,1179
2021,2022,ISL,benchmark,pinball_0.5,2.989830957578736,8.857298978568508,2.8776370634110364,1179
2021,2022,ISR,benchmark,pinball_0.5,1.2430861898435452,6.364072347987062,3.877899968299971,1179
2021,2022,ITA,benchmark,pinball_0.5,1.8855542215358732,4.821176699135648,1.050068256063902,1179
2021,2022,JPN,benchmark,pinball_0.5,0.6435683581320779,1.3316475065374078,0.044510790273252,1179
2021,2022,KAZ,benchmark,pinball_0.5,0.629535233973523,3.1999999997073445,4.45907046765439,1179
2021,2022,KEN,benchmark,pinball_0.5,0.4083663707702909,4.859981042879994,4.043248301339412,1179
2021,2022,KGZ,benchmark,pinball_0.5,2.7359120261447467,8.96750520041391,3.495681148124417,1179
2021,2022,KHM,benchmark,pinball_0.5,1.2243343224469672,5.129901107739769,2.681232462845835,1179
2021,2022,KOR,benchmark,pinball_0.5,1.2553060755092833,2.727564567089914,0.2169524160713472,1179
2021,2022,KWT,benchmark,pinball_0.5,2.8911707024660007,6.758667119666171,0.9763257147341697,1179
2021,2022,LKA,benchmark,pinball_0.5,3.9661809793505967,-7.349193111466562,0.5831688472346315,1179
2021,2022,LSO,benchmark,pinball_0.5,0.6284950787494976,2.3877802018628387,3.644770359361834,1179
2021,2022,LTU,benchmark,pinball_0.5,0.8793614865410557,2.465320131550115,0.7065971584680035,1179
2021,2022,LUX,benchmark,pinball_0.5,1.9775928090513002,-1.0974125629381888,2.8577730551644116,1179
2021,2022,LVA,benchmark,pinball_0.5,0.24973546125765944,1.9085341902980133,2.408005112813332,1179
2021,2022,MAR,benchmark,pinball_0.5,0.6733714393517856,1.8126924219480856,3.1594353006516567,1179
2021,2022,MDA,benchmark,pinball_0.5,3.7845981624975726,-4.647851010373614,2.921345314621531,1179
2021,2022,MDG,benchmark,pinball_0.5,0.22085250828765268,4.137535349563066,3.695830332987761,1179
2021,2022,MDV,benchmark,pinball_0.5,1.9752897614075264,13.826089518413935,9.875509995598883,1179
2021,2022,MEX,benchmark,pinball_0.5,0.37308672057551373,3.7097570830909774,2.96358364193995,1179
2021,2022,MKD,benchmark,pinball_0.5,0.3961610513722129,2.7588841533296744,1.9665620505852486,1179
2021,2022,MLT,benchmark,pinball_0.5,1.5269275624541256,2.5927677688437853,5.646622893752037,1179
2021,2022,MNE,benchmark,pinball_0.5,2.304616592636035,7.739546895162007,3.1303137098899363,1179
2021,2022,MNG,benchmark,pinball_0.5,0.7906369286499793,5.032709636652697,6.613983493952656,1179
2021,2022,MOZ,benchmark,pinball_0.5,0.13646300461011496,4.369308019380398,4.096382010160168,1179
2021,2022,MUS,benchmark,pinball_0.5,1.8043327048160576,8.342443802504704,4.733778392872589,1179
2021,2022,MWI,benchmark,pinball_0.5,0.11653548779300132,0.9211150690059356,1.1541860445919383,1179
2021,2022,MYS,benchmark,pinball_0.5,3.2210434634463123,9.031737230444506,2.589650303551881,1179
2021,2022,NAM,benchmark,pinball_0.5,2.2878386558990464,5.398724780365399,0.8230474685673057,1179
2021,2022,NIC,benchmark,pinball_0.5,0.49492093823102223,3.5502747713576497,4.540116647819694,1179
2021,2022,NLD,benchmark,pinball_0.5,1.2661213330655299,5.0072345339507365,2.4749918678196767,1179
2021,2022,NOR,benchmark,pinball_0.5,1.8782968888237193,4.080397706592407,0.3238039289449688,1179
2021,2022,NPL,benchmark,pinball_0.5,0.0776046515276354,5.631314556845098,5.7865238599003685,1179
2021,2022,PAK,benchmark,pinball_0.5,0.6296703103419206,4.778106869035796,3.5187662483519553,1179
2021,2022,PAN,benchmark,pinball_0.5,3.144124469002822,11.038602290877291,4.750353352871647,1179
2021,2022,PER,benchmark,pinball_0.5,0.4868710682348081,2.818199764199221,3.7919419006688373,1179
2021,2022,PHL,benchmark,pinball_0.5,1.2869364709593345,7.580982127855634,5.007109185936965,1179
2021,2022,POL,benchmark,pinball_0.5,1.3130990314962419,5.255456973860362,2.629258910867878,1179
2021,2022,PRT,benchmark,pinball_0.5,2.194027894428487,6.985841375802778,2.597785586945804,1179
2021,2022,PRY,benchmark,pinball_0.5,0.9194595978135321,-0.0280771723899277,1.8108420232371365,1179
2021,2022,PSE,benchmark,pinball_0.5,0.1063463726299867,4.082760273471052,4.295453018731026,1179
2021,2022,ROU,benchmark,pinball_0.5,1.6751961346400712,4.187713051041087,0.8373207817609449,1179
2021,2022,RUS,benchmark,pinball_0.5,1.5528522180484896,-1.4353706346789608,1.6703338014180185,1179
2021,2022,RWA,benchmark,pinball_0.5,2.759630893754582,9.824973946516977,4.305712159007813,1179
2021,2022,SGP,benchmark,pinball_0.5,0.8516645357604622,4.010278844722961,2.306949773202037,1179
2021,2022,SLB,benchmark,pinball_0.5,2.4296092327056416,-2.584483617557225,2.2747348478540586,1179
2021,2022,SLV,benchmark,pinball_0.5,0.5141159649769214,2.9546041089331965,1.9263721789793538,1179
2021,2022,SVK,benchmark,pinball_0.5,0.14031945431715664,0.544591632137454,0.8252305407717673,1179
2021,2022,SVN,benchmark,pinball_0.5,0.11717223768806839,2.668505555424858,2.434161080048721,1179
2021,2022,SWE,benchmark,pinball_0.5,0.17415079712419612,1.2554362044581635,1.6037377987065558,1179
2021,2022,TCD,benchmark,pinball_0.5,0.2884455491486122,4.129698976683557,4.706590074980781,1179
2021,2022,THA,benchmark,pinball_0.5,0.4938022082057074,2.6378421356630497,1.6502377192516349,1179
2021,2022,TUR,benchmark,pinball_0.5,1.2700907279314615,5.441225113224007,2.9010436573610843,1179
2021,2022,TZA,benchmark,pinball_0.5,0.49336756268233195,4.566005764309551,5.552740889674215,1179
2021,2022,UGA,benchmark,pinball_0.5,0.07783864025095433,4.588021921817727,4.432344641315819,1179
2021,2022,UKR,benchmark,pinball_0.5,16.38492803363602,-28.75858421550849,4.011271851763551,1179
2021,2022,URY,benchmark,pinball_0.5,1.5674319009472493,4.606230009207323,1.4713662073128244,1179
2021,2022,USA,benchmark,pinball_0.5,1.1959526635920383,2.524213850732224,0.13230852354814715,1179
2021,2022,UZB,benchmark,pinball_0.5,0.6110867394050299,6.08592335737373,4.86374987856367,1179
2021,2022,VNM,benchmark,pinball_0.5,2.8584936852494796,8.537500412181416,2.820513041682456,1179
2021,2022,XKX,benchmark,pinball_0.5,0.5411565883921892,4.278498958275435,3.1961857814910566,1179
2021,2022,ZAF,benchmark,pinball_0.5,0.6942801582202964,2.058136616921928,3.446696933362521,1179
2021,2022,ZMB,benchmark,pinball_0.5,0.10795003109692303,5.211223603562473,4.995323541368627,1179
2021,2022,AGO,benchmark,pinball_0.9,1.7570156159511503,3.557492066756666,1.60525249347761,1179
2021,2022,ALB,benchmark,pinball_0.9,1.892880225052038,4.826800623435901,2.7236003733780807,1179
2021,2022,ARE,benchmark,pinball_0.9,3.7219930955198905,7.514524142546051,3.3789762586350616,1179
2021,2022,ARG,benchmark,pinball_0.9,13.500649210390945,6.020745375348554,-8.979975969530273,1179
2021,2022,ARM,benchmark,pinball_0.9,5.420963612824519,12.599999999776628,6.576707096638274,1179
2021,2022,AUS,benchmark,pinball_0.9,1.008860516788724,4.253045592387323,3.1320894626220745,1179
2021,2022,AUT,benchmark,pinball_0.9,2.4538691689404284,5.330963794003708,2.6044424951810097,1179
2021,2022,BEL,benchmark,pinball_0.9,1.7639690236926258,4.024608528358868,2.0646429464781733,1179
2021,2022,BGD,benchmark,pinball_0.9,0.0012797741478267175,7.099828775751576,7.1126265172298435,1179
2021,2022,BGR,benchmark,pinball_0.9,1.775115582529574,4.08386398118941,2.1115133339343277,1179
2021,2022,BIH,benchmark,pinball_0.9,0.9507019640136933,4.226813333903252,3.1704778183324813,1179
2021,2022,BLR,benchmark,pinball_0.9,0.6850829062167726,-4.6583959132899935,2.1924331488777336,1179
2021,2022,BOL,benchmark,pinball_0.9,0.07243734348510762,3.7474178124146102,4.471791247265687,1179
2021,2022,BRA,benchmark,pinball_0.9,0.1475933634856389,3.0166943539301485,4.492627988786538,1179
2021,2022,BTN,benchmark,pinball_0.9,0.19620264681006278,5.213867837862239,7.175894305962867,1179
2021,2022,BWA,benchmark,pinball_0.9,0.09232347307914172,5.486017064467717,6.409251795259134,1179
2021,2022,CAF,benchmark,pinball_0.9,0.6644895015945407,0.4539018764477873,7.098796892393196,1179
2021,2022,CHL,benchmark,pinball_0.9,0.24517107486927217,2.063918642541978,4.5156293912347,1179
2021,2022,CHN,benchmark,pinball_0.9,0.17293606061650377,3.1338543839406867,4.863214990105725,1179
2021,2022,CMR,benchmark,pinball_0.9,0.11862413735718388,3.736784005641198,4.923025379213037,1179
2021,2022,COG,benchmark,pinball_0.9,0.8449776849095455,1.4753561324713331,9.92513298156679,1179
2021,2022,COL,benchmark,pinball_0.9,2.3978023883648567,7.328277294279786,4.6640524183188345,1179
2021,2022,COM,benchmark,pinball_0.9,0.16432101999427445,2.453811745502591,4.097021945445336,1179
2021,2022,CRI,benchmark,pinball_0.9,1.5111288324009657,5.461194552350676,3.782162516349603,1179
2021,2022,CYP,benchmark,pinball_0.9,0.2686802706254944,8.738546848816739,11.425349555071683,1179
2021,2022,CZE,benchmark,pinball_0.9,0.08748066709530249,2.847170658381401,3.7219773293344263,1179
2021,2022,DJI,benchmark,pinball_0.9,0.13685113624175074,5.166537028543743,5.014480210497354,1179
2021,2022,DNK,benchmark,pinball_0.9,0.28809026012513156,0.4438326149083309,3.324735216159647,1179
2021,2022,DOM,benchmark,pinball_0.9,0.08212262192724094,5.237956529025951,5.146709171329016,1179
2021,2022,DZA,benchmark,pinball_0.9,0.11022688685151172,3.6000000009491515,3.4775256822252496,1179
2021,2022,ECU,benchmark,pinball_0.9,0.04953776499525179,5.868423548623113,6.363801198575631,1179
2021,2022,ESP,benchmark,pinball_0.9,0.4813304809162315,6.370317121296012,5.835505475833533,1179
2021,2022,EST,benchmark,pinball_0.9,0.6268958819658089,-1.2261696658779613,5.042789153780129,1179
2021,2022,FIN,benchmark,pinball_0.9,0.14240330087732214,0.7630419127635264,2.187074921536748,1179
2021,2022,FJI,benchmark,pinball_0.9,13.23668322142178,17.745126977359433,3.037701175779679,1179
2021,2022,FRA,benchmark,pinball_0.9,1.009802920739336,2.716762641859134,1.5947593965932052,1179
2021,2022,GAB,benchmark,pinball_0.9,0.22544784411827226,3.0376144952569177,5.292092936439641,1179
2021,2022,GBR,benchmark,pinball_0.9,0.8238514341039835,5.1497038852299255,4.234313402892166,1179
2021,2022,GEO,benchmark,pinball_0.9,5.873170425281242,10.95853213856239,4.432787221583232,1179
2021,2022,GHA,benchmark,pinball_0.9,0.37643435314562623,3.804849781780419,7.569193313236682,1179
2021,2022,GIN,benchmark,pinball_0.9,0.6974108837883177,3.972407842007215,10.946516679890394,1179
2021,2022,GMB,benchmark,pinball_0.9,0.10767608946534331,5.492998230101136,6.56975912475457,1179
2021,2022,GNQ,benchmark,pinball_0.9,0.5872190066673021,3.2235083165859777,9.095698383259,1179
2021,2022,GRC,benchmark,pinball_0.9,1.523853653116054,5.521985805894076,3.8288150802095715,1179
2021,2022,GTM,benchmark,pinball_0.9,0.7381528980117142,4.15492196609047,3.334752079410787,1179
2021,2022,HKG,benchmark,pinball_0.9,0.46182898006580003,-3.685283592813249,0.9330062078447519,1179
2021,2022,HND,benchmark,pinball_0.9,0.01639868896277745,4.143561940137673,4.307548829765447,1179
2021,2022,HRV,benchmark,pinball_0.9,3.37108600727356,7.294791148895328,3.5491400297024835,1179
2021,2022,HUN,benchmark,pinball_0.9,0.038215417740879144,4.152380577792286,4.5345347552010775,1179
2021,2022,IDN,benchmark,pinball_0.9,0.32530123857182913,5.307197226647986,4.94575140601262,1179
2021,2022,IND,benchmark,pinball_0.9,0.3342976082140098,7.609364977693204,7.237923190788749,1179
2021,2022,IRL,benchmark,pinball_0.9,0.434290483886769,7.511138884153041,11.854043723020732,1179
2021,2022,IRQ,benchmark,pinball_0.9,1.3536497182469038,7.959048049902123,6.454992807405563,1179
2021,2022,ISL,benchmark,pinball_0.9,4.093602766554876,8.857298978568508,4.308851460174202,1179
2021,2022,ISR,benchmark,pinball_0.9,2.113419669171467,6.364072347987062,4.015828271129876,1179
2021,2022,ITA,benchmark,pinball_0.9,2.2195788663841354,4.821176699135648,2.3549779587088313,1179
2021,2022,JPN,benchmark,pinball_0.9,0.5386290586152805,1.3316475065374078,0.7331707747426517,1179
2021,2022,KAZ,benchmark,pinball_0.9,0.17339602695681502,3.1999999997073445,4.933960269275495,1179
2021,2022,KEN,benchmark,pinball_0.9,0.0703068168657694,4.859981042879994,5.563049211537688,1179
2021,2022,KGZ,benchmark,pinball_0.9,0.4181825884969154,8.96750520041391,8.502857879861782,1179
2021,2022,KHM,benchmark,pinball_0.9,0.17948641594729062,5.129901107739769,6.924765267212676,1179
2021,2022,KOR,benchmark,pinball_0.9,0.9934280521617651,2.727564567089914,1.6237556202435082,1179
2021,2022,KWT,benchmark,pinball_0.9,0.01147644143475919,6.758667119666171,6.745915518071994,1179
2021,2022,LKA,benchmark,pinball_0.9,1.3317321117164949,-7.349193111466562,5.96812800569839,1179
2021,2022,LSO,benchmark,pinball_0.9,0.2995546250673248,2.3877802018628387,5.383326452536087,1179
2021,2022,LTU,benchmark,pinball_0.9,0.19722134979453307,2.465320131550115,4.437533629495446,1179
2021,2022,LUX,benchmark,pinball_0.9,0.699240272620543,-1.0974125629381888,5.894990163267243,1179
2021,2022,LVA,benchmark,pinball_0.9,0.28325871110369677,1.9085341902980133,4.7411213013349816,1179
2021,2022,MAR,benchmark,pinball_0.9,0.35254620623067984,1.8126924219480856,5.3381544842548845,1179
2021,2022,MDA,benchmark,pinball_0.9,1.227092217234775,-4.647851010373614,7.6230711619741385,1179
2021,2022,MDG,benchmark,pinball_0.9,0.20249553835571876,4.137535349563066,6.162490733120254,1179
2021,2022,MDV,benchmark,pinball_0.9,3.2202855319750974,13.826089518413935,10.24799448288605,1179
2021,2022,MEX,benchmark,pinball_0.9,0.0720918107127204,3.7097570830909774,4.430675190218182,1179
2021,2022,MKD,benchmark,pinball_0.9,0.12284108439305072,2.7588841533296744,3.987294997260182,1179
2021,2022,MLT,benchmark,pinball_0.9,0.9535628446916524,2.5927677688437853,12.128396215760311,1179
2021,2022,MNE,benchmark,pinball_0.9,2.6503806174835733,7.739546895162007,4.794679542402481,1179
2021,2022,MNG,benchmark,pinball_0.9,0.3522251802647133,5.032709636652697,8.55496143929983,1179
2021,2022,MOZ,benchmark,pinball_0.9,0.2884945209891592,4.369308019380398,7.25425322927199,1179
2021,2022,MUS,benchmark,pinball_0.9,3.2469085227648598,8.342443802504704,4.734767666099304,1179
2021,2022,MWI,benchmark,pinball_0.9,0.46691711818776405,0.9211150690059356,5.590286250883577,1179
2021,2022,MYS,benchmark,pinball_0.9,4.137227942166891,9.031737230444506,4.434817294703516,1179
2021,2022,NAM,benchmark,pinball_0.9,3.210262216901735,5.398724780365399,1.8317667615856932,1179
2021,2022,NIC,benchmark,pinball_0.9,0.1887752305516924,3.5502747713576497,5.438027076874574,1179
2021,2022,NLD,benchmark,pinball_0.9,1.7449783882831449,5.0072345339507365,3.0683696580805755,1179
2021,2022,NOR,benchmark,pinball_0.9,2.528317199292228,4.080397706592407,1.2711563740454874,1179
2021,2022,NPL,benchmark,pinball_0.9,0.05388617642969463,5.631314556845098,6.170176321142044,1179
2021,2022,PAK,benchmark,pinball_0.9,0.14812374667924144,4.778106869035796,6.259344335828211,1179
2021,2022,PAN,benchmark,pinball_0.9,4.235555158579081,11.038602290877291,6.33242989245609,1179
2021,2022,PER,benchmark,pinball_0.9,0.23950519584723484,2.818199764199221,5.21325172267157,1179
2021,2022,PHL,benchmark,pinball_0.9,0.8078128791155368,7.580982127855634,6.6834122621717045,1179
2021,2022,POL,benchmark,pinball_0.9,0.3639610254082598,5.255456973860362,4.851055834517851,1179
2021,2022,PRT,benchmark,pinball_0.9,2.6202546688857593,6.985841375802778,4.074447299263046,1179
2021,2022,PRY,benchmark,pinball_0.9,0.6551561097682626,-0.0280771723899277,6.523483925292699,1179
2021,2022,PSE,benchmark,pinball_0.9,0.4869631866305972,4.082760273471052,8.952392139777025,1179
2021,2022,ROU,benchmark,pinball_0.9,0.03845131811241895,4.187713051041087,4.572226232165277,1179
2021,2022,RUS,benchmark,pinball_0.9,0.46095883833656176,-1.4353706346789608,3.174217748686658,1179
2021,2022,RWA,benchmark,pinball_0.9,1.8279802622336134,9.824973946516977,7.793884766257406,1179
2021,2022,SGP,benchmark,pinball_0.9,0.03502973490638758,4.010278844722961,4.360576193786837,1179
2021,2022,SLB,benchmark,pinball_0.9,0.755760720016373,-2.584483617557225,4.973123582606506,1179
2021,2022,SLV,benchmark,pinball_0.9,0.38117994033158537,2.9546041089331965,2.5310708418981016,1179
2021,2022,SVK,benchmark,pinball_0.9,0.27028779773080114,0.544591632137454,3.247469609445466,1179
2021,2022,SVN,benchmark,pinball_0.9,0.18280270969075843,2.668505555424858,4.4965326523324425,1179
2021,2022,SWE,benchmark,pinball_0.9,0.1311494003790976,1.2554362044581635,2.56693020824914,1179
2021,2022,TCD,benchmark,pinball_0.9,0.4966905072995607,4.129698976683557,9.096604049679165,1179
2021,2022,THA,benchmark,pinball_0.9,0.0487413252974047,2.6378421356630497,3.125255388637097,1179
2021,2022,TUR,benchmark,pinball_0.9,0.1661471249944697,5.441225113224007,7.102696363168705,1179
2021,2022,TZA,benchmark,pinball_0.9,0.1444141395890236,4.566005764309551,6.010147160199788,1179
2021,2022,UGA,benchmark,pinball_0.9,0.1788887583195265,4.588021921817727,6.376909505012993,1179
2021,2022,UKR,benchmark,pinball_0.9,3.574340155330139,-28.75858421550849,6.984817337792909,1179
2021,2022,URY,benchmark,pinball_0.9,1.9247158018225472,4.606230009207323,2.4676568960711593,1179
2021,2022,USA,benchmark,pinball_0.9,0.8282982319236286,2.524213850732224,1.603882481928192,1179
2021,2022,UZB,benchmark,pinball_0.9,0.04600085477692913,6.08592335737373,6.545931905143021,1179
2021,2022,VNM,benchmark,pinball_0.9,1.850169459471575,8.537500412181416,6.48175656832411,1179
2021,2022,XKX,benchmark,pinball_0.9,0.03921615286518109,4.278498958275435,4.670660486927246,1179
2021,2022,ZAF,benchmark,pinball_0.9,0.20467591238386063,2.058136616921928,4.104895740760535,1179
2021,2022,ZMB,benchmark,pinball_0.9,0.02013014219587674,5.211223603562473,5.412525025521241,1179
2021,2022,AGO,disinformation,squared_error,5.5337624209369265,3.557492066756666,1.2050970274537587,1179
2021,2022,ALB,disinformation,squared_error,39.131859940304366,4.826800623435901,-1.4287457108425343,1179
2021,2022,ARE,disinformation,squared_error,48.39062940858466,7.514524142546051,0.5581867866823593,1179
2021,2022,ARG,disinformation,squared_error,189.1344914738227,6.020745375348554,-7.731872247265067,1179
2021,2022,ARM,disinformation,squared_error,147.16336128975183,12.599999999776628,0.4689093113944889,1179
2021,2022,AUS,disinformation,squared_error,7.213851228646451,4.253045592387323,1.5671842354579582,1179
2021,2022,AUT,disinformation,squared_error,17.392525424980004,5.330963794003708,1.1605291134242357,1179
2021,2022,BEL,disinformation,squared_error,14.12408237350137,4.024608528358868,0.2664065149618544,1179
2021,2022,BGD,disinformation,squared_error,25.106399096072355,7.099828775751576,2.0892001628854864,1179
2021,2022,BGR,disinformation,squared_error,24.004178663000975,4.08386398118941,-0.8155419688213641,1179
2021,2022,BIH,disinformation,squared_error,34.62023290338832,4.226813333903252,-1.6570827310683516,1179
2021,2022,BLR,disinformation,squared_error,21.535040948349067,-4.6583959132899935,-0.017809641238899943,1179
2021,2022,BOL,disinformation,squared_error,3.332516275759132,3.7474178124146102,1.9218997282097092,1179
2021,2022,BRA,disinformation,squared_error,0.0937596120935019,3.0166943539301485,2.710492440001607,1179
2021,2022,BTN,disinformation,squared_error,12.968113704879935,5.213867837862239,1.612741110728086,1179
2021,2022,BWA,disinformation,squared_error,17.687027043794895,5.486017064467717,1.2804223331847684,1179
2021,2022,CAF,disinformation,squared_error,1.0231738341009198,0.4539018764477873,-0.557618679003717,1179
2021,2022,CHL,disinformation,squared_error,0.9696183768940464,2.063918642541978,1.079226621200256,1179
2021,2022,CHN,disinformation,squared_error,5.66890472982932,3.1338543839406867,0.7529082002084042,1179
2021,2022,CMR,disinformation,squared_error,0.06941690228652495,3.736784005641198,3.473313130046712,1179
2021,2022,COG,disinformation,squared_error,0.845362019887362,1.4753561324713331,2.394791839787164,1179
2021,2022,COL,disinformation,squared_error,25.3789560140338,7.328277294279786,2.2905242223206415,1179
2021,2022,COM,disinformation,squared_error,0.003073824959219583,2.453811745502591,2.3983696589688073,1179
2021,2022,CRI,disinformation,squared_error,14.52493124926613,5.461194552350676,1.650035771970865,1179
2021,2022,CYP,disinformation,squared_error,5.864683187307324,8.738546848816739,6.316836051197146,1179
2021,2022,CZE,disinformation,squared_error,4.686175339048433,2.847170658381401,0.6824130878787749,1179
2021,2022,DJI,disinformation,squared_error,14.405653887957218,5.166537028543743,1.371058944302284,1179
2021,2022,DNK,disinformation,squared_error,0.8169708270174275,0.4438326149083309,1.347697000210367,1179
2021,2022,DOM,disinformation,squared_error,42.003747855277936,5.237956529025951,-1.2430733162438532,1179
2021,2022,DZA,disinformation,squared_error,2.3425494416729946,3.6000000009491515,2.0694610626424534,1179
2021,2022,ECU,disinformation,squared_error,14.860806405963547,5.868423548623113,2.013451900742477,1179
2021,2022,ESP,disinformation,squared_error,17.035928606792876,6.370317121296012,2.242856811760271,1179
2021,2022,EST,disinformation,squared_error,8.058887441635871,-1.2261696658779613,1.6126482996907843,1179
2021,2022,FIN,disinformation,squared_error,1.7725749181249364,0.7630419127635264,-0.5683389186010146,1179
2021,2022,FJI,disinformation,squared_error,338.9920550098578,17.745126977359433,-0.6666099045824145,1179
2021,2022,FRA,disinformation,squared_error,6.918706252147693,2.716762641859134,0.08641927032991603,1179
2021,2022,GAB,disinformation,squared_error,0.053245709572560806,3.0376144952569177,3.2683648139404697,1179
2021,2022,GBR,disinformation,squared_error,8.93892899393037,5.1497038852299255,2.1598997120556405,1179
2021,2022,GEO,disinformation,squared_error,100.17111271719051,10.95853213856239,0.9499801595201411,1179
2021,2022,GHA,disinformation,squared_error,0.0152776131714245,3.804849781780419,3.928452424031402,1179
2021,2022,GIN,disinformation,squared_error,4.806235903106971,3.972407842007215,6.164720753775736,1179
2021,2022,GMB,disinformation,squared_error,12.580097531243398,5.492998230101136,1.9461549108602938,1179
2021,2022,GNQ,disinformation,squared_error,0.008360693621264759,3.2235083165859777,3.3149451451686924,1179
2021,2022,GRC,disinformation,squared_error,21.596419113641183,5.521985805894076,0.8747910484472587,1179
2021,2022,GTM,disinformation,squared_error,4.728003668139126,4.15492196609047,1.980524654617903,1179
2021,2022,HKG,disinformation,squared_error,4.061134966245253,-3.685283592813249,-1.6700578073873942,1179
2021,2022,HND,disinformation,squared_error,4.25149607757917,4.143561940137673,2.081646307145098,1179
2021,2022,HRV,disinformation,squared_error,49.07524912245456,7.294791148895328,0.2894182735620987,1179
2021,2022,HUN,disinformation,squared_error,14.963018100242532,4.152380577792286,0.28417452068486604,1179
2021,2022,IDN,disinformation,squared_error,10.898320896985274,5.307197226647986,2.005936725417392,1179
2021,2022,IND,disinformation,squared_error,23.296512479348813,7.609364977693204,2.7827188875651103,1179
2021,2022,IRL,disinformation,squared_error,8.961708480205209,7.511138884153041,4.5175276067482395,1179
2021,2022,IRQ,disinformation,squared_error,45.08870098870558,7.959048049902123,1.2442359908266356,1179
2021,2022,ISL,disinformation,squared_error,63.416189076780796,8.857298978568508,0.8938707546952749,1179
2021,2022,ISR,disinformation,squared_error,17.93481857212613,6.364072347987062,2.1291203326595998,1179
2021,2022,ITA,disinformation,squared_error,17.331803198382513,4.821176699135648,0.6580284675226409,1179
2021,2022,JPN,disinformation,squared_error,2.9826023179953594,1.3316475065374078,-0.3953737203140051,1179
2021,2022,KAZ,disinformation,squared_error,0.12476106277968878,3.1999999997073445,2.846784679003827,1179
2021,2022,KEN,disinformation,squared_error,9.131551133805482,4.859981042879994,1.8381353926513988,1179
2021,2022,KGZ,disinformation,squared_error,51.67441471298665,8.96750520041391,1.7790133757690043,1179
2021,2022,KHM,disinformation,squared_error,10.420866389904301,5.129901107739769,1.9017644331387231,1179
2021,2022,KOR,disinformation,squared_error,12.426942385105566,2.727564567089914,-0.7976222910930062,1179
2021,2022,KWT,disinformation,squared_error,14.515338579164414,6.758667119666171,2.948767044970719,1179
2021,2022,LKA,disinformation,squared_error,78.92229947354912,-7.349193111466562,1.534629234435517,1179
2021,2022,LSO,disinformation,squared_error,0.32550076091938224,2.3877802018628387,2.9583069417439614,1179
2021,2022,LTU,disinformation,squared_error,5.622701228526277,2.465320131550115,0.09409655952526741,1179
2021,2022,LUX,disinformation,squared_error,24.46278520880932,-1.0974125629381888,3.84857421512838,1179
2021,2022,LVA,disinformation,squared_error,0.7287119545456341,1.9085341902980133,1.054887920145303,1179
2021,2022,MAR,disinformation,squared_error,0.16099963457281025,1.8126924219480856,2.213940019539411,1179
2021,2022,MDA,disinformation,squared_error,23.46068411824442,-4.647851010373614,0.19577202597473686,1179
2021,2022,MDG,disinformation,squared_error,1.1148031555394053,4.137535349563066,3.081692958133642,1179
2021,2022,MDV,disinformation,squared_error,96.29081314365388,13.826089518413935,4.01330127328942,1179
2021,2022,MEX,disinformation,squared_error,1.0064996459554005,3.7097570830909774,2.7065125236961105,1179
2021,2022,MKD,disinformation,squared_error,2.4360916428203074,2.7588841533296744,1.19808575416971,1179
2021,2022,MLT,disinformation,squared_error,8.408723963500352,2.5927677688437853,5.4925477542048045,1179
2021,2022,MNE,disinformation,squared_error,46.12930503080991,7.739546895162007,0.9476911082058441,1179
2021,2022,MNG,disinformation,squared_error,1.8365575487284915,5.032709636652697,3.677513138454561,1179
2021,2022,MOZ,disinformation,squared_error,0.2936352530784149,4.369308019380398,3.8274268026193674,1179
2021,2022,MUS,disinformation,squared_error,29.38660353610309,8.342443802504704,2.92150259860818,1179
2021,2022,MWI,disinformation,squared_error,4.175272704293777,0.9211150690059356,2.9644634740249565,1179
2021,2022,MYS,disinformation,squared_error,83.76194419189122,9.031737230444506,-0.12041793606634243,1179
2021,2022,NAM,disinformation,squared_error,24.051247896965087,5.398724780365399,0.494517617432221,1179
2021,2022,NIC,disinformation,squared_error,0.08368541938107493,3.5502747713576497,3.26099044862122,1179
2021,2022,NLD,disinformation,squared_error,9.872237806485945,5.0072345339507365,1.8652227888285218,1179
2021,2022,NOR,disinformation,squared_error,16.380716113267095,4.080397706592407,0.033087968844739635,1179
2021,2022,NPL,disinformation,squared_error,8.97612066556641,5.631314556845098,2.6352970893448813,1179
2021,2022,PAK,disinformation,squared_error,2.0665559065560304,4.778106869035796,3.3405548155239835,1179
2021,2022,PAN,disinformation,squared_error,75.1793145588849,11.038602290877291,2.3680017027470264,1179
2021,2022,PER,disinformation,squared_error,0.16705563790011838,2.818199764199221,3.226924167556934,1179
2021,2022,PHL,disinformation,squared_error,20.185254844906268,7.580982127855634,3.0881817934421107,1179
2021,2022,POL,disinformation,squared_error,15.932386600018026,5.255456973860362,1.263917596625305,1179
2021,2022,PRT,disinformation,squared_error,32.68994685189458,6.985841375802778,1.2683290800665823,1179
2021,2022,PRY,disinformation,squared_error,1.1282324144558717,-0.0280771723899277,1.0341056811978486,1179
2021,2022,PSE,disinformation,squared_error,0.006856668719413663,4.082760273471052,4.165565277664118,1179
2021,2022,ROU,disinformation,squared_error,25.46236110411015,4.187713051041087,-0.8583112358713478,1179
2021,2022,RUS,disinformation,squared_error,6.153698808455822,-1.4353706346789608,1.0452943585145622,1179
2021,2022,RWA,disinformation,squared_error,38.65887522005066,9.824973946516977,3.6073477740898614,1179
2021,2022,SGP,disinformation,squared_error,5.69576743943599,4.010278844722961,1.6236981443409295,1179
2021,2022,SLB,disinformation,squared_error,26.68495285740665,-2.584483617557225,2.5812644267638145,1179
2021,2022,SLV,disinformation,squared_error,3.256456511194014,2.9546041089331965,1.1500386456723,1179
2021,2022,SVK,disinformation,squared_error,0.8780556067278414,0.544591632137454,-0.3924545816256888,1179
2021,2022,SVN,disinformation,squared_error,0.1420513413103799,2.668505555424858,2.2916085651073708,1179
2021,2022,SWE,disinformation,squared_error,0.2870062341535389,1.2554362044581635,0.71970657661074,1179
2021,2022,TCD,disinformation,squared_error,0.010087033293321774,4.129698976683557,4.029264752968123,1179
2021,2022,THA,disinformation,squared_error,11.697872134407378,2.6378421356630497,-0.7823730818937897,1179
2021,2022,TUR,disinformation,squared_error,8.31556906367378,5.441225113224007,2.557552270532975,1179
2021,2022,TZA,disinformation,squared_error,1.3755926654884492,4.566005764309551,3.393149138166164,1179
2021,2022,UGA,disinformation,squared_error,0.521197256004901,4.588021921817727,3.8660819963357653,1179
2021,2022,UKR,disinformation,squared_error,906.1972611936764,-28.75858421550849,1.3445262748324804,1179
2021,2022,URY,disinformation,squared_error,18.77436915001522,4.606230009207323,0.2732899969275291,1179
2021,2022,USA,disinformation,squared_error,6.741266845481589,2.524213850732224,-0.07218112027692314,1179
2021,2022,UZB,disinformation,squared_error,4.625983767094085,6.08592335737373,3.9351133315708733,1179
2021,2022,VNM,disinformation,squared_error,45.013780181168734,8.537500412181416,1.8282694442411458,1179
2021,2022,XKX,disinformation,squared_error,11.956639165379183,4.278498958275435,0.8206616044689863,1179
2021,2022,ZAF,disinformation,squared_error,0.7462293360426205,2.058136616921928,2.9219822837181564,1179
2021,2022,ZMB,disinformation,squared_error,0.6675028071897832,5.211223603562473,4.394215153673622,1179
2021,2022,AGO,disinformation,pinball_0.1,0.6579828187642787,3.557492066756666,-3.02233612088612,1179
2021,2022,ALB,disinformation,pinball_0.1,1.0381449373505067,4.826800623435901,-5.554648750069166,1179
2021,2022,ARE,disinformation,pinball_0.1,1.3005962818649675,7.514524142546051,-5.491438676103623,1179
2021,2022,ARG,disinformation,pinball_0.1,1.1300539480133398,6.020745375348554,-5.279794104784845,1179
2021,2022,ARM,disinformation,pinball_0.1,1.8914823979224544,12.599999999776628,-6.3148239794479135,1179
2021,2022,AUS,disinformation,pinball_0.1,0.49579628909912865,4.253045592387323,-0.7049172986039629,1179
2021,2022,AUT,disinformation,pinball_0.1,0.7655337520674387,5.330963794003708,-2.3243737266706788,1179
2021,2022,BEL,disinformation,pinball_0.1,0.6105645888171995,4.024608528358868,-2.081037359813127,1179
2021,2022,BGD,disinformation,pinball_0.1,1.1113335376507323,7.099828775751576,-4.013506600755747,1179
2021,2022,BGR,disinformation,pinball_0.1,0.8929813712541027,4.08386398118941,-4.845949731351617,1179
2021,2022,BIH,disinformation,pinball_0.1,1.2842823802803889,4.226813333903252,-8.616010468900637,1179
2021,2022,BLR,disinformation,pinball_0.1,0.09534349143434646,-4.6583959132899935,-5.611830827633458,1179
2021,2022,BOL,disinformation,pinball_0.1,1.2269922851786341,3.7474178124146102,-8.52250503937173,1179
2021,2022,BRA,disinformation,pinball_0.1,0.480053524906381,3.0166943539301485,-1.783840895133661,1179
2021,2022,BTN,disinformation,pinball_0.1,1.1009689238320548,5.213867837862239,-5.795821400458308,1179
2021,2022,BWA,disinformation,pinball_0.1,1.0492531960903713,5.486017064467717,-5.006514896435995,1179
2021,2022,CAF,disinformation,pinball_0.1,3.0418606639145644,0.4539018764477873,-29.964704762697856,1179
2021,2022,CHL,disinformation,pinball_0.1,0.6600495810445057,2.063918642541978,-4.536577167903079,1179
2021,2022,CHN,disinformation,pinball_0.1,0.7256847486509634,3.1338543839406867,-4.122993102568947,1179
2021,2022,CMR,disinformation,pinball_0.1,0.24337601770504486,3.736784005641198,1.3030238285907494,1179
2021,2022,COG,disinformation,pinball_0.1,0.5772739678747613,1.4753561324713331,-4.297383546276279,1179
2021,2022,COL,disinformation,pinball_0.1,0.8017041202647172,7.328277294279786,-0.6887639083673847,1179
2021,2022,COM,disinformation,pinball_0.1,0.1606594925814253,2.453811745502591,0.8472168196883381,1179
2021,2022,CRI,disinformation,pinball_0.1,0.6895459195838459,5.461194552350676,-1.4342646434877828,1179
2021,2022,CYP,disinformation,pinball_0.1,0.9368429587978625,8.738546848816739,-0.6298827391618858,1179
2021,2022,CZE,disinformation,pinball_0.1,0.5498844085483018,2.847170658381401,-2.651673427101617,1179
2021,2022,DJI,disinformation,pinball_0.1,0.5186894285054955,5.166537028543743,-0.02035725651121112,1179
2021,2022,DNK,disinformation,pinball_0.1,0.14337342563466252,0.4438326149083309,-0.9899016414382942,1179
2021,2022,DOM,disinformation,pinball_0.1,0.8572204765833753,5.237956529025951,-3.3342482368078015,1179
2021,2022,DZA,disinformation,pinball_0.1,0.13751775825524568,3.6000000009491515,2.2248224183966947,1179
2021,2022,ECU,disinformation,pinball_0.1,0.5874763685788721,5.868423548623113,-0.006340137165607551,1179
2021,2022,ESP,disinformation,pinball_0.1,1.3366176646843873,6.370317121296012,-6.995859525547861,1179
2021,2022,EST,disinformation,pinball_0.1,0.054872722573593796,-1.2261696658779613,-1.7748968916138992,1179
2021,2022,FIN,disinformation,pinball_0.1,0.3255846683501627,0.7630419127635264,-2.4928047707381005,1179
2021,2022,FJI,disinformation,pinball_0.1,1.8672963062553247,17.745126977359433,-0.9278360851938139,1179
2021,2022,FRA,disinformation,pinball_0.1,0.27589718341084435,2.716762641859134,-0.042209192249309524,1179
2021,2022,GAB,disinformation,pinball_0.1,0.5406052366350361,3.0376144952569177,-2.368437871093443,1179
2021,2022,GBR,disinformation,pinball_0.1,0.6233368326804407,5.1497038852299255,-1.0836644415744807,1179
2021,2022,GEO,disinformation,pinball_0.1,1.373766564761511,10.95853213856239,-2.779133509052718,1179
2021,2022,GHA,disinformation,pinball_0.1,0.38792837018276,3.804849781780419,-0.07443392004718064,1179
2021,2022,GIN,disinformation,pinball_0.1,0.4445978564736329,3.972407842007215,-0.4735707227291144,1179
2021,2022,GMB,disinformation,pinball_0.1,0.764551090011937,5.492998230101136,-2.1525126700182327,1179
2021,2022,GNQ,disinformation,pinball_0.1,0.35017823670164416,3.2235083165859777,-0.27827405043046394,1179
2021,2022,GRC,disinformation,pinball_0.1,0.6094478497130155,5.521985805894076,-0.5724926912360786,1179
2021,2022,GTM,disinformation,pinball_0.1,0.39274698567815547,4.15492196609047,0.22745210930891524,1179
2021,2022,HKG,disinformation,pinball_0.1,1.7331347084209832,-3.685283592813249,-1.7595783612343787,1179
2021,2022,HND,disinformation,pinball_0.1,0.8970842721900741,4.143561940137673,-4.8272807817630685,1179
2021,2022,HRV,disinformation,pinball_0.1,1.3542736965573383,7.294791148895328,-6.247945816678055,1179
2021,2022,HUN,disinformation,pinball_0.1,0.8758684496863449,4.152380577792286,-4.606303919071163,1179
2021,2022,IDN,disinformation,pinball_0.1,0.5028426850319111,5.307197226647986,0.27877037632887536,1179
2021,2022,IND,disinformation,pinball_0.1,0.9724158853053102,7.609364977693204,-2.114793875359897,1179
2021,2022,IRL,disinformation,pinball_0.1,1.5972650688197927,7.511138884153041,-8.461511804044886,1179
2021,2022,IRQ,disinformation,pinball_0.1,1.4532446753200565,7.959048049902123,-6.573398703298441,1179
2021,2022,ISL,disinformation,pinball_0.1,1.1681984846105795,8.857298978568508,-2.824685867537287,1179
2021,2022,ISR,disinformation,pinball_0.1,0.72589505633321,6.364072347987062,-0.8948782153450381,1179
2021,2022,ITA,disinformation,pinball_0.1,0.4784626834473418,4.821176699135648,0.03654986466223065,1179
2021,2022,JPN,disinformation,pinball_0.1,0.510187010508826,1.3316475065374078,-3.770222598550852,1179
2021,2022,KAZ,disinformation,pinball_0.1,0.38124159721306655,3.1999999997073445,-0.6124159724233209,1179
2021,2022,KEN,disinformation,pinball_0.1,0.4961341114128477,4.859981042879994,-0.10136007124848234,1179
2021,2022,KGZ,disinformation,pinball_0.1,1.24558156387193,8.96750520041391,-3.4883104383053904,1179
2021,2022,KHM,disinformation,pinball_0.1,0.7845289924855632,5.129901107739769,-2.715388817115862,1179
2021,2022,KOR,disinformation,pinball_0.1,0.45019011429565126,2.727564567089914,-1.7743365758665988,1179
2021,2022,KWT,disinformation,pinball_0.1,0.7671024822296126,6.758667119666171,-0.9123577026299543,1179
2021,2022,LKA,disinformation,pinball_0.1,5.5896705611325626,-7.349193111466562,-1.1384480435414925,1179
2021,2022,LSO,disinformation,pinball_0.1,0.066115352238808,2.3877802018628387,2.461241704350403,1179
2021,2022,LTU,disinformation,pinball_0.1,0.8324676972961491,2.465320131550115,-5.859356841411376,1179
2021,2022,LUX,disinformation,pinball_0.1,3.008023560386621,-1.0974125629381888,2.24483583749139,1179
2021,2022,LVA,disinformation,pinball_0.1,0.43856633894448405,1.9085341902980133,-2.4771291991468267,1179
2021,2022,MAR,disinformation,pinball_0.1,0.5622036258455175,1.8126924219480856,-3.8093438365070895,1179
2021,2022,MDA,disinformation,pinball_0.1,0.14389820190607558,-4.647851010373614,-6.08683302943437,1179
2021,2022,MDG,disinformation,pinball_0.1,0.6000197346269897,4.137535349563066,-1.86266199670683,1179
2021,2022,MDV,disinformation,pinball_0.1,2.953963932776741,13.826089518413935,-15.713549809353472,1179
2021,2022,MEX,disinformation,pinball_0.1,0.7935006076518114,3.7097570830909774,-4.225248993427137,1179
2021,2022,MKD,disinformation,pinball_0.1,0.6641596554277377,2.7588841533296744,-3.8827124009477023,1179
2021,2022,MLT,disinformation,pinball_0.1,0.6089567539384767,2.5927677688437853,-3.4967997705409815,1179
2021,2022,MNE,disinformation,pinball_0.1,1.1358417614121095,7.739546895162007,-3.618870718959087,1179
2021,2022,MNG,disinformation,pinball_0.1,0.6747302973456603,5.032709636652697,-1.7145933368039046,1179
2021,2022,MOZ,disinformation,pinball_0.1,0.3835064280174777,4.369308019380398,0.5342437392056212,1179
2021,2022,MUS,disinformation,pinball_0.1,1.7038068479734,8.342443802504704,-8.695624677229297,1179
2021,2022,MWI,disinformation,pinball_0.1,0.059986374523409484,0.9211150690059356,0.9877665962541684,1179
2021,2022,MYS,disinformation,pinball_0.1,1.3388701000838894,9.031737230444506,-4.356963770394387,1179
2021,2022,NAM,disinformation,pinball_0.1,0.8976909094176517,5.398724780365399,-3.578184313811118,1179
2021,2022,NIC,disinformation,pinball_0.1,0.29708283401634045,3.5502747713576497,0.5794464311942455,1179
2021,2022,NLD,disinformation,pinball_0.1,0.5109031604199459,5.0072345339507365,-0.10179707024872187,1179
2021,2022,NOR,disinformation,pinball_0.1,0.5038001931032678,4.080397706592407,-0.9576042244402707,1179
2021,2022,NPL,disinformation,pinball_0.1,0.6796542820506652,5.631314556845098,-1.1652282636615539,1179
2021,2022,PAK,disinformation,pinball_0.1,0.30771019684486745,4.778106869035796,1.7010049005871224,1179
2021,2022,PAN,disinformation,pinball_0.1,2.1117663202605397,11.038602290877291,-10.079060911728105,1179
2021,2022,PER,disinformation,pinball_0.1,0.8425371139901167,2.818199764199221,-5.607171375701945,1179
2021,2022,PHL,disinformation,pinball_0.1,0.9973776230113857,7.580982127855634,-2.3927941022582218,1179
2021,2022,POL,disinformation,pinball_0.1,0.991455916714164,5.255456973860362,-4.659102193281278,1179
2021,2022,PRT,disinformation,pinball_0.1,0.7085683410662974,6.985841375802778,-0.09984203486019538,1179
2021,2022,PRY,disinformation,pinball_0.1,0.42922739943876104,-0.0280771723899277,-4.320351166777538,1179
2021,2022,PSE,disinformation,pinball_0.1,0.29783557543594,4.082760273471052,4.413688690622097,1179
2021,2022,ROU,disinformation,pinball_0.1,1.0769704325890963,4.187713051041087,-6.581991274849877,1179
2021,2022,RUS,disinformation,pinball_0.1,0.6007751655153512,-1.4353706346789608,-0.7678426729952372,1179
2021,2022,RWA,disinformation,pinball_0.1,0.87010959146597,9.824973946516977,1.1238780318572772,1179
2021,2022,SGP,disinformation,pinball_0.1,0.5713219448406929,4.010278844722961,-1.7029406036839667,1179
2021,2022,SLB,disinformation,pinball_0.1,1.862076179982808,-2.584483617557225,-0.5155100842429938,1179
2021,2022,SLV,disinformation,pinball_0.1,0.3061631342916371,2.9546041089331965,-0.1070272339831746,1179
2021,2022,SVK,disinformation,pinball_0.1,0.5562107576208835,0.544591632137454,-5.017515944071381,1179
2021,2022,SVN,disinformation,pinball_0.1,0.5522177814324082,2.668505555424858,-2.8536722588992234,1179
2021,2022,SWE,disinformation,pinball_0.1,0.2643545438512348,1.2554362044581635,-1.388109234054184,1179
2021,2022,TCD,disinformation,pinball_0.1,0.35250541371921856,4.129698976683557,0.604644839491371,1179
2021,2022,THA,disinformation,pinball_0.1,0.8525738089805724,2.6378421356630497,-5.887895954142675,1179
2021,2022,TUR,disinformation,pinball_0.1,0.7686001646409099,5.441225113224007,-2.2447765331850906,1179
2021,2022,TZA,disinformation,pinball_0.1,0.582479564539577,4.566005764309551,-1.2587898810862193,1179
2021,2022,UGA,disinformation,pinball_0.1,0.3645362735980904,4.588021921817727,0.9426591858368241,1179
2021,2022,UKR,disinformation,pinball_0.1,21.73734923557684,-28.75858421550849,-4.605973953756443,1179
2021,2022,URY,disinformation,pinball_0.1,0.8167101281002719,4.606230009207323,-3.5608712717953956,1179
2021,2022,USA,disinformation,pinball_0.1,0.5718055268205717,2.524213850732224,-3.193841417473493,1179
2021,2022,UZB,disinformation,pinball_0.1,0.5621516279958269,6.08592335737373,0.46440707741546206,1179
2021,2022,VNM,disinformation,pinball_0.1,1.2598316340164617,8.537500412181416,-4.0608159279831995,1179
2021,2022,XKX,disinformation,pinball_0.1,0.8370951638100159,4.278498958275435,-4.092452679824724,1179
2021,2022,ZAF,disinformation,pinball_0.1,2.084069895531404,2.058136616921928,4.373769834179043,1179
2021,2022,ZMB,disinformation,pinball_0.1,0.4485634441461606,5.211223603562473,0.7255891621008672,1179
2021,2022,AGO,disinformation,pinball_0.5,0.5843326289290953,3.557492066756666,2.388826808898475,1179
2021,2022,ALB,disinformation,pinball_0.5,2.5289686370893847,4.826800623435901,-0.2311366507428687,1179
2021,2022,ARE,disinformation,pinball_0.5,2.431213904905202,7.514524142546051,2.6520963327356473,1179
2021,2022,ARG,disinformation,pinball_0.5,7.395866495799314,6.020745375348554,-8.770987616250075,1179
2021,2022,ARM,disinformation,pinball_0.5,5.3982137400527455,12.599999999776628,1.8035725196711376,1179
2021,2022,AUS,disinformation,pinball_0.5,1.0927550114372595,4.253045592387323,2.0675355695128044,1179
2021,2022,AUT,disinformation,pinball_0.5,1.7210564845542766,5.330963794003708,1.8888508248951545,1179
2021,2022,BEL,disinformation,pinball_0.5,1.3055551309288598,4.024608528358868,1.4134982665011488,1179
2021,2022,BGD,disinformation,pinball_0.5,1.611749011546984,7.099828775751576,3.8763307526576085,1179
2021,2022,BGR,disinformation,pinball_0.5,1.0641884856884758,4.08386398118941,1.9554870098124582,1179
2021,2022,BIH,disinformation,pinball_0.5,1.5705850919073439,4.226813333903252,1.085643150088564,1179
2021,2022,BLR,disinformation,pinball_0.5,4.063816790495778,-4.6583959132899935,3.469237667701563,1179
2021,2022,BOL,disinformation,pinball_0.5,0.3226519754383126,3.7474178124146102,4.392721763291235,1179
2021,2022,BRA,disinformation,pinball_0.5,0.3464838567783688,3.0166943539301485,3.709662067486886,1179
2021,2022,BTN,disinformation,pinball_0.5,0.573642119911026,5.213867837862239,4.066583598040187,1179
2021,2022,BWA,disinformation,pinball_0.5,0.5909448787236333,5.486017064467717,4.30412730702045,1179
2021,2022,CAF,disinformation,pinball_0.5,1.4276729434105047,0.4539018764477873,3.3092477632687967,1179
2021,2022,CHL,disinformation,pinball_0.5,0.3395361827585184,2.063918642541978,2.7429910080590147,1179
2021,2022,CHN,disinformation,pinball_0.5,0.7096578877367998,3.1338543839406867,1.714538608467087,1179
2021,2022,CMR,disinformation,pinball_0.5,0.2922130661275206,3.736784005641198,4.321210137896239,1179
2021,2022,COG,disinformation,pinball_0.5,0.02313977455908134,1.4753561324713331,1.5216356815894958,1179
2021,2022,COL,disinformation,pinball_0.5,1.938450161094222,7.328277294279786,3.4513769720913423,1179
2021,2022,COM,disinformation,pinball_0.5,0.29532035706159476,2.453811745502591,3.0444524596257807,1179
2021,2022,CRI,disinformation,pinball_0.5,1.0518114137712278,5.461194552350676,3.3575717248082206,1179
2021,2022,CYP,disinformation,pinball_0.5,0.15213413252734043,8.738546848816739,8.434278583762058,1179
2021,2022,CZE,disinformation,pinball_0.5,0.4856618373395718,2.847170658381401,1.8758469837022576,1179
2021,2022,DJI,disinformation,pinball_0.5,0.9735721377850011,5.166537028543743,3.219392752973741,1179
2021,2022,DNK,disinformation,pinball_0.5,0.8198333208387023,0.4438326149083309,2.0834992565857355,1179
2021,2022,DOM,disinformation,pinball_0.5,6.6390221706307235,5.237956529025951,-8.040087812235496,1179
2021,2022,DZA,disinformation,pinball_0.5,0.46911923202484296,3.6000000009491515,2.6617615368994656,1179
2021,2022,ECU,disinformation,pinball_0.5,1.6594153264883578,5.868423548623113,2.5495928956463976,1179
2021,2022,ESP,disinformation,pinball_0.5,1.1173768284264596,6.370317121296012,4.135563464443093,1179
2021,2022,EST,disinformation,pinball_0.5,2.2292775874764263,-1.2261696658779613,3.2323855090748914,1179
2021,2022,FIN,disinformation,pinball_0.5,0.24641465379671246,0.7630419127635264,0.2702126051701015,1179
2021,2022,FJI,disinformation,pinball_0.5,9.082842281469702,17.745126977359433,-0.4205575855799699,1179
2021,2022,FRA,disinformation,pinball_0.5,1.0810039597003112,2.716762641859134,0.5547547224585117,1179
2021,2022,GAB,disinformation,pinball_0.5,0.5370638083131745,3.0376144952569177,4.111742111883267,1179
2021,2022,GBR,disinformation,pinball_0.5,0.8634201242966872,5.1497038852299255,3.422863636636551,1179
2021,2022,GEO,disinformation,pinball_0.5,4.178312169676191,10.95853213856239,2.601907799210008,1179
2021,2022,GHA,disinformation,pinball_0.5,1.3404470703454119,3.804849781780419,6.485743922471243,1179
2021,2022,GIN,disinformation,pinball_0.5,0.8425331903836406,3.972407842007215,5.657474222774496,1179
2021,2022,GMB,disinformation,pinball_0.5,1.6965945087055276,5.492998230101136,2.099809212690081,1179
2021,2022,GNQ,disinformation,pinball_0.5,2.979537024501688,3.2235083165859777,-2.735565732417398,1179
2021,2022,GRC,disinformation,pinball_0.5,1.7560258325522824,5.521985805894076,2.009934140789511,1179
2021,2022,GTM,disinformation,pinball_0.5,0.4752545652905473,4.15492196609047,3.204412835509375,1179
2021,2022,HKG,disinformation,pinball_0.5,2.0442625557926624,-3.685283592813249,0.4032415187720755,1179
2021,2022,HND,disinformation,pinball_0.5,0.23258783078697043,4.143561940137673,3.678386278563732,1179
2021,2022,HRV,disinformation,pinball_0.5,2.3063777594328516,7.294791148895328,2.682035630029625,1179
2021,2022,HUN,disinformation,pinball_0.5,0.8673162389746008,4.152380577792286,2.4177480998430845,1179
2021,2022,IDN,disinformation,pinball_0.5,1.0760181617303997,5.307197226647986,3.155160903187187,1179
2021,2022,IND,disinformation,pinball_0.5,1.0983775291777285,7.609364977693204,5.412609919337747,1179
2021,2022,IRL,disinformation,pinball_0.5,0.9749540776128383,7.511138884153041,5.561230728927365,1179
2021,2022,IRQ,disinformation,pinball_0.5,4.028557842739241,7.959048049902123,-0.098067635576359,1179
2021,2022,ISL,disinformation,pinball_0.5,3.8143575923037103,8.857298978568508,1.2285837939610875,1179
2021,2022,ISR,disinformation,pinball_0.5,1.1947227005932923,6.364072347987062,3.974626946800477,1179
2021,2022,ITA,disinformation,pinball_0.5,1.6900019770679986,4.821176699135648,1.4411727449996512,1179
2021,2022,JPN,disinformation,pinball_0.5,0.47362634168514983,1.3316475065374078,0.38439482316710816,1179
2021,2022,KAZ,disinformation,pinball_0.5,0.6076317511547389,3.1999999997073445,4.415263502016822,1179
2021,2022,KEN,disinformation,pinball_0.5,0.5527654629809868,4.859981042879994,3.7544501169180204,1179
2021,2022,KGZ,disinformation,pinball_0.5,2.7858138722309436,8.96750520041391,3.3958774559520233,1179
2021,2022,KHM,disinformation,pinball_0.5,1.2371876201054146,5.129901107739769,2.65552586752894,1179
2021,2022,KOR,disinformation,pinball_0.5,1.456636422129101,2.727564567089914,-0.1857082771682883,1179
2021,2022,KWT,disinformation,pinball_0.5,2.6850853793007143,6.758667119666171,1.3884963610647425,1179
2021,2022,LKA,disinformation,pinball_0.5,4.135704479203881,-7.349193111466562,0.9222158469411985,1179
2021,2022,LSO,disinformation,pinball_0.5,1.0101310884083023,2.3877802018628387,4.408042378679443,1179
2021,2022,LTU,disinformation,pinball_0.5,0.7862896243775488,2.465320131550115,0.8927408827950174,1179
2021,2022,LUX,disinformation,pinball_0.5,1.873805016853006,-1.0974125629381888,2.6501974707678233,1179
2021,2022,LVA,disinformation,pinball_0.5,0.2029364868540977,1.9085341902980133,2.3144071640062087,1179
2021,2022,MAR,disinformation,pinball_0.5,0.7070575662951342,1.8126924219480856,3.226807554538354,1179
2021,2022,MDA,disinformation,pinball_0.5,3.864646925443565,-4.647851010373614,3.0814428405135157,1179
2021,2022,MDG,disinformation,pinball_0.5,0.18941347571965883,4.137535349563066,3.7587083981237486,1179
2021,2022,MDV,disinformation,pinball_0.5,2.2081408988416618,13.826089518413935,9.409807720730612,1179
2021,2022,MEX,disinformation,pinball_0.5,0.08459972372272828,3.7097570830909774,3.878956530536434,1179
2021,2022,MKD,disinformation,pinball_0.5,0.2559490191174425,2.7588841533296744,2.2469861150947894,1179
2021,2022,MLT,disinformation,pinball_0.5,1.65609316905969,2.5927677688437853,5.9049541069631655,1179
2021,2022,MNE,disinformation,pinball_0.5,1.818178352914472,7.739546895162007,4.103190189333063,1179
2021,2022,MNG,disinformation,pinball_0.5,0.7967496530603984,5.032709636652697,6.626208942773494,1179
2021,2022,MOZ,disinformation,pinball_0.5,0.3155668389450055,4.369308019380398,5.000441697270409,1179
2021,2022,MUS,disinformation,pinball_0.5,1.5075663705080617,8.342443802504704,5.32731106148858,1179
2021,2022,MWI,disinformation,pinball_0.5,0.09878321746284685,0.9211150690059356,1.1186815039316294,1179
2021,2022,MYS,disinformation,pinball_0.5,3.2540550997699986,9.031737230444506,2.5236270309045086,1179
2021,2022,NAM,disinformation,pinball_0.5,2.135751885838207,5.398724780365399,1.1272210086889842,1179
2021,2022,NIC,disinformation,pinball_0.5,0.8199930025786668,3.5502747713576497,5.190260776514983,1179
2021,2022,NLD,disinformation,pinball_0.5,1.0831770174580955,5.0072345339507365,2.8408804990345455,1179
2021,2022,NOR,disinformation,pinball_0.5,1.8415516312523144,4.080397706592407,0.3972944440877786,1179
2021,2022,NPL,disinformation,pinball_0.5,0.18136872674726412,5.631314556845098,5.994052010339626,1179
2021,2022,PAK,disinformation,pinball_0.5,0.8944373340105045,4.778106869035796,2.9892322010147874,1179
2021,2022,PAN,disinformation,pinball_0.5,2.9975555251202994,11.038602290877291,5.043491240636692,1179
2021,2022,PER,disinformation,pinball_0.5,0.9289371693879618,2.818199764199221,4.676074102975145,1179
2021,2022,PHL,disinformation,pinball_0.5,0.9072843146295355,7.580982127855634,5.766413498596563,1179
2021,2022,POL,disinformation,pinball_0.5,0.7703582496932051,5.255456973860362,3.7147404744739516,1179
2021,2022,PRT,disinformation,pinball_0.5,2.156693226730472,6.985841375802778,2.672454922341834,1179
2021,2022,PRY,disinformation,pinball_0.5,0.8457048215163359,-0.0280771723899277,1.663332470642744,1179
2021,2022,PSE,disinformation,pinball_0.5,0.1342396498977374,4.082760273471052,4.351239573266527,1179
2021,2022,ROU,disinformation,pinball_0.5,1.4002169475240338,4.187713051041087,1.3872791559930198,1179
2021,2022,RUS,disinformation,pinball_0.5,1.5366205823461194,-1.4353706346789608,1.637870530013278,1179
2021,2022,RWA,disinformation,pinball_0.5,2.9904335249508036,9.824973946516977,3.8441068966153695,1179
2021,2022,SGP,disinformation,pinball_0.5,0.6570345211751603,4.010278844722961,2.696209802372641,1179
2021,2022,SLB,disinformation,pinball_0.5,2.4154453297462606,-2.584483617557225,2.2464070419352957,1179
2021,2022,SLV,disinformation,pinball_0.5,0.10265628419211925,2.9546041089331965,2.749291540548958,1179
2021,2022,SVK,disinformation,pinball_0.5,0.3846761844501083,0.544591632137454,1.3139440010376706,1179
2021,2022,SVN,disinformation,pinball_0.5,0.6527625509028807,2.668505555424858,3.974030657230619,1179
2021,2022,SWE,disinformation,pinball_0.5,0.16443726463598562,1.2554362044581635,1.5843107337301348,1179
2021,2022,TCD,disinformation,pinball_0.5,0.2390632437971587,4.129698976683557,4.607825464277874,1179
2021,2022,THA,disinformation,pinball_0.5,0.37370864878868504,2.6378421356630497,1.8904248380856796,1179
2021,2022,TUR,disinformation,pinball_0.5,1.2327487910409582,5.441225113224007,2.9757275311420908,1179
2021,2022,TZA,disinformation,pinball_0.5,0.44932162063442593,4.566005764309551,5.464649005578403,1179
2021,2022,UGA,disinformation,pinball_0.5,0.12367843784801202,4.588021921817727,4.835378797513751,1179
2021,2022,UKR,disinformation,pinball_0.5,16.417634280697172,-28.75858421550849,4.076684345885855,1179
2021,2022,URY,disinformation,pinball_0.5,1.9549317177168293,4.606230009207323,0.6963665737736644,1179
2021,2022,USA,disinformation,pinball_0.5,0.6808011774955123,2.524213850732224,1.1626114957411993,1179
2021,2022,UZB,disinformation,pinball_0.5,0.6497521012938132,6.08592335737373,4.7864191547861035,1179
2021,2022,VNM,disinformation,pinball_0.5,3.0364583858059193,8.537500412181416,2.464583640569577,1179
2021,2022,XKX,disinformation,pinball_0.5,0.5670205525847329,4.278498958275435,3.144457853105969,1179
2021,2022,ZAF,disinformation,pinball_0.5,0.5791600822885645,2.058136616921928,3.216456781499057,1179
2021,2022,ZMB,disinformation,pinball_0.5,0.031287434988894525,5.211223603562473,5.273798473540262,1179
2021,2022,AGO,disinformation,pinball_0.9,1.882103392707112,3.557492066756666,1.4662660748598748,1179
2021,2022,ALB,disinformation,pinball_0.9,1.986666246298249,4.826800623435901,2.619393683104513,1179
2021,2022,ARE,disinformation,pinball_0.9,3.8139373531729173,7.514524142546051,3.276815972353921,1179
2021,2022,ARG,disinformation,pinball_0.9,13.470461947356565,6.020745375348554,-8.94643456615874,1179
2021,2022,ARM,disinformation,pinball_0.9,5.416113463326099,12.599999999776628,6.5820961516365175,1179
2021,2022,AUS,disinformation,pinball_0.9,1.0805443433827444,4.253045592387323,3.0524407664064963,1179
2021,2022,AUT,disinformation,pinball_0.9,2.4314845454994534,5.330963794003708,2.6293142990043155,1179
2021,2022,BEL,disinformation,pinball_0.9,1.7891954078707675,4.024608528358868,2.0366136307246823,1179
2021,2022,BGD,disinformation,pinball_0.9,0.007079883091932347,7.099828775751576,7.1706276066709,1179
2021,2022,BGR,disinformation,pinball_0.9,1.9340877465780497,4.08386398118941,1.9348775961026878,1179
2021,2022,BIH,disinformation,pinball_0.9,1.071926635733408,4.226813333903252,3.0357837386439095,1179
2021,2022,BLR,disinformation,pinball_0.9,0.6377072547320464,-4.6583959132899935,1.7186766340304713,1179
2021,2022,BOL,disinformation,pinball_0.9,0.0651233581010467,3.7474178124146102,4.3986513934250775,1179
2021,2022,BRA,disinformation,pinball_0.9,0.09093041198827716,3.0166943539301485,3.9259984738129203,1179
2021,2022,BTN,disinformation,pinball_0.9,0.20952843761018003,5.213867837862239,7.3091522139640395,1179
2021,2022,BWA,disinformation,pinball_0.9,0.0856915158213164,5.486017064467717,6.342932222680881,1179
2021,2022,CAF,disinformation,pinball_0.9,0.6525328264230649,0.4539018764477873,6.979230140678437,1179
2021,2022,CHL,disinformation,pinball_0.9,0.23716217619006835,2.063918642541978,4.435540404442662,1179
2021,2022,CHN,disinformation,pinball_0.9,0.1879455311211237,3.1338543839406867,5.013309695151924,1179
2021,2022,CMR,disinformation,pinball_0.9,0.1238795458585211,3.736784005641198,4.975579464226409,1179
2021,2022,COG,disinformation,pinball_0.9,0.8565560968279688,1.4753561324713331,10.040917100751024,1179
2021,2022,COL,disinformation,pinball_0.9,2.252851625983102,7.328277294279786,4.825108820965228,1179
2021,2022,COM,disinformation,pinball_0.9,0.1742267770069686,2.453811745502591,4.196079515572277,1179
2021,2022,CRI,disinformation,pinball_0.9,1.5208138020222035,5.461194552350676,3.7714014389926724,1179
2021,2022,CYP,disinformation,pinball_0.9,0.20645829509099936,8.738546848816739,10.803129799726733,1179
2021,2022,CZE,disinformation,pinball_0.9,0.0688447719708386,2.847170658381401,3.5356183780897874,1179
2021,2022,DJI,disinformation,pinball_0.9,0.19920084868107787,5.166537028543743,4.945202752231435,1179
2021,2022,DNK,disinformation,pinball_0.9,0.28745624795513036,0.4438326149083309,3.3183950944596354,1179
2021,2022,DOM,disinformation,pinball_0.9,0.022448733352243882,5.237956529025951,5.4624438625483895,1179
2021,2022,DZA,disinformation,pinball_0.9,0.10418335373142762,3.6000000009491515,3.484240719025343,1179
2021,2022,ECU,disinformation,pinball_0.9,0.04980465464379334,5.868423548623113,6.366470095061047,1179
2021,2022,ESP,disinformation,pinball_0.9,0.6290273524859546,6.370317121296012,5.671397840756063,1179
2021,2022,EST,disinformation,pinball_0.9,0.6178772016526327,-1.2261696658779613,4.952602350648367,1179
2021,2022,FIN,disinformation,pinball_0.9,0.14002180030693612,0.7630419127635264,2.163259915832888,1179
2021,2022,FJI,disinformation,pinball_0.9,13.089853618094216,17.745126977359433,3.200845179476971,1179
2021,2022,FRA,disinformation,pinball_0.9,1.0128544971366518,2.716762641859134,1.5913687561517431,1179
2021,2022,GAB,disinformation,pinball_0.9,0.2289451958938731,3.0376144952569177,5.327066454195649,1179
2021,2022,GBR,disinformation,pinball_0.9,0.9920652690519399,5.1497038852299255,4.047409141838881,1179
2021,2022,GEO,disinformation,pinball_0.9,5.896415057450955,10.95853213856239,4.406959852505773,1179
2021,2022,GHA,disinformation,pinball_0.9,0.3668183199437003,3.804849781780419,7.473032981217423,1179
2021,2022,GIN,disinformation,pinball_0.9,0.7013653874134246,3.972407842007215,10.986061716141462,1179
2021,2022,GMB,disinformation,pinball_0.9,0.14076907026544486,5.492998230101136,6.900688932755585,1179
2021,2022,GNQ,disinformation,pinball_0.9,0.6216881654906585,3.2235083165859777,9.440389971492564,1179
2021,2022,GRC,disinformation,pinball_0.9,1.7195411770946303,5.521985805894076,3.6113844980111534,1179
2021,2022,GTM,disinformation,pinball_0.9,0.7090000181350452,4.15492196609047,3.3671441681626417,1179
2021,2022,HKG,disinformation,pinball_0.9,0.4565680840186925,-3.685283592813249,0.880397247373677,1179
2021,2022,HND,disinformation,pinball_0.9,0.007940670828434547,4.143561940137673,4.222968648422018,1179
2021,2022,HRV,disinformation,pinball_0.9,3.500635080697044,7.294791148895328,3.4051966147875015,1179
2021,2022,HUN,disinformation,pinball_0.9,0.0419488484596778,4.152380577792286,4.571869062389064,1179
2021,2022,IDN,disinformation,pinball_0.9,0.2371807866650018,5.307197226647986,5.0436630192424285,1179
2021,2022,IND,disinformation,pinball_0.9,0.3747433346366358,7.609364977693204,7.192983494763609,1179
2021,2022,IRL,disinformation,pinball_0.9,0.41113292076987584,7.511138884153041,11.6224680918518,1179
2021,2022,IRQ,disinformation,pinball_0.9,1.3774066718369746,7.959048049902123,6.428596192305484,1179
2021,2022,ISL,disinformation,pinball_0.9,4.096724949821893,8.857298978568508,4.305382367655294,1179
2021,2022,ISR,disinformation,pinball_0.9,2.121072750744386,6.364072347987062,4.007324847159966,1179
2021,2022,ITA,disinformation,pinball_0.9,2.3707888092750222,4.821176699135648,2.1869669110522905,1179
2021,2022,JPN,disinformation,pinball_0.9,0.5517640496341104,1.3316475065374078,0.7185763402772851,1179
2021,2022,KAZ,disinformation,pinball_0.9,0.16844571462939384,3.1999999997073445,4.884457146001283,1179
2021,2022,KEN,disinformation,pinball_0.9,0.07983044799058339,4.859981042879994,5.658285522785828,1179
2021,2022,KGZ,disinformation,pinball_0.9,0.32945006707776336,8.96750520041391,8.601449570327507,1179
2021,2022,KHM,disinformation,pinball_0.9,0.1927792187601019,5.129901107739769,7.057693295340789,1179
2021,2022,KOR,disinformation,pinball_0.9,0.8017599490149317,2.727564567089914,1.8367201792955452,1179
2021,2022,KWT,disinformation,pinball_0.9,0.2277836621863476,6.758667119666171,6.5055741616813405,1179
2021,2022,LKA,disinformation,pinball_0.9,1.3363111807492691,-7.349193111466562,6.013918696026133,1179
2021,2022,LSO,disinformation,pinball_0.9,0.27892078336548054,2.3877802018628387,5.1769880355176445,1179
2021,2022,LTU,disinformation,pinball_0.9,0.1968732352918822,2.465320131550115,4.434052484468937,1179
2021,2022,LUX,disinformation,pinball_0.9,0.6083797075103463,-1.0974125629381888,4.986384512165276,1179
2021,2022,LVA,disinformation,pinball_0.9,0.2737546841884542,1.9085341902980133,4.646081032182556,1179
2021,2022,MAR,disinformation,pinball_0.9,0.3508533259714109,1.8126924219480856,5.321225681662195,1179
2021,2022,MDA,disinformation,pinball_0.9,1.2239844863064713,-4.647851010373614,7.5919938526910995,1179
2021,2022,MDG,disinformation,pinball_0.9,0.18090963821657877,4.137535349563066,5.946631731728854,1179
2021,2022,MDV,disinformation,pinball_0.9,3.1446500344175723,13.826089518413935,10.332033924616633,1179
2021,2022,MEX,disinformation,pinball_0.9,0.046756933259800515,3.7097570830909774,4.177326415688983,1179
2021,2022,MKD,disinformation,pinball_0.9,0.11563907020405251,2.7588841533296744,3.9152748553701997,1179
2021,2022,MLT,disinformation,pinball_0.9,0.9391042656571159,2.5927677688437853,11.983810425414946,1179
2021,2022,MNE,disinformation,pinball_0.9,2.919730418856053,7.739546895162007,4.495401985321948,1179
2021,2022,MNG,disinformation,pinball_0.9,0.35481863437472533,5.032709636652697,8.580895980399951,1179
2021,2022,MOZ,disinformation,pinball_0.9,0.28832338917057626,4.369308019380398,7.252541911086161,1179
2021,2022,MUS,disinformation,pinball_0.9,3.4347611206464363,8.342443802504704,4.526042557341997,1179
2021,2022,MWI,disinformation,pinball_0.9,0.4629143658731766,0.9211150690059356,5.5502587277377025,1179
2021,2022,MYS,disinformation,pinball_0.9,4.045750006712382,9.031737230444506,4.536459445208526,1179
2021,2022,NAM,disinformation,pinball_0.9,3.3574654587265984,5.398724780365399,1.668207604002512,1179
2021,2022,NIC,disinformation,pinball_0.9,0.17787132595296504,3.5502747713576497,5.3289880308873006,1179
2021,2022,NLD,disinformation,pinball_0.9,1.8257816165688958,5.0072345339507365,2.97858829331863,1179
2021,2022,NOR,disinformation,pinball_0.9,2.476663052058406,4.080397706592407,1.3285498709719565,1179
2021,2022,NPL,disinformation,pinball_0.9,0.059047576768363884,5.631314556845098,6.221790324528737,1179
2021,2022,PAK,disinformation,pinball_0.9,0.14665323757547852,4.778106869035796,6.244639244790582,1179
2021,2022,PAN,disinformation,pinball_0.9,4.191051303094333,11.038602290877291,6.381878620772477,1179
2021,2022,PER,disinformation,pinball_0.9,0.22493275681342387,2.818199764199221,5.06752733233346,1179
2021,2022,PHL,disinformation,pinball_0.9,0.8421524468962096,7.580982127855634,6.645257186859846,1179
2021,2022,POL,disinformation,pinball_0.9,0.4782845598262388,5.255456973860362,4.724029685164541,1179
2021,2022,PRT,disinformation,pinball_0.9,2.8416221913737285,6.985841375802778,3.828483385387524,1179
2021,2022,PRY,disinformation,pinball_0.9,0.6531807162608078,-0.0280771723899277,6.503729990218152,1179
2021,2022,PSE,disinformation,pinball_0.9,0.48608302672928233,4.082760273471052,8.943590540763877,1179
2021,2022,ROU,disinformation,pinball_0.9,0.031126018935935022,4.187713051041087,4.498973240400438,1179
2021,2022,RUS,disinformation,pinball_0.9,0.4477647538302885,-1.4353706346789608,3.042276903623925,1179
2021,2022,RWA,disinformation,pinball_0.9,1.6784774853062077,9.824973946516977,7.959998962843413,1179
2021,2022,SGP,disinformation,pinball_0.9,0.03117029056469746,4.010278844722961,4.321981750369936,1179
2021,2022,SLB,disinformation,pinball_0.9,0.7625367566691608,-2.584483617557225,5.040883949134384,1179
2021,2022,SLV,disinformation,pinball_0.9,0.5678008878114559,2.9546041089331965,2.3237142335871344,1179
2021,2022,SVK,disinformation,pinball_0.9,0.2664082159526688,0.544591632137454,3.2086737916641423,1179
2021,2022,SVN,disinformation,pinball_0.9,0.13792936942669384,2.668505555424858,4.0477992496917965,1179
2021,2022,SWE,disinformation,pinball_0.9,0.13165789461616625,1.2554362044581635,2.5720151506198263,1179
2021,2022,TCD,disinformation,pinball_0.9,0.5091484709463114,4.129698976683557,9.221183686146672,1179
2021,2022,THA,disinformation,pinball_0.9,0.05269412631433984,2.6378421356630497,3.164783398806448,1179
2021,2022,TUR,disinformation,pinball_0.9,0.17396512354071178,5.441225113224007,7.180876348631125,1179
2021,2022,TZA,disinformation,pinball_0.9,0.14843338242953866,4.566005764309551,6.050339588604938,1179
2021,2022,UGA,disinformation,pinball_0.9,0.16874330254464495,4.588021921817727,6.275454947264177,1179
2021,2022,UKR,disinformation,pinball_0.9,3.574557964900803,-28.75858421550849,6.986995433499544,1179
2021,2022,URY,disinformation,pinball_0.9,1.91148002068778,4.606230009207323,2.482363319554234,1179
2021,2022,USA,disinformation,pinball_0.9,0.8406354732723061,2.524213850732224,1.590174435985217,1179
2021,2022,UZB,disinformation,pinball_0.9,0.06309713959183741,6.08592335737373,6.716894753292104,1179
2021,2022,VNM,disinformation,pinball_0.9,1.7451423997195115,8.537500412181416,6.598453301381959,1179
2021,2022,XKX,disinformation,pinball_0.9,0.04220515809384028,4.278498958275435,4.700550539213838,1179
2021,2022,ZAF,disinformation,pinball_0.9,0.1964145959261509,2.058136616921928,4.0222825761834375,1179
2021,2022,ZMB,disinformation,pinball_0.9,0.010740806948991908,5.211223603562473,5.318631673052392,1179
2022,2023,AGO,benchmark,squared_error,0.6747511007105356,1.320165870810314,0.49873352380264,1299
2022,2023,ALB,benchmark,squared_error,19.08444918016029,4.01541716935742,-0.3531580194381543,1299
2022,2023,ARE,benchmark,squared_error,12.881683221532604,4.301136484994132,0.7120302979981821,1299
2022,2023,ARG,benchmark,squared_error,0.6699605056908973,-1.855788030463387,-1.0372768786206663,1299
2022,2023,ARM,benchmark,squared_error,48.04760587711389,8.299999999595386,1.368361962513971,1299
2022,2023,AUS,benchmark,squared_error,4.199784297388704,3.583821007989812,1.5344834815221233,1299
2022,2023,AUT,benchmark,squared_error,1.704422365888594,-0.7862442885946734,0.5192909908553283,1299
2022,2023,BEL,benchmark,squared_error,1.2772825550203484,1.5612553954202897,0.43108613596383627,1299
2022,2023,BGD,benchmark,squared_error,2.7753370798349066,5.775112370078887,4.109178073704955,1299
2022,2023,BGR,benchmark,squared_error,2.1557173876041804,1.681510758329253,0.21327460988303648,1299
2022,2023,BIH,benchmark,squared_error,2.9642458633626863,1.9943941485089312,0.2726956082985126,1299
2022,2023,BLR,benchmark,squared_error,14.679880122323375,4.1265400715388125,0.2951069033466054,1299
2022,2023,BOL,benchmark,squared_error,3.8717133338488807,2.516365901548909,0.5486989241747189,1299
2022,2023,BRA,benchmark,squared_error,4.257578605383698,3.2416553290698147,1.178265253155011,1299
2022,2023,BTN,benchmark,squared_error,10.351746870130006,4.632157029699329,1.4147439585923554,1299
2022,2023,BWA,benchmark,squared_error,5.880590223472145,3.2080681222443843,0.7830752926730997,1299
2022,2023,CAF,benchmark,squared_error,3.21154905540273,0.6999684007605396,-1.0921111330221356,1299
2022,2023,CHL,benchmark,squared_error,0.044250792480896584,0.6770248315958582,0.8873835549255471,1299
2022,2023,CHN,benchmark,squared_error,10.041344973745252,5.41600334492955,2.247195213510853,1299
2022,2023,CMR,benchmark,squared_error,0.05069851502716759,3.347562907502194,3.572726214964062,1299
2022,2023,COG,benchmark,squared_error,1.9741383931234708,1.90686426346754,0.5018239106223019,1299
2022,2023,COL,benchmark,squared_error,0.11354944067043503,0.8418195557520392,1.178790534725652,1299
2022,2023,COM,benchmark,squared_error,0.4721865327983874,3.186613180055403,2.499454877479943,1299
2022,2023,CRI,benchmark,squared_error,8.465250577442509,4.79187732359398,1.8823669562911745,1299
2022,2023,CYP,benchmark,squared_error,22.403116417457923,3.620453682360818,8.353646729074413,1299
2022,2023,CZE,benchmark,squared_error,0.13805715396104337,0.0475803308973752,0.41914076199983175,1299
2022,2023,DJI,benchmark,squared_error,13.69458682904828,6.807335294033081,3.1067155041805377,1299
2022,2023,DNK,benchmark,squared_error,1.6406215998314009,0.6045877661755839,1.8854552846299324,1299
2022,2023,DOM,benchmark,squared_error,0.0976924606309443,2.1922984823793854,1.8797405507395943,1299
2022,2023,DZA,benchmark,squared_error,5.8535161568035665,4.100000000059637,1.680595908800063,1299
2022,2023,ECU,benchmark,squared_error,2.3971759352728865,1.832840610778803,0.2845590035532677,1299
2022,2023,ESP,benchmark,squared_error,0.3872601870081317,2.46085796805582,1.8385556403981678,1299
2022,2023,EST,benchmark,squared_error,25.6559300061042,-2.7442191457123077,2.3209491640385336,1299
2022,2023,FIN,benchmark,squared_error,0.5995157845164234,-1.2897348445339674,-0.5154507981295335,1299
2022,2023,FJI,benchmark,squared_error,143.64913950056024,9.442458567383127,-2.5429133292482096,1299
2022,2023,FRA,benchmark,squared_error,5.984579188771158,1.4392149443774258,-1.0071250133494551,1299
2022,2023,GAB,benchmark,squared_error,0.9966814401922349,2.4389366504103123,3.4372759916126085,1299
2022,2023,GBR,benchmark,squared_error,0.31853132527095224,0.2716500483552551,0.8360358430657104,1299
2022,2023,GEO,benchmark,squared_error,48.63718984619069,7.832201265557259,0.8581644255204441,1299
2022,2023,GHA,benchmark,squared_error,2.6599513781567508,3.14009100080186,4.771026737781325,1299
2022,2023,GIN,benchmark,squared_error,2.359726160982036,5.541726686277016,7.0778667062563265,1299
2022,2023,GMB,benchmark,squared_error,14.332287108166742,5.916795765511409,2.130995043317128,1299
2022,2023,GNQ,benchmark,squared_error,37.765535327619936,-7.425055317212397,-1.2796883365008354,1299
2022,2023,GRC,benchmark,squared_error,5.053241646366308,2.135911319966312,-0.11203032659978795,1299
2022,2023,GTM,benchmark,squared_error,3.078991844589556,3.524304340490133,1.7695987114487384,1299
2022,2023,HKG,benchmark,squared_error,17.94635262130615,3.1503446175990177,-1.0859689474367613,1299
2022,2023,HND,benchmark,squared_error,8.033919535130028,3.5758476045441228,0.741430638900213,1299
2022,2023,HRV,benchmark,squared_error,11.958557914393559,3.762040927171356,0.3039261352083189,1299
2022,2023,HUN,benchmark,squared_error,1.8675856815589902,-0.8171073705134546,0.5494890152416776,1299
2022,2023,IDN,benchmark,squared_error,4.045000515993616,5.048831178555162,3.0376125141644357,1299
2022,2023,IND,benchmark,squared_error,12.511316478679515,7.210224629335002,3.6730906936916945,1299
2022,2023,IRL,benchmark,squared_error,71.0037413069125,-2.536374093132608,5.889997682840281,1299
2022,2023,IRQ,benchmark,squared_error,0.008582402278242992,0.5177055251400731,0.4250642693290523,1299
2022,2023,ISL,benchmark,squared_error,22.84110689853365,5.0322597376242015,0.25302267523300337,1299
2022,2023,ISR,benchmark,squared_error,0.03774182626633793,2.062725047316178,1.8684524906687248,1299
2022,2023,ITA,benchmark,squared_error,4.083545503261134,0.9227965436703158,-1.0979818962535504,1299
2022,2023,JPN,benchmark,squared_error,2.681849605259184,0.7207853047498105,-0.9168500653064129,1299
2022,2023,KAZ,benchmark,squared_error,7.114346947825432,5.099999999736411,2.4327266826904377,1299
2022,2023,KEN,benchmark,squared_error,11.664907242847596,5.719992412142076,2.3045997198082073,1299
2022,2023,KGZ,benchmark,squared_error,46.84560347817985,9.013292833934202,2.168908020221588,1299
2022,2023,KHM,benchmark,squared_error,4.726685165300526,5.007330438118984,2.8332363359006543,1299
2022,2023,KOR,benchmark,squared_error,3.9631677098652034,1.583014674036292,-0.4077559581223209,1299
2022,2023,KWT,benchmark,squared_error,3.7855992158423386,-1.6408779996887688,0.3047836399192949,1299
2022,2023,LKA,benchmark,squared_error,9.91446480003613,-2.0289296690343974,1.119794644086097,1299
2022,2023,LSO,benchmark,squared_error,0.2043915513980902,1.6943317760877363,1.242234937569604,1299
2022,2023,LTU,benchmark,squared_error,2.325383962816068,0.7395373981858029,2.2644583675530905,1299
2022,2023,LUX,benchmark,squared_error,15.691983338635987,0.0994370594039111,4.060747870061917,1299
2022,2023,LVA,benchmark,squared_error,9.75057391677752,-0.9416060688236314,2.180984829257243,1299
2022,2023,MAR,benchmark,squared_error,4.49955203134776,3.65564411017931,1.534429356471482,1299
2022,2023,MDA,benchmark,squared_error,1.4209955244501848,1.18802067937429,-0.004034489000976471,1299
2022,2023,MDG,benchmark,squared_error,5.888245060503421,4.230865806963436,1.8042951691077356,1299
2022,2023,MDV,benchmark,squared_error,19.958630646505547,4.942863012295831,0.47535468588998686,1299
2022,2023,MEX,benchmark,squared_error,3.822968350105971,3.1067964131456023,1.151555162019294,1299
2022,2023,MKD,benchmark,squared_error,0.3772622743546316,2.5549652534029974,1.9407484558838872,1299
2022,2023,MLT,benchmark,squared_error,31.90526795435099,10.6340558017004,4.985580967344582,1299
2022,2023,MNE,benchmark,squared_error,46.6983658730929,6.478362835185635,-0.3552574259272765,1299
2022,2023,MNG,benchmark,squared_error,13.577140200950488,7.422112761502504,3.7373956487582314,1299
2022,2023,MOZ,benchmark,squared_error,2.2827043507880207,5.5038445665024085,3.992982444802344,1299
2022,2023,MUS,benchmark,squared_error,4.178682986461086,4.699181896874435,2.65499917841185,1299
2022,2023,MWI,benchmark,squared_error,2.2171322741102415,1.9457528167598357,3.434756602554298,1299
2022,2023,MYS,benchmark,squared_error,3.6260143743834266,3.537063804105699,1.632854158509021,1299
2022,2023,NAM,benchmark,squared_error,23.833014561863187,4.324980488668047,-0.5569263684793917,1299
2022,2023,NIC,benchmark,squared_error,3.9016217086635483,4.427793931868834,2.4525416166788103,1299
2022,2023,NLD,benchmark,squared_error,6.254203452590604,-0.5980610175802781,1.9027795316332465,1299
2022,2023,NOR,benchmark,squared_error,0.36723528855968507,0.3526955813197645,0.9586949943225207,1299
2022,2023,NPL,benchmark,squared_error,0.017972871383125626,1.9825484346184936,2.116611372759971,1299
2022,2023,PAK,benchmark,squared_error,12.161934215343386,-0.4149359970884063,3.072460483861729,1299
2022,2023,PAN,benchmark,squared_error,53.88121476770626,7.1663401639066535,-0.17404230349286642,1299
2022,2023,PER,benchmark,squared_error,3.430478838700015,-0.3506998143457593,1.5014553731857863,1299
2022,2023,PHL,benchmark,squared_error,4.751586240865815,5.518949678560432,3.339136328554103,1299
2022,2023,POL,benchmark,squared_error,5.966726108571399,0.2496108340178722,2.69229912943573,1299
2022,2023,PRT,benchmark,squared_error,3.6509037027789133,3.099987459042808,1.189253646399374,1299
2022,2023,PRY,benchmark,squared_error,13.688528860759256,5.28584584975323,1.5860446576944922,1299
2022,2023,PSE,benchmark,squared_error,11.446851140807617,-0.97217780620403,2.4111417383864033,1299
2022,2023,ROU,benchmark,squared_error,2.6677178902302066,2.257734165551213,0.6244191652434932,1299
2022,2023,RUS,benchmark,squared_error,13.58860123658004,4.066613958130233,0.380341961033432,1299
2022,2023,RWA,benchmark,squared_error,14.49495789744799,8.559642929141532,4.752418494274579,1299
2022,2023,SGP,benchmark,squared_error,0.9386628723118923,1.4502677588956487,0.48142160376476717,1299
2022,2023,SLB,benchmark,squared_error,0.7813322012625882,2.841118511548075,1.9571885362318238,1299
2022,2023,SLV,benchmark,squared_error,10.682855547225355,3.355087216461655,0.08662342635698961,1299
2022,2023,SVK,benchmark,squared_error,2.4279181748136205,2.112636332149592,0.5544584941562452,1299
2022,2023,SVN,benchmark,squared_error,0.476564032890481,2.375832664838498,1.6854964910141206,1299
2022,2023,SWE,benchmark,squared_error,1.8400491561588368,-0.2040613048914394,1.1524228108131407,1299
2022,2023,TCD,benchmark,squared_error,0.4024205505380974,3.9986130946153935,3.3642468356308086,1299
2022,2023,THA,benchmark,squared_error,5.769848359229995,2.248834379705684,-0.15321648554051137,1299
2022,2023,TUR,benchmark,squared_error,2.342706796537405,5.045123698122893,3.5145333556284015,1299
2022,2023,TZA,benchmark,squared_error,0.4288598867245057,5.069523532033941,4.4146495848314995,1299
2022,2023,UGA,benchmark,squared_error,0.814372876037827,5.336972955114689,4.4345468495316185,1299
2022,2023,UKR,benchmark,squared_error,26.23219348283321,5.534733549633344,0.4129961995895908,1299
2022,2023,URY,benchmark,squared_error,0.9193977362627377,0.7617492413216809,-0.1971030602674313,1299
2022,2023,USA,benchmark,squared_error,14.343203554592689,2.934363224401551,-0.8528789852534757,1299
2022,2023,UZB,benchmark,squared_error,4.074885447242861,6.316030042019264,4.297395491823796,1299
2022,2023,VNM,benchmark,squared_error,0.19907638758138455,4.978659594832251,4.532479824356959,1299
2022,2023,XKX,benchmark,squared_error,5.5499378157900345,4.067627014364376,1.7117964143869426,1299
2022,2023,ZAF,benchmark,squared_error,4.449627386947966,0.8061045509580396,2.915518542318665,1299
2022,2023,ZMB,benchmark,squared_error,2.223420074538941,5.36794285493059,3.8768291521771943,1299
2022,2023,AGO,benchmark,pinball_0.1,0.4653781925146383,1.320165870810314,-3.333616054336069,1299
2022,2023,ALB,benchmark,pinball_0.1,1.2863278514187908,4.01541716935742,-8.847861344830488,1299
2022,2023,ARE,benchmark,pinball_0.1,1.2364753292400126,4.301136484994132,-8.063616807405992,1299
2022,2023,ARG,benchmark,pinball_0.1,1.0572444372932295,-1.855788030463387,-12.42823240339568,1299
2022,2023,ARM,benchmark,pinball_0.1,1.3668918803133232,8.299999999595386,-5.368918803537845,1299
2022,2023,AUS,benchmark,pinball_0.1,0.4582318016402546,3.583821007989812,-0.998497008412734,1299
2022,2023,AUT,benchmark,pinball_0.1,0.44835956162858825,-0.7862442885946734,-5.2698399048805555,1299
2022,2023,BEL,benchmark,pinball_0.1,0.6215833266841817,1.5612553954202897,-4.654577871421527,1299
2022,2023,BGD,benchmark,pinball_0.1,0.9820294195644103,5.775112370078887,-4.045181825565216,1299
2022,2023,BGR,benchmark,pinball_0.1,0.9654656859357676,1.681510758329253,-7.973146101028422,1299
2022,2023,BIH,benchmark,pinball_0.1,1.319531550477207,1.9943941485089312,-11.200921356263137,1299
2022,2023,BLR,benchmark,pinball_0.1,0.8781612368214584,4.1265400715388125,-4.655072296675771,1299
2022,2023,BOL,benchmark,pinball_0.1,0.5326194003971686,2.516365901548909,-2.8098281024227774,1299
2022,2023,BRA,benchmark,pinball_0.1,0.7100476324022067,3.2416553290698147,-3.8588209949522523,1299
2022,2023,BTN,benchmark,pinball_0.1,0.7192601450709664,4.632157029699329,-2.5604444210103345,1299
2022,2023,BWA,benchmark,pinball_0.1,1.380273038588249,3.2080681222443843,-10.594662263638103,1299
2022,2023,CAF,benchmark,pinball_0.1,1.1355263425035875,0.6999684007605396,-10.655295024275334,1299
2022,2023,CHL,benchmark,pinball_0.1,0.9760699340319408,0.6770248315958582,-9.083674508723549,1299
2022,2023,CHN,benchmark,pinball_0.1,0.9318960238118348,5.41600334492955,-3.9029568931887972,1299
2022,2023,CMR,benchmark,pinball_0.1,0.07731899711186899,3.347562907502194,2.5743729363835044,1299
2022,2023,COG,benchmark,pinball_0.1,0.2807549409881105,1.90686426346754,-0.900685146413565,1299
2022,2023,COL,benchmark,pinball_0.1,0.6627989309594007,0.8418195557520392,-5.786169753841968,1299
2022,2023,COM,benchmark,pinball_0.1,0.28170654717865845,3.186613180055403,0.36954770826881855,1299
2022,2023,CRI,benchmark,pinball_0.1,0.9628957692828675,4.79187732359398,-4.837080369234693,1299
2022,2023,CYP,benchmark,pinball_0.1,0.9143736852357105,3.620453682360818,-5.5232831699962865,1299
2022,2023,CZE,benchmark,pinball_0.1,0.46855183449397836,0.0475803308973752,-4.637938014042408,1299
2022,2023,DJI,benchmark,pinball_0.1,0.7971033632232226,6.807335294033081,-1.1636983381991453,1299
2022,2023,DNK,benchmark,pinball_0.1,0.34782153006151334,0.6045877661755839,-2.8736275344395494,1299
2022,2023,DOM,benchmark,pinball_0.1,1.1939808215989618,2.1922984823793854,-9.747509733610233,1299
2022,2023,DZA,benchmark,pinball_0.1,0.3433982471072968,4.100000000059637,0.6660175289866697,1299
2022,2023,ECU,benchmark,pinball_0.1,0.6812338911737208,1.832840610778803,-4.979498300958404,1299
2022,2023,ESP,benchmark,pinball_0.1,1.3900211960813988,2.46085796805582,-11.439353992758168,1299
2022,2023,EST,benchmark,pinball_0.1,0.1904337382160175,-2.7442191457123077,-4.648556527872483,1299
2022,2023,FIN,benchmark,pinball_0.1,0.2357035359041941,-1.2897348445339674,-3.646770203575908,1299
2022,2023,FJI,benchmark,pinball_0.1,1.0912226991481677,9.442458567383127,-1.4697684240985502,1299
2022,2023,FRA,benchmark,pinball_0.1,0.5509042429263705,1.4392149443774258,-4.069827484886279,1299
2022,2023,GAB,benchmark,pinball_0.1,0.15115286622763266,2.4389366504103123,2.6068842795521263,1299
2022,2023,GBR,benchmark,pinball_0.1,0.6822395936637314,0.2716500483552551,-6.550745888282059,1299
2022,2023,GEO,benchmark,pinball_0.1,1.4848995285826112,7.832201265557259,-7.016794020268852,1299
2022,2023,GHA,benchmark,pinball_0.1,0.32646964865146266,3.14009100080186,-0.12460548571276675,1299
2022,2023,GIN,benchmark,pinball_0.1,0.5794735120567761,5.541726686277016,-0.25300843429074504,1299
2022,2023,GMB,benchmark,pinball_0.1,0.9620147268589676,5.916795765511409,-3.7033515030782667,1299
2022,2023,GNQ,benchmark,pinball_0.1,7.071363649372131,-7.425055317212397,0.43201540431219243,1299
2022,2023,GRC,benchmark,pinball_0.1,0.9840356459061314,2.135911319966312,-7.704445139095002,1299
2022,2023,GTM,benchmark,pinball_0.1,0.6440994323571634,3.524304340490133,-2.9166899830815005,1299
2022,2023,HKG,benchmark,pinball_0.1,0.8060497515123366,3.1503446175990177,-4.910152897524348,1299
2022,2023,HND,benchmark,pinball_0.1,0.7830047274334409,3.5758476045441228,-4.254199669790285,1299
2022,2023,HRV,benchmark,pinball_0.1,1.6793412334985343,3.762040927171356,-13.031371407813984,1299
2022,2023,HUN,benchmark,pinball_0.1,0.7321769152449223,-0.8171073705134546,-8.138876522962677,1299
2022,2023,IDN,benchmark,pinball_0.1,0.5311482922489533,5.048831178555162,-0.26265174393437185,1299
2022,2023,IND,benchmark,pinball_0.1,1.4860716270000904,7.210224629335002,-7.650491640665901,1299
2022,2023,IRL,benchmark,pinball_0.1,0.9916872923477364,-2.536374093132608,-12.453247016609971,1299
2022,2023,IRQ,benchmark,pinball_0.1,0.9559056028728238,0.5177055251400731,-9.041350503588165,1299
2022,2023,ISL,benchmark,pinball_0.1,1.0798783632745044,5.0322597376242015,-5.766523895120841,1299
2022,2023,ISR,benchmark,pinball_0.1,0.6345467585430637,2.062725047316178,-4.282742538114459,1299
2022,2023,ITA,benchmark,pinball_0.1,0.6908954799058411,0.9227965436703158,-5.986158255388094,1299
2022,2023,JPN,benchmark,pinball_0.1,0.42969080598688764,0.7207853047498105,-3.5761227551190657,1299
2022,2023,KAZ,benchmark,pinball_0.1,0.8235929325947817,5.099999999736411,-3.1359293262114054,1299
2022,2023,KEN,benchmark,pinball_0.1,0.7598477828221761,5.719992412142076,-1.878485416079684,1299
2022,2023,KGZ,benchmark,pinball_0.1,1.495366933446237,9.013292833934202,-5.940376500528167,1299
2022,2023,KHM,benchmark,pinball_0.1,0.8195352441626593,5.007330438118984,-3.1880220035076086,1299
2022,2023,KOR,benchmark,pinball_0.1,0.45040059451177794,1.583014674036292,-2.920991271081487,1299
2022,2023,KWT,benchmark,pinball_0.1,0.11839796566642527,-1.6408779996887688,-2.8248576563530214,1299
2022,2023,LKA,benchmark,pinball_0.1,0.18468637392004583,-2.0289296690343974,-3.8757934082348555,1299
2022,2023,LSO,benchmark,pinball_0.1,0.22911380665840897,1.6943317760877363,-0.5968062904963531,1299
2022,2023,LTU,benchmark,pinball_0.1,0.5617486658129389,0.7395373981858029,-4.877949259943586,1299
2022,2023,LUX,benchmark,pinball_0.1,0.006404014421692492,0.0994370594039111,0.03539691518698618,1299
2022,2023,LVA,benchmark,pinball_0.1,0.4715393783130697,-0.9416060688236314,-5.656999851954328,1299
2022,2023,MAR,benchmark,pinball_0.1,1.2053184468771474,3.65564411017931,-8.397540358592163,1299
2022,2023,MDA,benchmark,pinball_0.1,1.325715707788261,1.18802067937429,-12.06913639850832,1299
2022,2023,MDG,benchmark,pinball_0.1,0.8393667992390761,4.230865806963436,-4.162802185427324,1299
2022,2023,MDV,benchmark,pinball_0.1,4.2299236431632465,4.942863012295831,-37.356373419336634,1299
2022,2023,MEX,benchmark,pinball_0.1,1.1288115413006945,3.1067964131456023,-8.181318999861343,1299
2022,2023,MKD,benchmark,pinball_0.1,0.9267558546892343,2.5549652534029974,-6.712593293489345,1299
2022,2023,MLT,benchmark,pinball_0.1,2.0336592117791024,10.6340558017004,-9.702536316090619,1299
2022,2023,MNE,benchmark,pinball_0.1,1.6997962144706849,6.478362835185635,-10.519599309521212,1299
2022,2023,MNG,benchmark,pinball_0.1,0.9991809563480145,7.422112761502504,-2.5696968019776403,1299
2022,2023,MOZ,benchmark,pinball_0.1,0.5004928887588956,5.5038445665024085,0.4989156789134519,1299
2022,2023,MUS,benchmark,pinball_0.1,0.39321585242843826,4.699181896874435,0.767023372590053,1299
2022,2023,MWI,benchmark,pinball_0.1,0.19482930341162688,1.9457528167598357,-0.002540217356433061,1299
2022,2023,MYS,benchmark,pinball_0.1,0.8418836588891966,3.537063804105699,-4.881772784786266,1299
2022,2023,NAM,benchmark,pinball_0.1,1.0504124530094143,4.324980488668047,-6.179144041426095,1299
2022,2023,NIC,benchmark,pinball_0.1,0.8775396482569058,4.427793931868834,-4.347602550700223,1299
2022,2023,NLD,benchmark,pinball_0.1,0.24397020712473394,-0.5980610175802781,-3.0377630888276173,1299
2022,2023,NOR,benchmark,pinball_0.1,0.24869409244120677,0.3526955813197645,-2.134245343092303,1299
2022,2023,NPL,benchmark,pinball_0.1,0.5427950091422087,1.9825484346184936,-3.4454016568035932,1299
2022,2023,PAK,benchmark,pinball_0.1,0.032013357806290096,-0.4149359970884063,-0.7350695751513072,1299
2022,2023,PAN,benchmark,pinball_0.1,1.0534260715850732,7.1663401639066535,-3.367920551944078,1299
2022,2023,PER,benchmark,pinball_0.1,0.228010326916022,-0.3506998143457593,-2.6308030835059792,1299
2022,2023,PHL,benchmark,pinball_0.1,1.0986464369734237,5.518949678560432,-5.467514691173804,1299
2022,2023,POL,benchmark,pinball_0.1,0.7086539237780034,0.2496108340178722,-6.836928403762162,1299
2022,2023,PRT,benchmark,pinball_0.1,0.6811291909970276,3.099987459042808,-3.711304450927468,1299
2022,2023,PRY,benchmark,pinball_0.1,1.0022216683037513,5.28584584975323,-4.736370833284283,1299
2022,2023,PSE,benchmark,pinball_0.1,0.5275943486039257,-0.97217780620403,-0.3859618633107793,1299
2022,2023,ROU,benchmark,pinball_0.1,1.1071087614046455,2.257734165551213,-8.813353448495242,1299
2022,2023,RUS,benchmark,pinball_0.1,0.7909483554885792,4.066613958130233,-3.842869596755559,1299
2022,2023,RWA,benchmark,pinball_0.1,1.0312882584007597,8.559642929141532,-1.7532396548660643,1299
2022,2023,SGP,benchmark,pinball_0.1,0.8536562959772795,1.4502677588956487,-7.086295200877146,1299
2022,2023,SLB,benchmark,pinball_0.1,0.1439821659977177,2.841118511548075,1.4012968515708977,1299
2022,2023,SLV,benchmark,pinball_0.1,0.9164066040320398,3.355087216461655,-5.808978823858743,1299
2022,2023,SVK,benchmark,pinball_0.1,0.9509572234870808,2.112636332149592,-7.396935902721216,1299
2022,2023,SVN,benchmark,pinball_0.1,0.8824073567896701,2.375832664838498,-6.448240903058203,1299
2022,2023,SWE,benchmark,pinball_0.1,0.3620232115578613,-0.2040613048914394,-3.8242934204700525,1299
2022,2023,TCD,benchmark,pinball_0.1,0.2781440114762063,3.9986130946153935,1.2171729798533306,1299
2022,2023,THA,benchmark,pinball_0.1,0.8941924687962939,2.248834379705684,-6.693090308257254,1299
2022,2023,TUR,benchmark,pinball_0.1,0.9876430224422119,5.045123698122893,-4.831306526299226,1299
2022,2023,TZA,benchmark,pinball_0.1,0.5924927991900283,5.069523532033941,-0.8554044598663424,1299
2022,2023,UGA,benchmark,pinball_0.1,0.34011335054847436,5.336972955114689,1.9358394496299454,1299
2022,2023,UKR,benchmark,pinball_0.1,1.2919703157228,5.534733549633344,-7.384969607594655,1299
2022,2023,URY,benchmark,pinball_0.1,0.8739779233143979,0.7617492413216809,-7.978029991822298,1299
2022,2023,USA,benchmark,pinball_0.1,0.8752133162040444,2.934363224401551,-5.817769937638893,1299
2022,2023,UZB,benchmark,pinball_0.1,0.7177853704023008,6.316030042019264,-0.8618236620037436,1299
2022,2023,VNM,benchmark,pinball_0.1,0.7411160831775727,4.978659594832251,-2.432501236943475,1299
2022,2023,XKX,benchmark,pinball_0.1,1.2060311955927567,4.067627014364376,-7.992684941563191,1299
2022,2023,ZAF,benchmark,pinball_0.1,0.5233830685811232,0.8061045509580396,1.3876412938259541,1299
2022,2023,ZMB,benchmark,pinball_0.1,0.7368967547734802,5.36794285493059,-2.0010246928042115,1299
2022,2023,AGO,benchmark,pinball_0.5,0.3571660557885026,1.320165870810314,0.6058337592333087,1299
2022,2023,ALB,benchmark,pinball_0.5,2.1428660918669062,4.01541716935742,-0.2703150143763926,1299
2022,2023,ARE,benchmark,pinball_0.5,0.7346463741729936,4.301136484994132,2.8318437366481444,1299
2022,2023,ARG,benchmark,pinball_0.5,5.728461862696605,-1.855788030463387,9.601135694929823,1299
2022,2023,ARM,benchmark,pinball_0.5,3.084421386340339,8.299999999595386,2.1311572269147074,1299
2022,2023,AUS,benchmark,pinball_0.5,0.8623478577629395,3.583821007989812,1.8591252924639328,1299
2022,2023,AUT,benchmark,pinball_0.5,0.908144141524613,-0.7862442885946734,1.0300439944545525,1299
2022,2023,BEL,benchmark,pinball_0.5,0.30269911388991855,1.5612553954202897,0.9558571676404526,1299
2022,2023,BGD,benchmark,pinball_0.5,0.0533650271458157,5.775112370078887,5.668382315787255,1299
2022,2023,BGR,benchmark,pinball_0.5,0.03253631560892378,1.681510758329253,1.6164381271114054,1299
2022,2023,BIH,benchmark,pinball_0.5,0.30870904699201995,1.9943941485089312,2.611812242492971,1299
2022,2023,BLR,benchmark,pinball_0.5,0.7773409275196277,4.1265400715388125,2.571858216499557,1299
2022,2023,BOL,benchmark,pinball_0.5,0.0872098382872104,2.516365901548909,2.341946224974488,1299
2022,2023,BRA,benchmark,pinball_0.5,1.0877713902402468,3.2416553290698147,1.0661125485893213,1299
2022,2023,BTN,benchmark,pinball_0.5,0.66155955418703,4.632157029699329,3.3090379213252685,1299
2022,2023,BWA,benchmark,pinball_0.5,0.5570548434430749,3.2080681222443843,2.0939584353582346,1299
2022,2023,CAF,benchmark,pinball_0.5,0.6451226408347519,0.6999684007605396,1.9902136824300434,1299
2022,2023,CHL,benchmark,pinball_0.5,0.8896126834182827,0.6770248315958582,2.4562501984324236,1299
2022,2023,CHN,benchmark,pinball_0.5,1.066413390625633,5.41600334492955,3.2831765636782837,1299
2022,2023,CMR,benchmark,pinball_0.5,0.3513193818393825,3.347562907502194,4.050201671180959,1299
2022,2023,COG,benchmark,pinball_0.5,0.6330755449266288,1.90686426346754,0.6407131736142824,1299
2022,2023,COL,benchmark,pinball_0.5,0.5516205827462342,0.8418195557520392,1.9450607212445075,1299
2022,2023,COM,benchmark,pinball_0.5,0.35768276088106643,3.186613180055403,2.47124765829327,1299
2022,2023,CRI,benchmark,pinball_0.5,0.9677720648100467,4.79187732359398,2.856333193973887,1299
2022,2023,CYP,benchmark,pinball_0.5,3.266433124560277,3.620453682360818,10.153319931481372,1299
2022,2023,CZE,benchmark,pinball_0.5,0.4812833360417639,0.0475803308973752,1.010147002980903,1299
2022,2023,DJI,benchmark,pinball_0.5,1.462057893866489,6.807335294033081,3.8832195063001027,1299
2022,2023,DNK,benchmark,pinball_0.5,0.90826450985247,0.6045877661755839,2.421116785880524,1299
2022,2023,DOM,benchmark,pinball_0.5,0.2955790763703501,2.1922984823793854,2.7834566351200856,1299
2022,2023,DZA,benchmark,pinball_0.5,1.1018930229851576,4.100000000059637,1.8962139540893221,1299
2022,2023,ECU,benchmark,pinball_0.5,0.37032675325392816,1.832840610778803,1.0921871042709466,1299
2022,2023,ESP,benchmark,pinball_0.5,0.5084641309233466,2.46085796805582,3.477786229902513,1299
2022,2023,EST,benchmark,pinball_0.5,2.6271302504648135,-2.7442191457123077,2.510041355217319,1299
2022,2023,FIN,benchmark,pinball_0.5,1.0665776174027641,-1.2897348445339674,0.8434203902715609,1299
2022,2023,FJI,benchmark,pinball_0.5,5.812501834172809,9.442458567383127,-2.182545100962491,1299
2022,2023,FRA,benchmark,pinball_0.5,1.1160739146963348,1.4392149443774258,-0.7929328850152437,1299
2022,2023,GAB,benchmark,pinball_0.5,0.6134099211007888,2.4389366504103123,3.66575649261189,1299
2022,2023,GBR,benchmark,pinball_0.5,0.9898926612882533,0.2716500483552551,2.2514353709317616,1299
2022,2023,GEO,benchmark,pinball_0.5,2.8759635874916247,7.832201265557259,2.08027409057401,1299
2022,2023,GHA,benchmark,pinball_0.5,1.3869922658976002,3.14009100080186,5.91407553259706,1299
2022,2023,GIN,benchmark,pinball_0.5,0.43805918597571525,5.541726686277016,6.417845058228447,1299
2022,2023,GMB,benchmark,pinball_0.5,0.9933716488756512,5.916795765511409,3.930052467760107,1299
2022,2023,GNQ,benchmark,pinball_0.5,1.3163936143882582,-7.425055317212397,-4.792268088435881,1299
2022,2023,GRC,benchmark,pinball_0.5,0.2883616363206043,2.135911319966312,1.5591880473251032,1299
2022,2023,GTM,benchmark,pinball_0.5,0.5876568141992689,3.524304340490133,2.348990712091595,1299
2022,2023,HKG,benchmark,pinball_0.5,1.7863860460836634,3.1503446175990177,-0.422427474568309,1299
2022,2023,HND,benchmark,pinball_0.5,0.9634018773749995,3.5758476045441228,1.6490438497941238,1299
2022,2023,HRV,benchmark,pinball_0.5,1.2296867565331275,3.762040927171356,1.302667414105101,1299
2022,2023,HUN,benchmark,pinball_0.5,1.4386949827110502,-0.8171073705134546,2.060282594908646,1299
2022,2023,IDN,benchmark,pinball_0.5,0.4842294720296012,5.048831178555162,4.080372234495959,1299
2022,2023,IND,benchmark,pinball_0.5,0.6955718983567856,7.210224629335002,5.819080832621431,1299
2022,2023,IRL,benchmark,pinball_0.5,4.117466541273103,-2.536374093132608,5.698558989413598,1299
2022,2023,IRQ,benchmark,pinball_0.5,0.6545534443042991,0.5177055251400731,1.8268124137486712,1299
2022,2023,ISL,benchmark,pinball_0.5,1.6713650797088695,5.0322597376242015,1.6895295782064625,1299
2022,2023,ISR,benchmark,pinball_0.5,0.4485128387969515,2.062725047316178,2.959750724910081,1299
2022,2023,ITA,benchmark,pinball_0.5,0.585318461450093,0.9227965436703158,-0.24784037922987023,1299
2022,2023,JPN,benchmark,pinball_0.5,0.3681557529208179,0.7207853047498105,-0.015526201091825342,1299
2022,2023,KAZ,benchmark,pinball_0.5,0.6410732193760722,5.099999999736411,3.817853560984267,1299
2022,2023,KEN,benchmark,pinball_0.5,1.0721398152114658,5.719992412142076,3.5757127817191448,1299
2022,2023,KGZ,benchmark,pinball_0.5,2.881796764319231,9.013292833934202,3.2496993052957395,1299
2022,2023,KHM,benchmark,pinball_0.5,1.1038636625396547,5.007330438118984,2.799603113039675,1299
2022,2023,KOR,benchmark,pinball_0.5,0.7265628200586067,1.583014674036292,0.12988903391907858,1299
2022,2023,KWT,benchmark,pinball_0.5,1.0452007825626635,-1.6408779996887688,0.44952356543655814,1299
2022,2023,LKA,benchmark,pinball_0.5,2.0302924805842304,-2.0289296690343974,2.0316552921340634,1299
2022,2023,LSO,benchmark,pinball_0.5,0.30321657834428883,1.6943317760877363,2.300764932776314,1299
2022,2023,LTU,benchmark,pinball_0.5,0.9735606100147915,0.7395373981858029,2.686658618215386,1299
2022,2023,LUX,benchmark,pinball_0.5,1.4453695705835399,0.0994370594039111,2.990176200570991,1299
2022,2023,LVA,benchmark,pinball_0.5,2.0046948274947334,-0.9416060688236314,3.0677835861658354,1299
2022,2023,MAR,benchmark,pinball_0.5,0.7781310893507836,3.65564411017931,2.0993819314777427,1299
2022,2023,MDA,benchmark,pinball_0.5,0.22448116088786652,1.18802067937429,1.636983001150023,1299
2022,2023,MDG,benchmark,pinball_0.5,0.8457477274916809,4.230865806963436,2.5393703519800743,1299
2022,2023,MDV,benchmark,pinball_0.5,1.5589402385342586,4.942863012295831,1.824982535227314,1299
2022,2023,MEX,benchmark,pinball_0.5,0.5645830607576718,3.1067964131456023,1.9776302916302586,1299
2022,2023,MKD,benchmark,pinball_0.5,0.03715387327217834,2.5549652534029974,2.629272999947354,1299
2022,2023,MLT,benchmark,pinball_0.5,2.228653038821249,10.6340558017004,6.176749724057903,1299
2022,2023,MNE,benchmark,pinball_0.5,2.358376117160045,6.478362835185635,1.7616106008655446,1299
2022,2023,MNG,benchmark,pinball_0.5,2.434378866994996,7.422112761502504,2.553355027512512,1299
2022,2023,MOZ,benchmark,pinball_0.5,0.6719689952842485,5.5038445665024085,4.1599065759339116,1299
2022,2023,MUS,benchmark,pinball_0.5,0.2631990730574083,4.699181896874435,4.172783750759619,1299
2022,2023,MWI,benchmark,pinball_0.5,1.318025738026226,1.9457528167598357,4.581804292812287,1299
2022,2023,MYS,benchmark,pinball_0.5,0.13424011902725286,3.537063804105699,3.805544042160205,1299
2022,2023,NAM,benchmark,pinball_0.5,2.3862745771133334,4.324980488668047,-0.4475686655586193,1299
2022,2023,NIC,benchmark,pinball_0.5,0.11617264928337523,4.427793931868834,4.1954486333020835,1299
2022,2023,NLD,benchmark,pinball_0.5,1.5392580121956598,-0.5980610175802781,2.4804550068110416,1299
2022,2023,NOR,benchmark,pinball_0.5,0.3912190019958195,0.3526955813197645,1.1351335853114035,1299
2022,2023,NPL,benchmark,pinball_0.5,1.5054692386631885,1.9825484346184936,4.993486911944871,1299
2022,2023,PAK,benchmark,pinball_0.5,1.7100693354492038,-0.4149359970884063,3.0052026738100013,1299
2022,2023,PAN,benchmark,pinball_0.5,2.785552997128299,7.1663401639066535,1.5952341696500554,1299
2022,2023,PER,benchmark,pinball_0.5,1.3751173745065701,-0.3506998143457593,2.399534934667381,1299
2022,2023,PHL,benchmark,pinball_0.5,0.03642573144366246,5.518949678560432,5.591801141447757,1299
2022,2023,POL,benchmark,pinball_0.5,1.7228792113538642,0.2496108340178722,3.6953692567256007,1299
2022,2023,PRT,benchmark,pinball_0.5,0.22069362918133484,3.099987459042808,2.658600200680138,1299
2022,2023,PRY,benchmark,pinball_0.5,1.381116630757825,5.28584584975323,2.5236125882375795,1299
2022,2023,PSE,benchmark,pinball_0.5,1.8432031827420303,-0.97217780620403,2.7142285592800306,1299
2022,2023,ROU,benchmark,pinball_0.5,0.0068750224585367725,2.257734165551213,2.2714842104682864,1299
2022,2023,RUS,benchmark,pinball_0.5,1.5573238761167625,4.066613958130233,0.9519662058967082,1299
2022,2023,RWA,benchmark,pinball_0.5,1.0785789403856274,8.559642929141532,6.402485048370277,1299
2022,2023,SGP,benchmark,pinball_0.5,0.029440934058050594,1.4502677588956487,1.50914962701175,1299
2022,2023,SLB,benchmark,pinball_0.5,0.379995923687634,2.841118511548075,2.081126664172807,1299
2022,2023,SLV,benchmark,pinball_0.5,1.3349034743217127,3.355087216461655,0.6852802678182297,1299
2022,2023,SVK,benchmark,pinball_0.5,0.33064394138197195,2.112636332149592,1.451348449385648,1299
2022,2023,SVN,benchmark,pinball_0.5,0.18621541376134854,2.375832664838498,2.748263492361195,1299
2022,2023,SWE,benchmark,pinball_0.5,1.1450163851682333,-0.2040613048914394,2.085971465445027,1299
2022,2023,TCD,benchmark,pinball_0.5,0.025775109661841267,3.9986130946153935,4.050163313939076,1299
2022,2023,THA,benchmark,pinball_0.5,0.4612321852188088,2.248834379705684,1.3263700092680661,1299
2022,2023,TUR,benchmark,pinball_0.5,0.12220591304428696,5.045123698122893,4.800711872034319,1299
2022,2023,TZA,benchmark,pinball_0.5,0.3666997851111016,5.069523532033941,5.802923102256144,1299
2022,2023,UGA,benchmark,pinball_0.5,0.22504895863228747,5.336972955114689,4.886875037850114,1299
2022,2023,UKR,benchmark,pinball_0.5,1.3964902926854468,5.534733549633344,2.7417529642624507,1299
2022,2023,URY,benchmark,pinball_0.5,0.3723973598246144,0.7617492413216809,0.01695452167245204,1299
2022,2023,USA,benchmark,pinball_0.5,1.6926136961415374,2.934363224401551,-0.45086416788152395,1299
2022,2023,UZB,benchmark,pinball_0.5,0.5911265109802204,6.316030042019264,5.133777020058823,1299
2022,2023,VNM,benchmark,pinball_0.5,0.15850963989117162,4.978659594832251,4.661640315049908,1299
2022,2023,XKX,benchmark,pinball_0.5,0.2986361513022231,4.067627014364376,3.47035471175993,1299
2022,2023,ZAF,benchmark,pinball_0.5,1.2397387998729958,0.8061045509580396,3.2855821507040313,1299
2022,2023,ZMB,benchmark,pinball_0.5,0.7253810098885598,5.36794285493059,3.91718083515347,1299
2022,2023,AGO,benchmark,pinball_0.9,0.7555748635834686,1.320165870810314,0.4806382446064599,1299
2022,2023,ALB,benchmark,pinball_0.9,0.07738378583965753,4.01541716935742,4.789255027753995,1299
2022,2023,ARE,benchmark,pinball_0.9,0.08707885389271386,4.301136484994132,4.204382202891116,1299
2022,2023,ARG,benchmark,pinball_0.9,1.0478409138259714,-1.855788030463387,8.62262110779633,1299
2022,2023,ARM,benchmark,pinball_0.9,0.46731371784513004,8.299999999595386,7.780762535323019,1299
2022,2023,AUS,benchmark,pinball_0.9,0.041859834364964765,3.583821007989812,3.5373100809176288,1299
2022,2023,AUT,benchmark,pinball_0.9,0.38390921069831296,-0.7862442885946734,3.0528478183884573,1299
2022,2023,BEL,benchmark,pinball_0.9,0.08585599965889652,1.5612553954202897,2.419815392009255,1299
2022,2023,BGD,benchmark,pinball_0.9,0.30978437665804137,5.775112370078887,8.872956136659301,1299
2022,2023,BGR,benchmark,pinball_0.9,0.30584519712449104,1.681510758329253,4.739962729574164,1299
2022,2023,BIH,benchmark,pinball_0.9,0.5930477746316574,1.9943941485089312,7.924871894825507,1299
2022,2023,BLR,benchmark,pinball_0.9,0.3860099280820932,4.1265400715388125,3.697640151447598,1299
2022,2023,BOL,benchmark,pinball_0.9,0.2141830161149391,2.516365901548909,4.6581960626983,1299
2022,2023,BRA,benchmark,pinball_0.9,0.24171944080543029,3.2416553290698147,5.658849737124118,1299
2022,2023,BTN,benchmark,pinball_0.9,0.10019822090491937,4.632157029699329,5.6341392387485225,1299
2022,2023,BWA,benchmark,pinball_0.9,0.7402832845223939,3.2080681222443843,10.610900967468325,1299
2022,2023,CAF,benchmark,pinball_0.9,0.46025883188509065,0.6999684007605396,5.302556719611447,1299
2022,2023,CHL,benchmark,pinball_0.9,0.6095632698047401,0.6770248315958582,6.7726575296432605,1299
2022,2023,CHN,benchmark,pinball_0.9,0.21872128588482725,5.41600334492955,7.603216203777823,1299
2022,2023,CMR,benchmark,pinball_0.9,0.2405264689745762,3.347562907502194,5.752827597247957,1299
2022,2023,COG,benchmark,pinball_0.9,0.3575569408908617,1.90686426346754,5.482433672376158,1299
2022,2023,COL,benchmark,pinball_0.9,0.5263282592949111,0.8418195557520392,6.105102148701151,1299
2022,2023,COM,benchmark,pinball_0.9,0.12580035383577995,3.186613180055403,4.444616718413203,1299
2022,2023,CRI,benchmark,pinball_0.9,0.06415587397496808,4.79187732359398,5.433436063343661,1299
2022,2023,CYP,benchmark,pinball_0.9,1.3435994634567856,3.620453682360818,17.056448316928677,1299
2022,2023,CZE,benchmark,pinball_0.9,0.4619793768781673,0.0475803308973752,4.66737409967905,1299
2022,2023,DJI,benchmark,pinball_0.9,0.09643522186533564,6.807335294033081,7.771687512686437,1299
2022,2023,DNK,benchmark,pinball_0.9,0.32248676281773686,0.6045877661755839,3.8294553943529532,1299
2022,2023,DOM,benchmark,pinball_0.9,0.9616691042336147,2.1922984823793854,11.808989524715535,1299
2022,2023,DZA,benchmark,pinball_0.9,0.9477119437510214,4.100000000059637,3.046986729225169,1299
2022,2023,ECU,benchmark,pinball_0.9,0.3602004867550096,1.832840610778803,5.434845478328899,1299
2022,2023,ESP,benchmark,pinball_0.9,0.392671691117487,2.46085796805582,6.387574879230691,1299
2022,2023,EST,benchmark,pinball_0.9,1.0680968979622942,-2.7442191457123077,7.936749833910637,1299
2022,2023,FIN,benchmark,pinball_0.9,0.365802024627485,-1.2897348445339674,2.3682854017408834,1299
2022,2023,FJI,benchmark,pinball_0.9,9.377198730578062,9.442458567383127,-0.9766511332591641,1299
2022,2023,FRA,benchmark,pinball_0.9,0.8570228261548524,1.4392149443774258,0.4869673597609232,1299
2022,2023,GAB,benchmark,pinball_0.9,0.3429516840742582,2.4389366504103123,5.868453491152895,1299
2022,2023,GBR,benchmark,pinball_0.9,0.4461485608438536,0.2716500483552551,4.733135656793793,1299
2022,2023,GEO,benchmark,pinball_0.9,1.12920130651394,7.832201265557259,6.577533147208437,1299
2022,2023,GHA,benchmark,pinball_0.9,0.8828205088325506,3.14009100080186,11.968296089127367,1299
2022,2023,GIN,benchmark,pinball_0.9,0.7303327573345391,5.541726686277016,12.845054259622408,1299
2022,2023,GMB,benchmark,pinball_0.9,0.08127555673591134,5.916795765511409,6.729551332870523,1299
2022,2023,GNQ,benchmark,pinball_0.9,0.6356466666089198,-7.425055317212397,-1.0685886511231981,1299
2022,2023,GRC,benchmark,pinball_0.9,0.24117534310279048,2.135911319966312,4.547664750994217,1299
2022,2023,GTM,benchmark,pinball_0.9,0.021458873739412306,3.524304340490133,3.738893077884256,1299
2022,2023,HKG,benchmark,pinball_0.9,1.1578612198443379,3.1503446175990177,1.863832151105309,1299
2022,2023,HND,benchmark,pinball_0.9,0.8921988199554812,3.5758476045441228,2.584515582371366,1299
2022,2023,HRV,benchmark,pinball_0.9,0.7210996787712374,3.762040927171356,10.97303771488373,1299
2022,2023,HUN,benchmark,pinball_0.9,0.6008504711820395,-0.8171073705134546,5.191397341306942,1299
2022,2023,IDN,benchmark,pinball_0.9,0.1658403601585968,5.048831178555162,6.70723478014113,1299
2022,2023,IND,benchmark,pinball_0.9,0.3889941263448821,7.210224629335002,11.100165892783824,1299
2022,2023,IRL,benchmark,pinball_0.9,1.9243083585808316,-2.536374093132608,16.706709492675714,1299
2022,2023,IRQ,benchmark,pinball_0.9,0.37441090215086037,0.5177055251400731,4.261814546648678,1299
2022,2023,ISL,benchmark,pinball_0.9,1.8478079493586999,5.0322597376242015,2.9791397938923128,1299
2022,2023,ISR,benchmark,pinball_0.9,0.6131622096670033,2.062725047316178,8.194347143986212,1299
2022,2023,ITA,benchmark,pinball_0.9,0.07602911088201825,0.9227965436703158,1.6830876524904985,1299
2022,2023,JPN,benchmark,pinball_0.9,0.04624368149566215,0.7207853047498105,1.183222119706432,1299
2022,2023,KAZ,benchmark,pinball_0.9,0.20081043113152228,5.099999999736411,4.876877298479164,1299
2022,2023,KEN,benchmark,pinball_0.9,0.09881008693971542,5.719992412142076,6.708093281539231,1299
2022,2023,KGZ,benchmark,pinball_0.9,0.09346239230723279,9.013292833934202,9.94791675700653,1299
2022,2023,KHM,benchmark,pinball_0.9,0.17543590324489008,5.007330438118984,6.761689470567886,1299
2022,2023,KOR,benchmark,pinball_0.9,0.08163302310382299,1.583014674036292,2.399344905074522,1299
2022,2023,KWT,benchmark,pinball_0.9,0.5270252123693503,-1.6408779996887688,3.6293741240047352,1299
2022,2023,LKA,benchmark,pinball_0.9,0.8419497320853931,-2.0289296690343974,6.390567651819536,1299
2022,2023,LSO,benchmark,pinball_0.9,0.19362344313260205,1.6943317760877363,3.6305662074137572,1299
2022,2023,LTU,benchmark,pinball_0.9,0.6452590717776743,0.7395373981858029,7.1921281159625465,1299
2022,2023,LUX,benchmark,pinball_0.9,0.5579173192522978,0.0994370594039111,5.678610251926891,1299
2022,2023,LVA,benchmark,pinball_0.9,0.8010818983180625,-0.9416060688236314,7.069212914356996,1299
2022,2023,MAR,benchmark,pinball_0.9,0.29525394292602175,3.65564411017931,6.608183539439528,1299
2022,2023,MDA,benchmark,pinball_0.9,0.8244418781261957,1.18802067937429,9.43243946063625,1299
2022,2023,MDG,benchmark,pinball_0.9,0.18155910613883583,4.230865806963436,6.046456868351795,1299
2022,2023,MDV,benchmark,pinball_0.9,2.4722663626640347,4.942863012295831,29.665526638936182,1299
2022,2023,MEX,benchmark,pinball_0.9,0.17474652925973008,3.1067964131456023,4.854261705742903,1299
2022,2023,MKD,benchmark,pinball_0.9,0.33366046108817343,2.5549652534029974,5.891569864284732,1299
2022,2023,MLT,benchmark,pinball_0.9,0.32380559156979816,10.6340558017004,13.872111717398383,1299
2022,2023,MNE,benchmark,pinball_0.9,0.012129997778231602,6.478362835185635,6.599662812967951,1299
2022,2023,MNG,benchmark,pinball_0.9,0.2553438678859258,7.422112761502504,9.975551440361762,1299
2022,2023,MOZ,benchmark,pinball_0.9,0.3331561649838046,5.5038445665024085,8.835406216340456,1299
2022,2023,MUS,benchmark,pinball_0.9,0.15191651026228967,4.699181896874435,6.218346999497332,1299
2022,2023,MWI,benchmark,pinball_0.9,0.4068004107790862,1.9457528167598357,6.013756924550698,1299
2022,2023,MYS,benchmark,pinball_0.9,0.26866683886853854,3.537063804105699,6.223732192791085,1299
2022,2023,NAM,benchmark,pinball_0.9,1.752680630775638,4.324980488668047,2.3775575655840053,1299
2022,2023,NIC,benchmark,pinball_0.9,0.2194321927680464,4.427793931868834,6.622115859549298,1299
2022,2023,NLD,benchmark,pinball_0.9,0.4524593566227839,-0.5980610175802781,3.926532548647562,1299
2022,2023,NOR,benchmark,pinball_0.9,0.23220939462842421,0.3526955813197645,2.6747895276040072,1299
2022,2023,NPL,benchmark,pinball_0.9,0.4126384093995125,1.9825484346184936,6.10893252861362,1299
2022,2023,PAK,benchmark,pinball_0.9,0.6815267974535028,-0.4149359970884063,6.400331977446623,1299
2022,2023,PAN,benchmark,pinball_0.9,0.977145296154177,7.1663401639066535,6.08062316817979,1299
2022,2023,PER,benchmark,pinball_0.9,0.6098872077521,-0.3506998143457593,5.748172263175242,1299
2022,2023,PHL,benchmark,pinball_0.9,0.2389946892906138,5.518949678560432,7.90889657146657,1299
2022,2023,POL,benchmark,pinball_0.9,0.8247501985911617,0.2496108340178722,8.497112819929491,1299
2022,2023,PRT,benchmark,pinball_0.9,0.1717368023876252,3.099987459042808,4.81735548291906,1299
2022,2023,PRY,benchmark,pinball_0.9,0.21694609290392566,5.28584584975323,7.455306778792487,1299
2022,2023,PSE,benchmark,pinball_0.9,0.7759611739304442,-0.97217780620403,6.787433933100414,1299
2022,2023,ROU,benchmark,pinball_0.9,0.42724130668124943,2.257734165551213,6.530147232363708,1299
2022,2023,RUS,benchmark,pinball_0.9,0.20980116298926763,4.066613958130233,3.8335015548088247,1299
2022,2023,RWA,benchmark,pinball_0.9,0.1565388913242035,8.559642929141532,10.125031842383567,1299
2022,2023,SGP,benchmark,pinball_0.9,0.7086220485599304,1.4502677588956487,8.536488244494954,1299
2022,2023,SLB,benchmark,pinball_0.9,0.07701982236525085,2.841118511548075,3.6113167352005835,1299
2022,2023,SLV,benchmark,pinball_0.9,0.14928707180620657,3.355087216461655,3.1892126922325366,1299
2022,2023,SVK,benchmark,pinball_0.9,0.5732944943585072,2.112636332149592,7.8455812757346655,1299
2022,2023,SVN,benchmark,pinball_0.9,0.34341628118727935,2.375832664838498,5.8099954767112925,1299
2022,2023,SWE,benchmark,pinball_0.9,0.4806037244955077,-0.2040613048914394,4.601975940063639,1299
2022,2023,TCD,benchmark,pinball_0.9,0.08791683007062134,3.9986130946153935,4.877781395321607,1299
2022,2023,THA,benchmark,pinball_0.9,0.24870414706663338,2.248834379705684,4.735875850372018,1299
2022,2023,TUR,benchmark,pinball_0.9,0.5441622108904327,5.045123698122893,10.486745807027221,1299
2022,2023,TZA,benchmark,pinball_0.9,0.25219789405540083,5.069523532033941,7.591502472587949,1299
2022,2023,UGA,benchmark,pinball_0.9,0.18432579405071664,5.336972955114689,7.180230895621856,1299
2022,2023,UKR,benchmark,pinball_0.9,0.5444522687413412,5.534733549633344,4.929786584365187,1299
2022,2023,URY,benchmark,pinball_0.9,0.39907594227015625,0.7617492413216809,4.752508664023244,1299
2022,2023,USA,benchmark,pinball_0.9,1.5230413510198593,2.934363224401551,1.2420950566017073,1299
2022,2023,UZB,benchmark,pinball_0.9,0.15968364333643945,6.316030042019264,7.912866475383659,1299
2022,2023,VNM,benchmark,pinball_0.9,0.4054730431366713,4.978659594832251,9.033390026198965,1299
2022,2023,XKX,benchmark,pinball_0.9,0.5821507559327501,4.067627014364376,9.889134573691878,1299
2022,2023,ZAF,benchmark,pinball_0.9,0.3931667889665637,0.8061045509580396,4.737772440623678,1299
2022,2023,ZMB,benchmark,pinball_0.9,0.08227589464945487,5.36794285493059,6.1907018014251385,1299
2022,2023,AGO,disinformation,squared_error,0.4125901186696851,1.320165870810314,0.6778340884192469,1299
2022,2023,ALB,disinformation,squared_error,19.372978745052645,4.01541716935742,-0.3860574409354358,1299
2022,2023,ARE,disinformation,squared_error,12.015270712201717,4.301136484994132,0.8348314331843927,1299
2022,2023,ARG,disinformation,squared_error,0.3036377156038059,-1.855788030463387,-1.3047547142257878,1299
2022,2023,ARM,disinformation,squared_error,46.08876852858118,8.299999999595386,1.5111290677996445,1299
2022,2023,AUS,disinformation,squared_error,3.3700731066854637,3.583821007989812,1.7480451211546395,1299
2022,2023,AUT,disinformation,squared_error,1.8934383569552162,-0.7862442885946734,0.5897783699960986,1299
2022,2023,BEL,disinformation,squared_error,0.7638332596490354,1.5612553954202897,0.6872798467640155,1299
2022,2023,BGD,disinformation,squared_error,3.0416165588013957,5.775112370078887,4.031089274245177,1299
2022,2023,BGR,disinformation,squared_error,1.982629906106035,1.681510758329253,0.2734518440412055,1299
2022,2023,BIH,disinformation,squared_error,2.110962523071774,1.9943941485089312,0.5414789675462659,1299
2022,2023,BLR,disinformation,squared_error,5.257851699861814,4.1265400715388125,1.8335394828206555,1299
2022,2023,BOL,disinformation,squared_error,4.170694503540883,2.516365901548909,0.4741380730388567,1299
2022,2023,BRA,disinformation,squared_error,0.5977835613258986,3.2416553290698147,2.468490688565673,1299
2022,2023,BTN,disinformation,squared_error,11.020016131837302,4.632157029699329,1.3125160654025416,1299
2022,2023,BWA,disinformation,squared_error,3.975797158405728,3.2080681222443843,1.214128013212589,1299
2022,2023,CAF,disinformation,squared_error,2.6433568746097826,0.6999684007605396,-0.9258719587488997,1299
2022,2023,CHL,disinformation,squared_error,0.09846537883040711,0.6770248315958582,0.9908167671684716,1299
2022,2023,CHN,disinformation,squared_error,11.784758104274346,5.41600334492955,1.9831097980402284,1299
2022,2023,CMR,disinformation,squared_error,0.13313573131686918,3.347562907502194,3.7124406011433226,1299
2022,2023,COG,disinformation,squared_error,1.5892488288762803,1.90686426346754,0.6462101360891062,1299
2022,2023,COL,disinformation,squared_error,0.24272812673807106,0.8418195557520392,1.3344940190014256,1299
2022,2023,COM,disinformation,squared_error,0.4533610274668688,3.186613180055403,2.513292285186642,1299
2022,2023,CRI,disinformation,squared_error,8.86987066348814,4.79187732359398,1.8136445147813216,1299
2022,2023,CYP,disinformation,squared_error,24.009184864862252,3.620453682360818,8.520370504599972,1299
2022,2023,CZE,disinformation,squared_error,0.8527663227485068,0.0475803308973752,0.971033807120464,1299
2022,2023,DJI,disinformation,squared_error,13.824779119706529,6.807335294033081,3.0891665082318593,1299
2022,2023,DNK,disinformation,squared_error,1.4331084931999167,0.6045877661755839,1.8017128612261875,1299
2022,2023,DOM,disinformation,squared_error,2.0256950566657808,2.1922984823793854,0.7690293382377087,1299
2022,2023,DZA,disinformation,squared_error,5.161023610578982,4.100000000059637,1.8282113631968278,1299
2022,2023,ECU,disinformation,squared_error,2.5645102464054808,1.832840610778803,0.23143177902924594,1299
2022,2023,ESP,disinformation,squared_error,0.42925483901499795,2.46085796805582,1.8056825419179052,1299
2022,2023,EST,disinformation,squared_error,28.486931662605205,-2.7442191457123077,2.593095878024366,1299
2022,2023,FIN,disinformation,squared_error,0.7640959356133658,-1.2897348445339674,-0.4156090323001873,1299
2022,2023,FJI,disinformation,squared_error,145.0821680654913,9.442458567383127,-2.602547371407077,1299
2022,2023,FRA,disinformation,squared_error,5.836537000577989,1.4392149443774258,-0.976677644414135,1299
2022,2023,GAB,disinformation,squared_error,1.1150725243771062,2.4389366504103123,3.4949065952369187,1299
2022,2023,GBR,disinformation,squared_error,0.5599478925889539,0.2716500483552551,1.0199467091716414,1299
2022,2023,GEO,disinformation,squared_error,44.74606004545275,7.832201265557259,1.1429516779388733,1299
2022,2023,GHA,disinformation,squared_error,3.6520966495537337,3.14009100080186,5.051136957746311,1299
2022,2023,GIN,disinformation,squared_error,2.4757475230421018,5.541726686277016,7.115177519014443,1299
2022,2023,GMB,disinformation,squared_error,20.715525460460523,5.916795765511409,1.3653646213040709,1299
2022,2023,GNQ,disinformation,squared_error,38.7259529539316,-7.425055317212397,-1.202037323189593,1299
2022,2023,GRC,disinformation,squared_error,4.651422752605616,2.135911319966312,-0.02080441294927482,1299
2022,2023,GTM,disinformation,squared_error,1.946422436356189,3.524304340490133,2.129161897455663,1299
2022,2023,HKG,disinformation,squared_error,15.236359628831421,3.1503446175990177,-0.7530333590811065,1299
2022,2023,HND,disinformation,squared_error,6.7746965043224865,3.5758476045441228,0.9730228881403296,1299
2022,2023,HRV,disinformation,squared_error,11.625275106141812,3.762040927171356,0.3524551596415506,1299
2022,2023,HUN,disinformation,squared_error,2.721883331632949,-0.8171073705134546,0.8327057497013621,1299
2022,2023,IDN,disinformation,squared_error,5.005069931200563,5.048831178555162,2.811629817210912,1299
2022,2023,IND,disinformation,squared_error,12.066919016618971,7.210224629335002,3.73647751467352,1299
2022,2023,IRL,disinformation,squared_error,68.66618080415914,-2.536374093132608,5.75013185353509,1299
2022,2023,IRQ,disinformation,squared_error,7.681042749819508e-06,0.5177055251400731,0.520476994560763,1299
2022,2023,ISL,disinformation,squared_error,22.77218673589401,5.0322597376242015,0.2602384954361483,1299
2022,2023,ISR,disinformation,squared_error,0.06799468803091013,2.062725047316178,1.8019671365427747,1299
2022,2023,ITA,disinformation,squared_error,3.6281118170641107,0.9227965436703158,-0.9819637606892933,1299
2022,2023,JPN,disinformation,squared_error,2.3088812022968144,0.7207853047498105,-0.7987150086087667,1299
2022,2023,KAZ,disinformation,squared_error,6.823534834884916,5.099999999736411,2.4878103368510924,1299
2022,2023,KEN,disinformation,squared_error,13.425438567607339,5.719992412142076,2.0559183725507175,1299
2022,2023,KGZ,disinformation,squared_error,48.46136414219765,9.013292833934202,2.0518731409263413,1299
2022,2023,KHM,disinformation,squared_error,5.0989196814755395,5.007330438118984,2.7492516792012314,1299
2022,2023,KOR,disinformation,squared_error,5.851152462129976,1.583014674036292,-0.8359008809449016,1299
2022,2023,KWT,disinformation,squared_error,5.059590546572828,-1.6408779996887688,0.6084753621850005,1299
2022,2023,LKA,disinformation,squared_error,11.394347293637793,-2.0289296690343974,1.3466217368306936,1299
2022,2023,LSO,disinformation,squared_error,0.022310328931123113,1.6943317760877363,1.544965351041399,1299
2022,2023,LTU,disinformation,squared_error,2.3145924302302925,0.7395373981858029,2.260915862023875,1299
2022,2023,LUX,disinformation,squared_error,15.189105820709074,0.0994370594039111,3.996757397881244,1299
2022,2023,LVA,disinformation,squared_error,9.444665285005732,-0.9416060688236314,2.131611347013675,1299
2022,2023,MAR,disinformation,squared_error,5.204334608898087,3.65564411017931,1.3743430320885448,1299
2022,2023,MDA,disinformation,squared_error,3.3760616138825634,1.18802067937429,-0.6493855396971933,1299
2022,2023,MDG,disinformation,squared_error,5.267037302042196,4.230865806963436,1.9358631267815163,1299
2022,2023,MDV,disinformation,squared_error,22.991398713833192,4.942863012295831,0.1479283189101963,1299
2022,2023,MEX,disinformation,squared_error,2.1281910150762795,3.1067964131456023,1.6479643408781053,1299
2022,2023,MKD,disinformation,squared_error,0.5923273243015046,2.5549652534029974,1.785337210578735,1299
2022,2023,MLT,disinformation,squared_error,32.42157217407689,10.6340558017004,4.940061406367991,1299
2022,2023,MNE,disinformation,squared_error,37.27315227843059,6.478362835185635,0.373188613393878,1299
2022,2023,MNG,disinformation,squared_error,13.001058373410586,7.422112761502504,3.8164147190410187,1299
2022,2023,MOZ,disinformation,squared_error,1.6816381855800215,5.5038445665024085,4.207064636992385,1299
2022,2023,MUS,disinformation,squared_error,2.7792721319281743,4.699181896874435,3.032066984239984,1299
2022,2023,MWI,disinformation,squared_error,3.11202328486728,1.9457528167598357,3.709845582140183,1299
2022,2023,MYS,disinformation,squared_error,3.8182710700807814,3.537063804105699,1.58302412434462,1299
2022,2023,NAM,disinformation,squared_error,21.843476517030854,4.324980488668047,-0.34872002773550737,1299
2022,2023,NIC,disinformation,squared_error,2.335870888083467,4.427793931868834,2.8994383161551784,1299
2022,2023,NLD,disinformation,squared_error,6.643101954386706,-0.5980610175802781,1.97936055336746,1299
2022,2023,NOR,disinformation,squared_error,0.29695853157390356,0.3526955813197645,0.8976345977004083,1299
2022,2023,NPL,disinformation,squared_error,0.015217111718295649,1.9825484346184936,2.1059060923390245,1299
2022,2023,PAK,disinformation,squared_error,11.948255967113692,-0.4149359970884063,3.041688941650781,1299
2022,2023,PAN,disinformation,squared_error,52.81387590331061,7.1663401639066535,-0.10097542737673404,1299
2022,2023,PER,disinformation,squared_error,6.182585473329484,-0.3506998143457593,2.135780725157714,1299
2022,2023,PHL,disinformation,squared_error,4.497380981346178,5.518949678560432,3.398246733462704,1299
2022,2023,POL,disinformation,squared_error,9.300348183783921,0.2496108340178722,3.299258056859216,1299
2022,2023,PRT,disinformation,squared_error,3.470889435334966,3.099987459042808,1.2369551363669595,1299
2022,2023,PRY,disinformation,squared_error,13.21737455820742,5.28584584975323,1.6502751162634492,1299
2022,2023,PSE,disinformation,squared_error,12.547335406460398,-0.97217780620403,2.570044011590615,1299
2022,2023,ROU,disinformation,squared_error,2.4367464117984663,2.257734165551213,0.6967260259829189,1299
2022,2023,RUS,disinformation,squared_error,11.85079856819399,4.066613958130233,0.6241150738611343,1299
2022,2023,RWA,disinformation,squared_error,17.74575600188522,8.559642929141532,4.347071742575634,1299
2022,2023,SGP,disinformation,squared_error,0.8021349599631593,1.4502677588956487,0.5546478841925695,1299
2022,2023,SLB,disinformation,squared_error,0.5184389897730244,2.841118511548075,2.1210914358259014,1299
2022,2023,SLV,disinformation,squared_error,7.920726793306434,3.355087216461655,0.5407086361518854,1299
2022,2023,SVK,disinformation,squared_error,2.0192786774424105,2.112636332149592,0.6916230748425356,1299
2022,2023,SVN,disinformation,squared_error,0.47102606606884967,2.375832664838498,3.0621460524893944,1299
2022,2023,SWE,disinformation,squared_error,1.7615109385011054,-0.2040613048914394,1.1231579454591216,1299
2022,2023,TCD,disinformation,squared_error,0.2855005664250201,3.9986130946153935,3.464290564279062,1299
2022,2023,THA,disinformation,squared_error,5.26310511755866,2.248834379705684,-0.04531145645178691,1299
2022,2023,TUR,disinformation,squared_error,2.150247695382695,5.045123698122893,3.5787514072694773,1299
2022,2023,TZA,disinformation,squared_error,0.5395943697940179,5.069523532033941,4.334952657445234,1299
2022,2023,UGA,disinformation,squared_error,0.30292348869967756,5.336972955114689,4.786588100036283,1299
2022,2023,UKR,disinformation,squared_error,22.098864954565588,5.534733549633344,0.8337905639584928,1299
2022,2023,URY,disinformation,squared_error,0.6979492765127678,0.7617492413216809,-0.07368434461604512,1299
2022,2023,USA,disinformation,squared_error,11.043196053223904,2.934363224401551,-0.38876723545462255,1299
2022,2023,UZB,disinformation,squared_error,4.720771064519158,6.316030042019264,4.143296495419691,1299
2022,2023,VNM,disinformation,squared_error,0.4829583677239341,4.978659594832251,4.28370753337482,1299
2022,2023,XKX,disinformation,squared_error,6.758951178532458,4.067627014364376,1.4678287186244052,1299
2022,2023,ZAF,disinformation,squared_error,3.3741449869083975,0.8061045509580396,2.642989138216694,1299
2022,2023,ZMB,disinformation,squared_error,1.0536282525499996,5.36794285493059,4.341478899133797,1299
2022,2023,AGO,disinformation,pinball_0.1,0.4565947133333172,1.320165870810314,-3.2457812625228577,1299
2022,2023,ALB,disinformation,pinball_0.1,1.283702498367697,4.01541716935742,-8.821607814319549,1299
2022,2023,ARE,disinformation,pinball_0.1,1.2297069049572866,4.301136484994132,-7.995932564578734,1299
2022,2023,ARG,disinformation,pinball_0.1,1.0838234635853294,-1.855788030463387,-12.69402266631668,1299
2022,2023,ARM,disinformation,pinball_0.1,1.3668778813749047,8.299999999595386,-5.368778814153661,1299
2022,2023,AUS,disinformation,pinball_0.1,0.43521014483328746,3.583821007989812,-0.7682804403430623,1299
2022,2023,AUT,disinformation,pinball_0.1,0.44005951477052146,-0.7862442885946734,-5.186839436299888,1299
2022,2023,BEL,disinformation,pinball_0.1,0.6049625964860493,1.5612553954202897,-4.488370569440203,1299
2022,2023,BGD,disinformation,pinball_0.1,0.9897445215288635,5.775112370078887,-4.122332845209748,1299
2022,2023,BGR,disinformation,pinball_0.1,0.9662755971008125,1.681510758329253,-7.981245212678871,1299
2022,2023,BIH,disinformation,pinball_0.1,1.3049642414615776,1.9943941485089312,-11.055248266106844,1299
2022,2023,BLR,disinformation,pinball_0.1,0.7741099533991787,4.1265400715388125,-3.6145594624529735,1299
2022,2023,BOL,disinformation,pinball_0.1,0.5300207510640421,2.516365901548909,-2.783841609091512,1299
2022,2023,BRA,disinformation,pinball_0.1,0.6293478938339135,3.2416553290698147,-3.05182360926932,1299
2022,2023,BTN,disinformation,pinball_0.1,0.7262625087232245,4.632157029699329,-2.630468057532916,1299
2022,2023,BWA,disinformation,pinball_0.1,1.3542579026320523,3.2080681222443843,-10.334510904076136,1299
2022,2023,CAF,disinformation,pinball_0.1,1.1207273447329436,0.6999684007605396,-10.507305046568895,1299
2022,2023,CHL,disinformation,pinball_0.1,0.9688516602202665,0.6770248315958582,-9.011491770606806,1299
2022,2023,CHN,disinformation,pinball_0.1,0.9381828040100679,5.41600334492955,-3.96582469517113,1299
2022,2023,CMR,disinformation,pinball_0.1,0.06649512022957396,3.347562907502194,2.6826117052064546,1299
2022,2023,COG,disinformation,pinball_0.1,0.2697800142553785,1.90686426346754,-0.7909358790862449,1299
2022,2023,COL,disinformation,pinball_0.1,0.6580315070293103,0.8418195557520392,-5.738495514541064,1299
2022,2023,COM,disinformation,pinball_0.1,0.277435709934397,3.186613180055403,0.41225608071143327,1299
2022,2023,CRI,disinformation,pinball_0.1,0.9647457074204638,4.79187732359398,-4.855579750610659,1299
2022,2023,CYP,disinformation,pinball_0.1,0.9255558377228944,3.620453682360818,-5.635104694868126,1299
2022,2023,CZE,disinformation,pinball_0.1,0.4213506831826756,0.0475803308973752,-4.16592650092938,1299
2022,2023,DJI,disinformation,pinball_0.1,0.7914930237832964,6.807335294033081,-1.1075949437998833,1299
2022,2023,DNK,disinformation,pinball_0.1,0.3593624551672626,0.6045877661755839,-2.989036785497042,1299
2022,2023,DOM,disinformation,pinball_0.1,1.2613268363631303,2.1922984823793854,-10.420969881251917,1299
2022,2023,DZA,disinformation,pinball_0.1,0.32999008448155004,4.100000000059637,0.800099155244137,1299
2022,2023,ECU,disinformation,pinball_0.1,0.6772758783813769,1.832840610778803,-4.939918173034966,1299
2022,2023,ESP,disinformation,pinball_0.1,1.3898553141622607,2.46085796805582,-11.437695173566787,1299
2022,2023,EST,disinformation,pinball_0.1,0.16702855405193762,-2.7442191457123077,-4.414504686231684,1299
2022,2023,FIN,disinformation,pinball_0.1,0.22845275564458448,-1.2897348445339674,-3.574262400979812,1299
2022,2023,FJI,disinformation,pinball_0.1,1.0618638650507939,9.442458567383127,-1.1761800831248106,1299
2022,2023,FRA,disinformation,pinball_0.1,0.5444532487806889,1.4392149443774258,-4.005317543429463,1299
2022,2023,GAB,disinformation,pinball_0.1,0.20224354514450754,2.4389366504103123,2.663651700570876,1299
2022,2023,GBR,disinformation,pinball_0.1,0.6733045459220133,0.2716500483552551,-6.461395410864878,1299
2022,2023,GEO,disinformation,pinball_0.1,1.4509672486226695,7.832201265557259,-6.677471220669436,1299
2022,2023,GHA,disinformation,pinball_0.1,0.3088933861646023,3.14009100080186,0.05115713915583697,1299
2022,2023,GIN,disinformation,pinball_0.1,0.5723856166086904,5.541726686277016,-0.18212947980988758,1299
2022,2023,GMB,disinformation,pinball_0.1,1.0227003332151292,5.916795765511409,-4.310207566639882,1299
2022,2023,GNQ,disinformation,pinball_0.1,6.994720882973538,-7.425055317212397,0.3468567749804228,1299
2022,2023,GRC,disinformation,pinball_0.1,0.9882794431786004,2.135911319966312,-7.746883111819692,1299
2022,2023,GTM,disinformation,pinball_0.1,0.6023956042584073,3.524304340490133,-2.4996517020939404,1299
2022,2023,HKG,disinformation,pinball_0.1,0.7522947036731378,3.1503446175990177,-4.37260241913236,1299
2022,2023,HND,disinformation,pinball_0.1,1.5663444243480928,3.5758476045441228,-12.087596638936805,1299
2022,2023,HRV,disinformation,pinball_0.1,1.6788402324423348,3.762040927171356,-13.026361397251991,1299
2022,2023,HUN,disinformation,pinball_0.1,0.661497624970483,-0.8171073705134546,-7.432083620218284,1299
2022,2023,IDN,disinformation,pinball_0.1,0.5384868889627431,5.048831178555162,-0.33603771107226876,1299
2022,2023,IND,disinformation,pinball_0.1,1.483450241082369,7.210224629335002,-7.624277781488686,1299
2022,2023,IRL,disinformation,pinball_0.1,1.0261550892569506,-2.536374093132608,-12.797924985702114,1299
2022,2023,IRQ,disinformation,pinball_0.1,0.9529308706153657,0.5177055251400731,-9.011603181013584,1299
2022,2023,ISL,disinformation,pinball_0.1,1.0796109371454274,5.0322597376242015,-5.763849633830073,1299
2022,2023,ISR,disinformation,pinball_0.1,0.639657901930605,2.062725047316178,-4.333853971989871,1299
2022,2023,ITA,disinformation,pinball_0.1,0.6781894034987715,0.9227965436703158,-5.859097491317399,1299
2022,2023,JPN,disinformation,pinball_0.1,0.414046952467616,0.7207853047498105,-3.4196842199263493,1299
2022,2023,KAZ,disinformation,pinball_0.1,0.8201263541719932,5.099999999736411,-3.1012635419835206,1299
2022,2023,KEN,disinformation,pinball_0.1,0.7696120315874165,5.719992412142076,-1.9761279037320882,1299
2022,2023,KGZ,disinformation,pinball_0.1,1.5081487227356587,9.013292833934202,-6.0681943934223845,1299
2022,2023,KHM,disinformation,pinball_0.1,0.8105830408731244,5.007330438118984,-3.0984999706122593,1299
2022,2023,KOR,disinformation,pinball_0.1,0.4718272248805846,1.583014674036292,-3.135257574769554,1299
2022,2023,KWT,disinformation,pinball_0.1,0.10785697441430209,-1.6408779996887688,-2.7194477438317897,1299
2022,2023,LKA,disinformation,pinball_0.1,0.16671266865002787,-2.0289296690343974,-3.696056355534676,1299
2022,2023,LSO,disinformation,pinball_0.1,0.21049418068405892,1.6943317760877363,-0.41061003075285285,1299
2022,2023,LTU,disinformation,pinball_0.1,0.5568973399293082,0.7395373981858029,-4.829436001107279,1299
2022,2023,LUX,disinformation,pinball_0.1,0.009768197543411003,0.0994370594039111,0.0017550839698010634,1299
2022,2023,LVA,disinformation,pinball_0.1,0.47801723604552127,-0.9416060688236314,-5.721778429278844,1299
2022,2023,MAR,disinformation,pinball_0.1,1.209156620936264,3.65564411017931,-8.43592209918333,1299
2022,2023,MDA,disinformation,pinball_0.1,1.3559200768854318,1.18802067937429,-12.371180089480028,1299
2022,2023,MDG,disinformation,pinball_0.1,0.8144449669145744,4.230865806963436,-3.913583862182307,1299
2022,2023,MDV,disinformation,pinball_0.1,4.241815319265726,4.942863012295831,-37.47529018036143,1299
2022,2023,MEX,disinformation,pinball_0.1,1.0911756158800763,3.1067964131456023,-7.804959745655159,1299
2022,2023,MKD,disinformation,pinball_0.1,0.9377082902850028,2.5549652534029974,-6.822117649447031,1299
2022,2023,MLT,disinformation,pinball_0.1,2.04593273652663,10.6340558017004,-9.825271563565895,1299
2022,2023,MNE,disinformation,pinball_0.1,1.651932131432037,6.478362835185635,-10.040958479134733,1299
2022,2023,MNG,disinformation,pinball_0.1,0.9961186365196859,7.422112761502504,-2.539073603694355,1299
2022,2023,MOZ,disinformation,pinball_0.1,0.48631226721685084,5.5038445665024085,0.6407218943339004,1299
2022,2023,MUS,disinformation,pinball_0.1,0.3758138217129503,4.699181896874435,0.9410436797449329,1299
2022,2023,MWI,disinformation,pinball_0.1,0.17645407558615178,1.9457528167598357,0.18121206089831787,1299
2022,2023,MYS,disinformation,pinball_0.1,0.8317139101491474,3.537063804105699,-4.780075297385775,1299
2022,2023,NAM,disinformation,pinball_0.1,1.044232785619228,4.324980488668047,-6.11734736752423,1299
2022,2023,NIC,disinformation,pinball_0.1,0.8500080185321661,4.427793931868834,-4.072286253452827,1299
2022,2023,NLD,disinformation,pinball_0.1,0.24392806391763316,-0.5980610175802781,-3.0373416567566096,1299
2022,2023,NOR,disinformation,pinball_0.1,0.24920491575608247,0.3526955813197645,-2.13935357624106,1299
2022,2023,NPL,disinformation,pinball_0.1,0.5316086649642238,1.9825484346184936,-3.3335382150237436,1299
2022,2023,PAK,disinformation,pinball_0.1,0.03641306644193421,-0.4149359970884063,-0.7790666615077484,1299
2022,2023,PAN,disinformation,pinball_0.1,1.0420565907362922,7.1663401639066535,-3.254225743456267,1299
2022,2023,PER,disinformation,pinball_0.1,0.18581958978903546,-0.3506998143457593,-2.2088957122361137,1299
2022,2023,PHL,disinformation,pinball_0.1,1.0908667961073404,5.518949678560432,-5.3897182825129715,1299
2022,2023,POL,disinformation,pinball_0.1,0.6597820816842761,0.2496108340178722,-6.348209982824889,1299
2022,2023,PRT,disinformation,pinball_0.1,0.6891583136256948,3.099987459042808,-3.79159567721414,1299
2022,2023,PRY,disinformation,pinball_0.1,0.9768433564204589,5.28584584975323,-4.482587714451359,1299
2022,2023,PSE,disinformation,pinball_0.1,0.6665134870112664,-0.97217780620403,-0.23160726508040064,1299
2022,2023,ROU,disinformation,pinball_0.1,1.1032442163042566,2.257734165551213,-8.774707997491353,1299
2022,2023,RUS,disinformation,pinball_0.1,0.7759989932761638,4.066613958130233,-3.6933759746314045,1299
2022,2023,RWA,disinformation,pinball_0.1,1.0544052769470313,8.559642929141532,-1.9844098403287802,1299
2022,2023,SGP,disinformation,pinball_0.1,0.8398069175770211,1.4502677588956487,-6.947801416874562,1299
2022,2023,SLB,disinformation,pinball_0.1,0.13082852902570216,2.841118511548075,1.5328332212910531,1299
2022,2023,SLV,disinformation,pinball_0.1,0.8788207060300106,3.355087216461655,-5.433119843838451,1299
2022,2023,SVK,disinformation,pinball_0.1,0.9343946138527284,2.112636332149592,-7.231309806377691,1299
2022,2023,SVN,disinformation,pinball_0.1,0.8071499029734319,2.375832664838498,-5.695666364895821,1299
2022,2023,SWE,disinformation,pinball_0.1,0.36429925108174077,-0.2040613048914394,-3.847053815708847,1299
2022,2023,TCD,disinformation,pinball_0.1,0.26666676774490805,3.9986130946153935,1.3319454171663132,1299
2022,2023,THA,disinformation,pinball_0.1,0.8628496036810329,2.248834379705684,-6.379661657104646,1299
2022,2023,TUR,disinformation,pinball_0.1,0.9866499778398229,5.045123698122893,-4.821376080275336,1299
2022,2023,TZA,disinformation,pinball_0.1,0.5952051882625703,5.069523532033941,-0.8825283505917625,1299
2022,2023,UGA,disinformation,pinball_0.1,0.3223843185487468,5.336972955114689,2.1131297696272213,1299
2022,2023,UKR,disinformation,pinball_0.1,1.2684937866199415,5.534733549633344,-7.15020431656607,1299
2022,2023,URY,disinformation,pinball_0.1,0.8654896262609335,0.7617492413216809,-7.893147021287653,1299
2022,2023,USA,disinformation,pinball_0.1,0.8684282267202712,2.934363224401551,-5.74991904280116,1299
2022,2023,UZB,disinformation,pinball_0.1,0.7106615072190238,6.316030042019264,-0.7905850301709734,1299
2022,2023,VNM,disinformation,pinball_0.1,0.743185366483671,4.978659594832251,-2.453194070004457,1299
2022,2023,XKX,disinformation,pinball_0.1,1.22350140059966,4.067627014364376,-8.167386991632224,1299
2022,2023,ZAF,disinformation,pinball_0.1,0.34547522307493683,0.8061045509580396,1.1899659099301916,1299
2022,2023,ZMB,disinformation,pinball_0.1,0.72468681389648,5.36794285493059,-1.87892528403421,1299
2022,2023,AGO,disinformation,pinball_0.5,0.16258239747991388,1.320165870810314,0.9950010758504861,1299
2022,2023,ALB,disinformation,pinball_0.5,2.1477085298130323,4.01541716935742,-0.2799998902686447,1299
2022,2023,ARE,disinformation,pinball_0.5,1.3456618228080401,4.301136484994132,1.6098128393780513,1299
2022,2023,ARG,disinformation,pinball_0.5,5.492489384387539,-1.855788030463387,9.12919073831169,1299
2022,2023,ARM,disinformation,pinball_0.5,2.6583862431439353,8.299999999595386,2.983227513307515,1299
2022,2023,AUS,disinformation,pinball_0.5,0.5922309021085148,3.583821007989812,2.3993592037727822,1299
2022,2023,AUT,disinformation,pinball_0.5,0.9708555130007657,-0.7862442885946734,1.155466737406858,1299
2022,2023,BEL,disinformation,pinball_0.5,0.06099806854186307,1.5612553954202897,1.4392592583365635,1299
2022,2023,BGD,disinformation,pinball_0.5,0.11379034293653545,5.775112370078887,5.547531684205816,1299
2022,2023,BGR,disinformation,pinball_0.5,0.12933212385644088,1.681510758329253,1.9401750060421348,1299
2022,2023,BIH,disinformation,pinball_0.5,0.4684168134774853,1.9943941485089312,2.931227775463902,1299
2022,2023,BLR,disinformation,pinball_0.5,0.5859095153752998,4.1265400715388125,5.298359102289412,1299
2022,2023,BOL,disinformation,pinball_0.5,0.06903778215205847,2.516365901548909,2.378290337244792,1299
2022,2023,BRA,disinformation,pinball_0.5,0.10212923434839327,3.2416553290698147,3.4459137977666012,1299
2022,2023,BTN,disinformation,pinball_0.5,0.8656185126546547,4.632157029699329,2.900920004390019,1299
2022,2023,BWA,disinformation,pinball_0.5,0.4205542439651495,3.2080681222443843,4.049176610174683,1299
2022,2023,CAF,disinformation,pinball_0.5,1.05249383866356,0.6999684007605396,2.8049560780876597,1299
2022,2023,CHL,disinformation,pinball_0.5,1.0950335430981655,0.6770248315958582,2.867091917792189,1299
2022,2023,CHN,disinformation,pinball_0.5,1.4167018654878207,5.41600334492955,2.5825996139539082,1299
2022,2023,CMR,disinformation,pinball_0.5,0.5073928195766513,3.347562907502194,4.362348546655497,1299
2022,2023,COG,disinformation,pinball_0.5,0.5325360898772189,1.90686426346754,0.8417920837131021,1299
2022,2023,COL,disinformation,pinball_0.5,0.7238140578694137,0.8418195557520392,2.2894476714908665,1299
2022,2023,COM,disinformation,pinball_0.5,0.03542837421090628,3.186613180055403,3.2574699284772155,1299
2022,2023,CRI,disinformation,pinball_0.5,1.0361481547511713,4.79187732359398,2.719581014091638,1299
2022,2023,CYP,disinformation,pinball_0.5,3.3299292505094176,3.620453682360818,10.280312183379653,1299
2022,2023,CZE,disinformation,pinball_0.5,0.9625368444393909,0.0475803308973752,1.972654019776157,1299
2022,2023,DJI,disinformation,pinball_0.5,1.1402705003109697,6.807335294033081,4.526794293411141,1299
2022,2023,DNK,disinformation,pinball_0.5,0.8203587384401505,0.6045877661755839,2.245305243055885,1299
2022,2023,DOM,disinformation,pinball_0.5,0.8100000894459347,2.1922984823793854,0.572298303487516,1299
2022,2023,DZA,disinformation,pinball_0.5,0.9070595939592874,4.100000000059637,2.2858808121410625,1299
2022,2023,ECU,disinformation,pinball_0.5,0.6202629276606533,1.832840610778803,0.5923147554574962,1299
2022,2023,ESP,disinformation,pinball_0.5,0.5026907134860463,2.46085796805582,3.4662393950279125,1299
2022,2023,EST,disinformation,pinball_0.5,2.9828878920902158,-2.7442191457123077,3.2215566384681233,1299
2022,2023,FIN,disinformation,pinball_0.5,1.105928081761248,-1.2897348445339674,0.9221213189885287,1299
2022,2023,FJI,disinformation,pinball_0.5,6.016154223784408,9.442458567383127,-2.589849880185689,1299
2022,2023,FRA,disinformation,pinball_0.5,0.7998376931423525,1.4392149443774258,-0.16046044190727926,1299
2022,2023,GAB,disinformation,pinball_0.5,0.6763258572843682,2.4389366504103123,3.7915883649790487,1299
2022,2023,GBR,disinformation,pinball_0.5,1.2656585827006337,0.2716500483552551,2.8029672137565225,1299
2022,2023,GEO,disinformation,pinball_0.5,2.6247965736576337,7.832201265557259,2.5826081182419918,1299
2022,2023,GHA,disinformation,pinball_0.5,1.9117032286091966,3.14009100080186,6.963497458020253,1299
2022,2023,GIN,disinformation,pinball_0.5,0.3799126056205506,5.541726686277016,6.3015518975181175,1299
2022,2023,GMB,disinformation,pinball_0.5,2.037408977755028,5.916795765511409,1.841977810001353,1299
2022,2023,GNQ,disinformation,pinball_0.5,1.5552146109925005,-7.425055317212397,-4.314626095227396,1299
2022,2023,GRC,disinformation,pinball_0.5,0.2845149599403849,2.135911319966312,1.566881400085542,1299
2022,2023,GTM,disinformation,pinball_0.5,0.11175116265506602,3.524304340490133,3.300802015180001,1299
2022,2023,HKG,disinformation,pinball_0.5,1.3517490461469315,3.1503446175990177,0.4468465253051548,1299
2022,2023,HND,disinformation,pinball_0.5,0.6874264529439045,3.5758476045441228,2.200994698656314,1299
2022,2023,HRV,disinformation,pinball_0.5,1.206704454676421,3.762040927171356,1.348632017818514,1299
2022,2023,HUN,disinformation,pinball_0.5,1.9182540051528616,-0.8171073705134546,3.0194006397922686,1299
2022,2023,IDN,disinformation,pinball_0.5,0.8086958948524501,5.048831178555162,3.4314393888502615,1299
2022,2023,IND,disinformation,pinball_0.5,0.6773494969950979,7.210224629335002,5.855525635344806,1299
2022,2023,IRL,disinformation,pinball_0.5,3.8699901665440697,-2.536374093132608,5.203606239955531,1299
2022,2023,IRQ,disinformation,pinball_0.5,0.7831804818597987,0.5177055251400731,2.0840664888596705,1299
2022,2023,ISL,disinformation,pinball_0.5,1.6801549308072632,5.0322597376242015,1.6719498760096752,1299
2022,2023,ISR,disinformation,pinball_0.5,0.37262187739918406,2.062725047316178,2.807968802114546,1299
2022,2023,ITA,disinformation,pinball_0.5,0.4325801732487031,0.9227965436703158,0.057636197172909576,1299
2022,2023,JPN,disinformation,pinball_0.5,0.3413502747510191,0.7207853047498105,0.03808475524777233,1299
2022,2023,KAZ,disinformation,pinball_0.5,0.6074974789802059,5.099999999736411,3.8850050417759996,1299
2022,2023,KEN,disinformation,pinball_0.5,1.2729576194865466,5.719992412142076,3.174077173168983,1299
2022,2023,KGZ,disinformation,pinball_0.5,2.994614583536771,9.013292833934202,3.02406366686066,1299
2022,2023,KHM,disinformation,pinball_0.5,1.2806911345603995,5.007330438118984,2.4459481689981852,1299
2022,2023,KOR,disinformation,pinball_0.5,1.192770867506928,1.583014674036292,-0.8025270609775639,1299
2022,2023,KWT,disinformation,pinball_0.5,1.357319567538113,-1.6408779996887688,1.073761135387457,1299
2022,2023,LKA,disinformation,pinball_0.5,2.2989019174543515,-2.0289296690343974,2.568874165874305,1299
2022,2023,LSO,disinformation,pinball_0.5,0.7630467104623659,1.6943317760877363,3.220425197012468,1299
2022,2023,LTU,disinformation,pinball_0.5,0.930546192513503,0.7395373981858029,2.600629783212809,1299
2022,2023,LUX,disinformation,pinball_0.5,1.146902329348964,0.0994370594039111,2.393241718101839,1299
2022,2023,LVA,disinformation,pinball_0.5,1.9906149246897424,-0.9416060688236314,3.0396237805558535,1299
2022,2023,MAR,disinformation,pinball_0.5,0.9145512919831345,3.65564411017931,1.826541526213041,1299
2022,2023,MDA,disinformation,pinball_0.5,0.6125973971350722,1.18802067937429,-0.037174114895854427,1299
2022,2023,MDG,disinformation,pinball_0.5,0.8267387349170767,4.230865806963436,2.5773883371292827,1299
2022,2023,MDV,disinformation,pinball_0.5,2.170344421352995,4.942863012295831,0.6021741695898406,1299
2022,2023,MEX,disinformation,pinball_0.5,0.08749079228221279,3.1067964131456023,2.9318148285811767,1299
2022,2023,MKD,disinformation,pinball_0.5,0.1522239404485699,2.5549652534029974,2.2505173725058576,1299
2022,2023,MLT,disinformation,pinball_0.5,2.316183909792251,10.6340558017004,6.001687982115898,1299
2022,2023,MNE,disinformation,pinball_0.5,1.6466420070775598,6.478362835185635,3.1850788210305154,1299
2022,2023,MNG,disinformation,pinball_0.5,2.2448899727695673,7.422112761502504,2.9323328159633695,1299
2022,2023,MOZ,disinformation,pinball_0.5,0.4908722456498653,5.5038445665024085,4.522100075202678,1299
2022,2023,MUS,disinformation,pinball_0.5,0.03234136280551736,4.699181896874435,4.76386462248547,1299
2022,2023,MWI,disinformation,pinball_0.5,1.5451419708360477,1.9457528167598357,5.036036758431931,1299
2022,2023,MYS,disinformation,pinball_0.5,0.10283483096728485,3.537063804105699,3.742733466040269,1299
2022,2023,NAM,disinformation,pinball_0.5,1.9543154799422884,4.324980488668047,0.41634952878347065,1299
2022,2023,NIC,disinformation,pinball_0.5,0.2882683347235364,4.427793931868834,5.004330601315907,1299
2022,2023,NLD,disinformation,pinball_0.5,1.6733017012715754,-0.5980610175802781,2.7485423849628727,1299
2022,2023,NOR,disinformation,pinball_0.5,0.31173846584098275,0.3526955813197645,0.97617251300173,1299
2022,2023,NPL,disinformation,pinball_0.5,1.4801377616297664,1.9825484346184936,4.942823957878026,1299
2022,2023,PAK,disinformation,pinball_0.5,1.641270089291472,-0.4149359970884063,2.8676041814945377,1299
2022,2023,PAN,disinformation,pinball_0.5,2.707358049150463,7.1663401639066535,1.7516240656057276,1299
2022,2023,PER,disinformation,pinball_0.5,1.849868174537109,-0.3506998143457593,3.3490365347284587,1299
2022,2023,PHL,disinformation,pinball_0.5,0.12713546534758535,5.518949678560432,5.773220609255603,1299
2022,2023,POL,disinformation,pinball_0.5,2.5337998721908037,0.2496108340178722,5.31721057839948,1299
2022,2023,PRT,disinformation,pinball_0.5,0.16850608565732106,3.099987459042808,2.7629752877281657,1299
2022,2023,PRY,disinformation,pinball_0.5,1.4868611324655707,5.28584584975323,2.3121235848220882,1299
2022,2023,PSE,disinformation,pinball_0.5,2.169759455540538,-0.97217780620403,3.3673411048770463,1299
2022,2023,ROU,disinformation,pinball_0.5,0.14144311416788824,2.257734165551213,2.5406203938869893,1299
2022,2023,RUS,disinformation,pinball_0.5,1.4142873406716072,4.066613958130233,1.2380392767870187,1299
2022,2023,RWA,disinformation,pinball_0.5,1.785217358912695,8.559642929141532,4.989208211316142,1299
2022,2023,SGP,disinformation,pinball_0.5,0.24216032290994471,1.4502677588956487,1.9345884047155382,1299
2022,2023,SLB,disinformation,pinball_0.5,0.05973665104394543,2.841118511548075,2.721645209460184,1299
2022,2023,SLV,disinformation,pinball_0.5,0.8725006841616918,3.355087216461655,1.6100858481382714,1299
2022,2023,SVK,disinformation,pinball_0.5,0.24687148701237294,2.112636332149592,1.6188933581248461,1299
2022,2023,SVN,disinformation,pinball_0.5,1.345341527123475,2.375832664838498,5.066515719085448,1299
2022,2023,SWE,disinformation,pinball_0.5,1.1574150565378325,-0.2040613048914394,2.1107688081842255,1299
2022,2023,TCD,disinformation,pinball_0.5,0.09172662619085825,3.9986130946153935,4.18206634699711,1299
2022,2023,THA,disinformation,pinball_0.5,0.47191463324823135,2.248834379705684,1.305005113209221,1299
2022,2023,TUR,disinformation,pinball_0.5,0.11576978352953393,5.045123698122893,4.813584131063825,1299
2022,2023,TZA,disinformation,pinball_0.5,0.21191724914393806,5.069523532033941,5.493358030321817,1299
2022,2023,UGA,disinformation,pinball_0.5,0.20697825502235467,5.336972955114689,5.750929465159398,1299
2022,2023,UKR,disinformation,pinball_0.5,1.1178826031727693,5.534733549633344,3.2989683432878056,1299
2022,2023,URY,disinformation,pinball_0.5,0.3380758867034275,0.7617492413216809,0.08559746791482592,1299
2022,2023,USA,disinformation,pinball_0.5,1.0353779720681588,2.934363224401551,0.8636072802652333,1299
2022,2023,UZB,disinformation,pinball_0.5,0.9262026172201576,6.316030042019264,4.463624807578949,1299
2022,2023,VNM,disinformation,pinball_0.5,0.6824412204351402,4.978659594832251,3.613777153961971,1299
2022,2023,XKX,disinformation,pinball_0.5,0.7476113151167318,4.067627014364376,2.5724043841309125,1299
2022,2023,ZAF,disinformation,pinball_0.5,0.981340758548713,0.8061045509580396,2.7687860680554657,1299
2022,2023,ZMB,disinformation,pinball_0.5,0.31970894293763186,5.36794285493059,4.728524969055326,1299
2022,2023,AGO,disinformation,pinball_0.9,0.5920865501808749,1.320165870810314,0.6622919261648974,1299
2022,2023,ALB,disinformation,pinball_0.9,0.0783062447479148,4.01541716935742,4.798479616836568,1299
2022,2023,ARE,disinformation,pinball_0.9,0.02510957928207853,4.301136484994132,4.273236952458489,1299
2022,2023,ARG,disinformation,pinball_0.9,1.0252216040732074,-1.855788030463387,8.39642801026869,1299
2022,2023,ARM,disinformation,pinball_0.9,0.4319954333121677,8.299999999595386,7.820005073692977,1299
2022,2023,AUS,disinformation,pinball_0.9,0.0030273428853083923,3.583821007989812,3.6140944368428958,1299
2022,2023,AUT,disinformation,pinball_0.9,0.39232186881510617,-0.7862442885946734,3.1369743995563892,1299
2022,2023,BEL,disinformation,pinball_0.9,0.09594158799621381,1.5612553954202897,2.520671275382428,1299
2022,2023,BGD,disinformation,pinball_0.9,0.30980929656654077,5.775112370078887,8.873205335744295,1299
2022,2023,BGR,disinformation,pinball_0.9,0.3206657423297914,1.681510758329253,4.888168181627168,1299
2022,2023,BIH,disinformation,pinball_0.9,0.5942144336297502,1.9943941485089312,7.936538484806435,1299
2022,2023,BLR,disinformation,pinball_0.9,0.03801437000064344,4.1265400715388125,4.506683771545247,1299
2022,2023,BOL,disinformation,pinball_0.9,0.19544928898039618,2.516365901548909,4.470858791352871,1299
2022,2023,BRA,disinformation,pinball_0.9,0.3314753897420946,3.2416553290698147,6.556409226490762,1299
2022,2023,BTN,disinformation,pinball_0.9,0.08027502418936726,4.632157029699329,5.434907271593001,1299
2022,2023,BWA,disinformation,pinball_0.9,0.7669815609356956,3.2080681222443843,10.877883731601342,1299
2022,2023,CAF,disinformation,pinball_0.9,0.478716400235242,0.6999684007605396,5.487132403112961,1299
2022,2023,CHL,disinformation,pinball_0.9,0.5942123176705447,0.6770248315958582,6.619148008301307,1299
2022,2023,CHN,disinformation,pinball_0.9,0.1941325074827494,5.41600334492955,7.357328419757044,1299
2022,2023,CMR,disinformation,pinball_0.9,0.24861156028557832,3.347562907502194,5.833678510357978,1299
2022,2023,COG,disinformation,pinball_0.9,0.3589731600967256,1.90686426346754,5.496595864434797,1299
2022,2023,COL,disinformation,pinball_0.9,0.5164934980909738,0.8418195557520392,6.006754536661778,1299
2022,2023,COM,disinformation,pinball_0.9,0.12339806543829661,3.186613180055403,4.420593834438369,1299
2022,2023,CRI,disinformation,pinball_0.9,0.04740253869790293,4.79187732359398,5.26590271057301,1299
2022,2023,CYP,disinformation,pinball_0.9,1.3967740650259,3.620453682360818,17.58819433261982,1299
2022,2023,CZE,disinformation,pinball_0.9,0.5005518942867183,0.0475803308973752,5.053099273764559,1299
2022,2023,DJI,disinformation,pinball_0.9,0.0967611937665123,6.807335294033081,7.774947231698204,1299
2022,2023,DNK,disinformation,pinball_0.9,0.32582722415860993,0.6045877661755839,3.862860007761684,1299
2022,2023,DOM,disinformation,pinball_0.9,0.9051599039471693,2.1922984823793854,11.24389752185108,1299
2022,2023,DZA,disinformation,pinball_0.9,0.8652950182924245,4.100000000059637,3.1385610908458323,1299
2022,2023,ECU,disinformation,pinball_0.9,0.35475708697262986,1.832840610778803,5.380411480505102,1299
2022,2023,ESP,disinformation,pinball_0.9,0.3945117281659608,2.46085796805582,6.4059752497154285,1299
2022,2023,EST,disinformation,pinball_0.9,1.0634341744134188,-2.7442191457123077,7.890122598421883,1299
2022,2023,FIN,disinformation,pinball_0.9,0.3678900142043813,-1.2897348445339674,2.3891652975098463,1299
2022,2023,FJI,disinformation,pinball_0.9,9.448353355044421,9.442458567383127,-1.0557118271106736,1299
2022,2023,FRA,disinformation,pinball_0.9,0.9148029750779298,1.4392149443774258,0.4227671942908371,1299
2022,2023,GAB,disinformation,pinball_0.9,0.33889965479807566,2.4389366504103123,5.82793319839107,1299
2022,2023,GBR,disinformation,pinball_0.9,0.46532494776201166,0.2716500483552551,4.9248995259753725,1299
2022,2023,GEO,disinformation,pinball_0.9,0.9722406719426376,7.832201265557259,6.751933852287662,1299
2022,2023,GHA,disinformation,pinball_0.9,0.9014679780984668,3.14009100080186,12.15477078178653,1299
2022,2023,GIN,disinformation,pinball_0.9,0.7448642094757,5.541726686277016,12.990368781034018,1299
2022,2023,GMB,disinformation,pinball_0.9,0.017616156506690836,5.916795765511409,6.092957330578318,1299
2022,2023,GNQ,disinformation,pinball_0.9,0.6367788087342682,-7.425055317212397,-1.0572672298697137,1299
2022,2023,GRC,disinformation,pinball_0.9,0.2680208832471906,2.135911319966312,4.816120152438218,1299
2022,2023,GTM,disinformation,pinball_0.9,0.04869610256263267,3.524304340490133,4.01126536611646,1299
2022,2023,HKG,disinformation,pinball_0.9,1.0762202740476845,3.1503446175990177,1.9545443131015905,1299
2022,2023,HND,disinformation,pinball_0.9,0.7658879110593331,3.5758476045441228,2.7248610367004193,1299
2022,2023,HRV,disinformation,pinball_0.9,0.7280810971946041,3.762040927171356,11.042851899117398,1299
2022,2023,HUN,disinformation,pinball_0.9,0.6239784882126642,-0.8171073705134546,5.422677511613189,1299
2022,2023,IDN,disinformation,pinball_0.9,0.15729709757817606,5.048831178555162,6.6218021543369225,1299
2022,2023,IND,disinformation,pinball_0.9,0.3943810937872693,7.210224629335002,11.154035567207696,1299
2022,2023,IRL,disinformation,pinball_0.9,1.9332509998209904,-2.536374093132608,16.7961359050773,1299
2022,2023,IRQ,disinformation,pinball_0.9,0.3778795715911699,0.5177055251400731,4.296501241051773,1299
2022,2023,ISL,disinformation,pinball_0.9,1.7797606434837636,5.0322597376242015,3.054747911531131,1299
2022,2023,ISR,disinformation,pinball_0.9,0.606466253000429,2.062725047316178,8.12738757732047,1299
2022,2023,ITA,disinformation,pinball_0.9,0.08582970898038327,0.9227965436703158,1.7810936334741487,1299
2022,2023,JPN,disinformation,pinball_0.9,0.0465187264083215,0.7207853047498105,1.1859725688330256,1299
2022,2023,KAZ,disinformation,pinball_0.9,0.13637069823784725,5.099999999736411,4.948477001694359,1299
2022,2023,KEN,disinformation,pinball_0.9,0.07816236675726598,5.719992412142076,6.501616079714736,1299
2022,2023,KGZ,disinformation,pinball_0.9,0.07162389300522454,9.013292833934202,9.729531763986447,1299
2022,2023,KHM,disinformation,pinball_0.9,0.1669166965490343,5.007330438118984,6.676497403609328,1299
2022,2023,KOR,disinformation,pinball_0.9,0.04623436206016692,1.583014674036292,2.0453582946379614,1299
2022,2023,KWT,disinformation,pinball_0.9,0.541961232758694,-1.6408779996887688,3.7787343278981727,1299
2022,2023,LKA,disinformation,pinball_0.9,0.8343218858886695,-2.0289296690343974,6.3142891898523,1299
2022,2023,LSO,disinformation,pinball_0.9,0.20309793026269785,1.6943317760877363,3.7253110787147152,1299
2022,2023,LTU,disinformation,pinball_0.9,0.656403558473334,0.7395373981858029,7.303572982919144,1299
2022,2023,LUX,disinformation,pinball_0.9,0.5500274291518981,0.0994370594039111,5.5997113509228935,1299
2022,2023,LVA,disinformation,pinball_0.9,0.7924185747772734,-0.9416060688236314,6.982579678949104,1299
2022,2023,MAR,disinformation,pinball_0.9,0.2917915740123802,3.65564411017931,6.573559850303113,1299
2022,2023,MDA,disinformation,pinball_0.9,0.791231480790605,1.18802067937429,9.100335487280342,1299
2022,2023,MDG,disinformation,pinball_0.9,0.17970813093016277,4.230865806963436,6.027947116265064,1299
2022,2023,MDV,disinformation,pinball_0.9,2.4952349614995315,4.942863012295831,29.89521262729115,1299
2022,2023,MEX,disinformation,pinball_0.9,0.1702098873710248,3.1067964131456023,4.808895286855851,1299
2022,2023,MKD,disinformation,pinball_0.9,0.3250328498361869,2.5549652534029974,5.805293751764867,1299
2022,2023,MLT,disinformation,pinball_0.9,0.314385910565816,10.6340558017004,13.77791490735856,1299
2022,2023,MNE,disinformation,pinball_0.9,0.04728963055485406,6.478362835185635,6.951259140734176,1299
2022,2023,MNG,disinformation,pinball_0.9,0.2507770417894922,7.422112761502504,9.929883179397427,1299
2022,2023,MOZ,disinformation,pinball_0.9,0.34365020043383554,5.5038445665024085,8.940346570840765,1299
2022,2023,MUS,disinformation,pinball_0.9,0.1678609468967261,4.699181896874435,6.377791365841697,1299
2022,2023,MWI,disinformation,pinball_0.9,0.4241496834340091,1.9457528167598357,6.187249651099927,1299
2022,2023,MYS,disinformation,pinball_0.9,0.25983797779970647,3.537063804105699,6.135443582102765,1299
2022,2023,NAM,disinformation,pinball_0.9,1.6774338312374428,4.324980488668047,2.461165120626444,1299
2022,2023,NIC,disinformation,pinball_0.9,0.24822913489557713,4.427793931868834,6.910085280824606,1299
2022,2023,NLD,disinformation,pinball_0.9,0.45566297698697095,-0.5980610175802781,3.958568752289432,1299
2022,2023,NOR,disinformation,pinball_0.9,0.22583601553832247,0.3526955813197645,2.6110557367029896,1299
2022,2023,NPL,disinformation,pinball_0.9,0.39867349265531005,1.9825484346184936,5.969283361171595,1299
2022,2023,PAK,disinformation,pinball_0.9,0.6893169751077481,-0.4149359970884063,6.478233753989077,1299
2022,2023,PAN,disinformation,pinball_0.9,1.047837532303399,7.1663401639066535,6.002076239125099,1299
2022,2023,PER,disinformation,pinball_0.9,0.6423014579760544,-0.3506998143457593,6.072314765414786,1299
2022,2023,PHL,disinformation,pinball_0.9,0.2341971595702065,5.518949678560432,7.860921274262497,1299
2022,2023,POL,disinformation,pinball_0.9,0.8301797052189018,0.2496108340178722,8.551407886206892,1299
2022,2023,PRT,disinformation,pinball_0.9,0.1596845751055589,3.099987459042808,4.696833210098397,1299
2022,2023,PRY,disinformation,pinball_0.9,0.23052392442570305,5.28584584975323,7.5910850940102605,1299
2022,2023,PSE,disinformation,pinball_0.9,0.7783187770740798,-0.97217780620403,6.81100996453677,1299
2022,2023,ROU,disinformation,pinball_0.9,0.43400835871632665,2.257734165551213,6.59781775271448,1299
2022,2023,RUS,disinformation,pinball_0.9,0.010113641241262081,4.066613958130233,4.167750370542854,1299
2022,2023,RWA,disinformation,pinball_0.9,0.11620839290658488,8.559642929141532,9.721726858207381,1299
2022,2023,SGP,disinformation,pinball_0.9,0.7141202204918597,1.4502677588956487,8.591469963814248,1299
2022,2023,SLB,disinformation,pinball_0.9,0.08346644732476764,2.841118511548075,3.6757829847957515,1299
2022,2023,SLV,disinformation,pinball_0.9,0.010746031152268107,3.355087216461655,3.462547527984336,1299
2022,2023,SVK,disinformation,pinball_0.9,0.5696188660292592,2.112636332149592,7.808824992442185,1299
2022,2023,SVN,disinformation,pinball_0.9,0.43749170940957255,2.375832664838498,6.750749758934225,1299
2022,2023,SWE,disinformation,pinball_0.9,0.4732357340408794,-0.2040613048914394,4.528296035517355,1299
2022,2023,TCD,disinformation,pinball_0.9,0.09592808855785415,3.9986130946153935,4.957893980193935,1299
2022,2023,THA,disinformation,pinball_0.9,0.26140420395001973,2.248834379705684,4.8628764192058815,1299
2022,2023,TUR,disinformation,pinball_0.9,0.5510014562390184,5.045123698122893,10.555138260513079,1299
2022,2023,TZA,disinformation,pinball_0.9,0.24999917936011207,5.069523532033941,7.569515325635062,1299
2022,2023,UGA,disinformation,pinball_0.9,0.20303253275325459,5.336972955114689,7.367298282647235,1299
2022,2023,UKR,disinformation,pinball_0.9,0.008932736257902361,5.534733549633344,5.624060912212368,1299
2022,2023,URY,disinformation,pinball_0.9,0.406417409502406,0.7617492413216809,4.825923336345742,1299
2022,2023,USA,disinformation,pinball_0.9,1.2025714323968737,2.934363224401551,1.5981727439605802,1299
2022,2023,UZB,disinformation,pinball_0.9,0.14865862278682634,6.316030042019264,7.802616269887528,1299
2022,2023,VNM,disinformation,pinball_0.9,0.39540265969865224,4.978659594832251,8.932686191818775,1299
2022,2023,XKX,disinformation,pinball_0.9,0.5768294166946708,4.067627014364376,9.835921181311086,1299
2022,2023,ZAF,disinformation,pinball_0.9,0.380675506144878,0.8061045509580396,4.612859612406821,1299
2022,2023,ZMB,disinformation,pinball_0.9,0.11349985593233736,5.36794285493059,6.502941414253963,1299
2023,2024,AGO,benchmark,squared_error,24.861262404213647,4.95267860425956,-0.03342833444659288,1416
2023,2024,ALB,benchmark,squared_error,10.77521314787362,4.0459284509534825,0.7633664716644972,1416
2023,2024,ARE,benchmark,squared_error,6.88125064317276,3.991812003618307,1.368598203110853,1416
2023,2024,ARG,benchmark,squared_error,2.118666519067683,-1.342930721577389,0.11263326501601512,1416
2023,2024,ARM,benchmark,squared_error,17.280925573855615,5.900000000462285,1.7429667345555022,1416
2023,2024,AUS,benchmark,squared_error,0.10286545690391576,1.3734077336597466,1.694134185490455,1416
2023,2024,AUT,benchmark,squared_error,2.9601084215710682,-0.6590895731713715,1.0614069893276845,1416
2023,2024,BEL,benchmark,squared_error,0.12649812421937368,1.0977538382870335,1.4534195861731263,1416
2023,2024,BGD,benchmark,squared_error,0.0046333452773655755,4.223259112501609,4.291327793092359,1416
2023,2024,BGR,benchmark,squared_error,2.7515590573533752,3.3870896200933345,1.7283072180425485,1416
2023,2024,BIH,benchmark,squared_error,2.83250732782775,3.2267997981085585,1.5437943531299185,1416
2023,2024,BLR,benchmark,squared_error,11.90685152369312,4.349996381405788,0.8993657834290758,1416
2023,2024,BOL,benchmark,squared_error,8.161888605164657,-1.1233559551721155,1.7335459691446187,1416
2023,2024,BRA,benchmark,squared_error,3.8735319211457693,3.419315165019057,1.4511861242430797,1416
2023,2024,BTN,benchmark,squared_error,35.96497601198684,7.498562067540377,1.5014814434377755,1416
2023,2024,BWA,benchmark,squared_error,19.22420792072658,-2.779889816662518,1.6046521116039436,1416
2023,2024,CAF,benchmark,squared_error,5.378584672695312,1.4999999984753458,-0.8191775869405085,1416
2023,2024,CHL,benchmark,squared_error,1.7379956057057694e-06,2.805126371066109,2.806444701679311,1416
2023,2024,CHN,benchmark,squared_error,2.860854040970579,4.958303787880908,3.2668978516933294,1416
2023,2024,COG,benchmark,squared_error,1.1821441749194939,2.09998918002519,1.012724642334618,1416
2023,2024,COL,benchmark,squared_error,0.2967194869242336,1.493307287710664,2.038026928373853,1416
2023,2024,COM,benchmark,squared_error,0.06359818976226803,3.300714985000326,3.0485281697972546,1416
2023,2024,CRI,benchmark,squared_error,1.6760051670331853,4.082924441820481,2.7883182596039795,1416
2023,2024,CYP,benchmark,squared_error,24.470104135549803,3.940769344477872,8.887495952604684,1416
2023,2024,CZE,benchmark,squared_error,0.010844597627373762,1.251310962459229,1.355448360291966,1416
2023,2024,DJI,benchmark,squared_error,3.9456445505323323,6.980484672763339,4.994120015775017,1416
2023,2024,DNK,benchmark,squared_error,0.2612124314252853,3.4778359314031206,3.988925386807246,1416
2023,2024,DOM,benchmark,squared_error,4.209730880198373,4.953522044928491,2.9017591735911683,1416
2023,2024,DZA,benchmark,squared_error,3.067875872556274,3.699999999079793,1.948464708953935,1416
2023,2024,ECU,benchmark,squared_error,9.121510316254948,-1.9440902250685923,1.0760935965315017,1416
2023,2024,ESP,benchmark,squared_error,1.1933243194861245,3.4552540563019107,2.3628602081472607,1416
2023,2024,EST,benchmark,squared_error,23.563867283335718,-0.09004286484938,4.764219930193315,1416
2023,2024,FIN,benchmark,squared_error,0.21795404411334127,0.3745665685384267,0.8414220537941333,1416
2023,2024,FJI,benchmark,squared_error,51.852416166795635,3.530858960763524,-3.6700032214196368,1416
2023,2024,FRA,benchmark,squared_error,0.6899582972752428,1.1904679827588325,0.35983069893680053,1416
2023,2024,GBR,benchmark,squared_error,0.4690839933669548,1.0802771685878128,1.765174236304528,1416
2023,2024,GEO,benchmark,squared_error,63.22358705349045,9.679793797126608,1.7284676779506092,1416
2023,2024,GHA,benchmark,squared_error,0.02806020505083913,5.847468542803824,5.67995673709796,1416
2023,2024,GIN,benchmark,squared_error,0.36504730743619535,5.350046590492653,5.9542380398166195,1416
2023,2024,GMB,benchmark,squared_error,11.330871865559835,5.551260658051376,2.185124614223106,1416
2023,2024,GNQ,benchmark,squared_error,4.901943699570701,0.3962255209519298,-1.8178078346167483,1416
2023,2024,GRC,benchmark,squared_error,2.15573338459989,2.086574338060302,0.6183327419325089,1416
2023,2024,GTM,benchmark,squared_error,1.4508493768640927,3.715584537797767,2.5110724470057764,1416
2023,2024,HKG,benchmark,squared_error,6.142914387806565,2.62936861207362,0.15087826756820633,1416
2023,2024,HND,benchmark,squared_error,1.766120001418703,3.6324074545087512,2.3034529777042585,1416
2023,2024,HRV,benchmark,squared_error,3.4500296415818714,3.825784401268592,1.9683588599394461,1416
2023,2024,HUN,benchmark,squared_error,2.414133163148539,0.7090705990660382,2.2628187006412386,1416
2023,2024,IDN,benchmark,squared_error,4.109201723532297,5.032574770885191,3.0054581675462764,1416
2023,2024,IND,benchmark,squared_error,11.988851664681324,7.099278931765184,3.6367868141306436,1416
2023,2024,IRL,benchmark,squared_error,15.043656982510353,2.599467215537075,6.478082558995402,1416
2023,2024,IRQ,benchmark,squared_error,2.8117294667450747,-1.5452519831917328,0.13156925556482424,1416
2023,2024,ISL,benchmark,squared_error,6.984469505940024,-1.2828764442695046,1.359938249563573,1416
2023,2024,ISR,benchmark,squared_error,2.302524196260156,0.9536184692385348,2.4710255327057364,1416
2023,2024,ITA,benchmark,squared_error,0.6133841680176016,0.7830391352767947,-0.0001493273665218453,1416
2023,2024,JPN,benchmark,squared_error,0.07675209879198687,-0.2400842360416959,0.03695745539117645,1416
2023,2024,KAZ,benchmark,squared_error,3.9294587908087837,4.999999999969361,3.017713746470946,1416
2023,2024,KEN,benchmark,squared_error,3.423681919987468,4.660195945718911,2.809876535458221,1416
2023,2024,KGZ,benchmark,squared_error,68.70360723539665,11.539711940655948,3.250948025849553,1416
2023,2024,KHM,benchmark,squared_error,10.443227368572346,6.015814573520203,2.7842163050820687,1416
2023,2024,KOR,benchmark,squared_error,1.325456066372545,2.003611018389861,0.8523264895384806,1416
2023,2024,LSO,benchmark,squared_error,15.720044326983464,5.225033803361015,1.2601826930438236,1416
2023,2024,LTU,benchmark,squared_error,1.7000917114101635,3.030195437675957,4.334071087962503,1416
2023,2024,LUX,benchmark,squared_error,30.967066622288147,0.3586140039822254,5.923420076280536,1416
2023,2024,LVA,benchmark,squared_error,16.880044445841104,-0.0370556648288982,4.071477460976601,1416
2023,2024,MAR,benchmark,squared_error,0.13728112445271748,3.79336515978963,3.4228504847054744,1416
2023,2024,MDA,benchmark,squared_error,16.782279555869714,0.2706704555125725,4.367288518728829,1416
2023,2024,MDG,benchmark,squared_error,3.7306451544444568,4.322837280879924,2.3913494723643076,1416
2023,2024,MDV,benchmark,squared_error,0.37623301403557713,3.494404226542855,4.107782587781314,1416
2023,2024,MEX,benchmark,squared_error,0.04469770143660651,1.3505763138469575,1.5619946229798387,1416
2023,2024,MKD,benchmark,squared_error,0.0730619522956533,2.993735365677324,3.2640351109521824,1416
2023,2024,MLT,benchmark,squared_error,0.8865981776599395,6.212759969910337,7.154353394728044,1416
2023,2024,MNE,benchmark,squared_error,3.6125667700188977,3.164098863299131,1.2634235175288708,1416
2023,2024,MNG,benchmark,squared_error,0.8892706848357035,5.122045391226607,4.179033893504705,1416
2023,2024,MOZ,benchmark,squared_error,6.737345902463813,2.148924991353553,4.744564778085104,1416
2023,2024,MUS,benchmark,squared_error,5.604913553841144,4.948442352505737,2.5809724891619297,1416
2023,2024,MWI,benchmark,squared_error,4.608846600535841,1.673434085291504,3.8202565280044176,1416
2023,2024,MYS,benchmark,squared_error,10.782132127515801,5.105459210240412,1.8218435007646825,1416
2023,2024,NAM,benchmark,squared_error,11.610234906330874,3.7785172326759096,0.3711377547881187,1416
2023,2024,NIC,benchmark,squared_error,0.006160907859489757,3.5809449532454067,3.65943640411421,1416
2023,2024,NLD,benchmark,squared_error,3.578475466027326,1.0738313731985445,2.9655172525208293,1416
2023,2024,NOR,benchmark,squared_error,1.1718374145273585,1.4237213452473725,2.5062357398525243,1416
2023,2024,NPL,benchmark,squared_error,0.48966498177810697,3.677874596977034,2.9781139366237195,1416
2023,2024,PAK,benchmark,squared_error,0.600644780446039,3.0817629557930104,3.856775717266032,1416
2023,2024,PAN,benchmark,squared_error,2.9178106689119163,2.7478414877130746,1.039681463326625,1416
2023,2024,PER,benchmark,squared_error,0.14803798176068073,3.5152749274832047,3.130517884973674,1416
2023,2024,PHL,benchmark,squared_error,6.2220575191581435,5.714745261286524,3.2203400177147934,1416
2023,2024,POL,benchmark,squared_error,0.3523741458255808,3.028416307002729,3.622027413557838,1416
2023,2024,PRT,benchmark,squared_error,0.6359255610177512,2.214592323011089,1.4171429133193199,1416
2023,2024,PRY,benchmark,squared_error,3.4236370836258647,4.669145779817626,2.8188384854403203,1416
2023,2024,PSE,benchmark,squared_error,683.2711998895406,-22.857327391332436,3.282129372141832,1416
2023,2024,ROU,benchmark,squared_error,0.09314115426246117,0.9160037643825945,1.2211941218031086,1416
2023,2024,RUS,benchmark,squared_error,11.279520038817038,4.921679662030726,1.5631799912227868,1416
2023,2024,RWA,benchmark,squared_error,5.610845182776162,7.227171033445344,4.858448765475508,1416
2023,2024,SLB,benchmark,squared_error,0.022484097845130897,2.997559876041038,2.8476128925931175,1416
2023,2024,SLV,benchmark,squared_error,1.0327705946405814,2.590463710779403,1.5742104969391804,1416
2023,2024,SVK,benchmark,squared_error,0.613256797767972,1.938674455494464,2.721781598718156,1416
2023,2024,SVN,benchmark,squared_error,2.738561813534288,1.7313972247949323,3.3862572833903073,1416
2023,2024,SWE,benchmark,squared_error,2.16387202297755,1.0177963330439752,2.4888068778659864,1416
2023,2024,TCD,benchmark,squared_error,3.597415732008027,4.952104846071251,3.055419386642612,1416
2023,2024,THA,benchmark,squared_error,3.1704717130074744,2.9485998659332324,1.1680180191742933,1416
2023,2024,TUR,benchmark,squared_error,11.773303554481389,3.327623089379898,6.758847878647047,1416
2023,2024,TZA,benchmark,squared_error,1.3893293199760912,5.526313830594503,4.347615684343271,1416
2023,2024,UGA,benchmark,squared_error,4.182657760986358,6.055580758755895,4.010426055319904,1416
2023,2024,UKR,benchmark,squared_error,9.666743699896461,3.2481180842642345,6.357256823512849,1416
2023,2024,URY,benchmark,squared_error,10.883509197972478,3.325759059573812,0.026742661013101632,1416
2023,2024,USA,benchmark,squared_error,1.53218665600004,2.7931871536384136,1.5553718782438821,1416
2023,2024,UZB,benchmark,squared_error,3.684488416716244,6.676187961883613,4.756685834581785,1416
2023,2024,VNM,benchmark,squared_error,12.041650477632759,7.039551971230182,3.5694438349276894,1416
2023,2024,XKX,benchmark,squared_error,2.0029065815863856,4.573097168116604,3.1578563470595,1416
2023,2024,ZAF,benchmark,squared_error,7.548496124117158,0.534843531905139,3.2822961928471175,1416
2023,2024,ZMB,benchmark,squared_error,1.057889659359524,3.8200482551859096,2.7915106237112397,1416
2023,2024,AGO,benchmark,pinball_0.1,0.8774114722328445,4.95267860425956,-3.8214361180688847,1416
2023,2024,ALB,benchmark,pinball_0.1,0.9595298879007239,4.0459284509534825,-5.549370428053756,1416
2023,2024,ARE,benchmark,pinball_0.1,1.2199643815788055,3.991812003618307,-8.207831812169747,1416
2023,2024,ARG,benchmark,pinball_0.1,1.0000510773406426,-1.342930721577389,-11.343441494983814,1416
2023,2024,ARM,benchmark,pinball_0.1,1.2502618222248463,5.900000000462285,-6.602618221786177,1416
2023,2024,AUS,benchmark,pinball_0.1,0.19950917339075147,1.3734077336597466,-0.6216840002477682,1416
2023,2024,AUT,benchmark,pinball_0.1,0.30325659760788715,-0.6590895731713715,-3.6916555492502425,1416
2023,2024,BEL,benchmark,pinball_0.1,0.20388487830812496,1.0977538382870335,-0.9410949447942158,1416
2023,2024,BGD,benchmark,pinball_0.1,0.7805573235936653,4.223259112501609,-3.5823141234350437,1416
2023,2024,BGR,benchmark,pinball_0.1,0.7489959530686918,3.3870896200933345,-4.102869910593583,1416
2023,2024,BIH,benchmark,pinball_0.1,0.9471609659452493,3.2267997981085585,-6.244809861343934,1416
2023,2024,BLR,benchmark,pinball_0.1,0.6415385199450597,4.349996381405788,-2.0653888180448092,1416
2023,2024,BOL,benchmark,pinball_0.1,0.17570144051331396,-1.1233559551721155,-2.880370360305255,1416
2023,2024,BRA,benchmark,pinball_0.1,0.6366998766277476,3.419315165019057,-2.9476836012584187,1416
2023,2024,BTN,benchmark,pinball_0.1,1.098498150663984,7.498562067540377,-3.4864194390994623,1416
2023,2024,BWA,benchmark,pinball_0.1,0.6244440739452813,-2.779889816662518,-9.02433055611533,1416
2023,2024,CAF,benchmark,pinball_0.1,1.2438791431197807,1.4999999984753458,-10.93879143272246,1416
2023,2024,CHL,benchmark,pinball_0.1,0.5791882513892838,2.805126371066109,-2.986756142826728,1416
2023,2024,CHN,benchmark,pinball_0.1,0.7810313384438147,4.958303787880908,-2.852009596557238,1416
2023,2024,COG,benchmark,pinball_0.1,0.597015880494045,2.09998918002519,-3.8701696249152597,1416
2023,2024,COL,benchmark,pinball_0.1,0.5173989346074457,1.493307287710664,-3.680682058363793,1416
2023,2024,COM,benchmark,pinball_0.1,0.0496066478882117,3.300714985000326,2.804648506118209,1416
2023,2024,CRI,benchmark,pinball_0.1,0.7290785690595207,4.082924441820481,-3.2078612487747264,1416
2023,2024,CYP,benchmark,pinball_0.1,0.4067864774024436,3.940769344477872,-0.12709542954656428,1416
2023,2024,CZE,benchmark,pinball_0.1,0.31909311918521016,1.251310962459229,-1.9396202293928724,1416
2023,2024,DJI,benchmark,pinball_0.1,0.6305216111786017,6.980484672763339,0.6752685609773224,1416
2023,2024,DNK,benchmark,pinball_0.1,0.18083822700256746,3.4778359314031206,1.669453661377446,1416
2023,2024,DOM,benchmark,pinball_0.1,1.3188691378622601,4.953522044928491,-8.23516933369411,1416
2023,2024,DZA,benchmark,pinball_0.1,0.29021773499739967,3.699999999079793,0.7978226491057967,1416
2023,2024,ECU,benchmark,pinball_0.1,0.3633633799283178,-1.9440902250685923,-5.57772402435177,1416
2023,2024,ESP,benchmark,pinball_0.1,1.4475470883922092,3.4552540563019107,-11.020216827620182,1416
2023,2024,EST,benchmark,pinball_0.1,1.3809320925929025,-0.09004286484938,1.4443261269205117,1416
2023,2024,FIN,benchmark,pinball_0.1,0.1738400772342054,0.3745665685384267,-1.363834203803627,1416
2023,2024,FJI,benchmark,pinball_0.1,1.5944414547843522,3.530858960763524,-12.413555587079998,1416
2023,2024,FRA,benchmark,pinball_0.1,0.21256445371944965,1.1904679827588325,-0.9351765544356638,1416
2023,2024,GBR,benchmark,pinball_0.1,0.5101661589718915,1.0802771685878128,-4.021384421131103,1416
2023,2024,GEO,benchmark,pinball_0.1,1.6126213036001802,9.679793797126608,-6.446419238875194,1416
2023,2024,GHA,benchmark,pinball_0.1,0.4038856538617175,5.847468542803824,1.8086120041866494,1416
2023,2024,GIN,benchmark,pinball_0.1,0.584352107633277,5.350046590492653,-0.49347448584011744,1416
2023,2024,GMB,benchmark,pinball_0.1,0.8893149338903932,5.551260658051376,-3.3418886808525556,1416
2023,2024,GNQ,benchmark,pinball_0.1,0.6926829240267167,0.3962255209519298,-6.530603719315237,1416
2023,2024,GRC,benchmark,pinball_0.1,0.8664425741642909,2.086574338060302,-6.577851403582606,1416
2023,2024,GTM,benchmark,pinball_0.1,0.5346443395111956,3.715584537797767,-1.6308588573141893,1416
2023,2024,HKG,benchmark,pinball_0.1,0.612805982272242,2.62936861207362,-3.4986912106488006,1416
2023,2024,HND,benchmark,pinball_0.1,0.4611319758782113,3.6324074545087512,-0.9789123042733614,1416
2023,2024,HRV,benchmark,pinball_0.1,1.3752152981118002,3.825784401268592,-9.92636857984941,1416
2023,2024,HUN,benchmark,pinball_0.1,0.5173610872789202,0.7090705990660382,-4.464540273723163,1416
2023,2024,IDN,benchmark,pinball_0.1,0.6425604256202355,5.032574770885191,-1.3930294853171645,1416
2023,2024,IND,benchmark,pinball_0.1,1.4131494330428263,7.099278931765184,-7.032215398663077,1416
2023,2024,IRL,benchmark,pinball_0.1,0.9115735401890327,2.599467215537075,-6.516268186353251,1416
2023,2024,IRQ,benchmark,pinball_0.1,1.0889399833254232,-1.5452519831917328,-12.434651816445964,1416
2023,2024,ISL,benchmark,pinball_0.1,0.6233427871514678,-1.2828764442695046,-7.516304315784183,1416
2023,2024,ISR,benchmark,pinball_0.1,0.48585617334035974,0.9536184692385348,-3.9049432641650625,1416
2023,2024,ITA,benchmark,pinball_0.1,0.5077411380437397,0.7830391352767947,-4.294372245160602,1416
2023,2024,JPN,benchmark,pinball_0.1,0.07368322951982513,-0.2400842360416959,-0.9769165312399473,1416
2023,2024,KAZ,benchmark,pinball_0.1,0.6423908685827592,4.999999999969361,-1.4239086858582297,1416
2023,2024,KEN,benchmark,pinball_0.1,0.6594273113651248,4.660195945718911,-1.9340771679323367,1416
2023,2024,KGZ,benchmark,pinball_0.1,1.8347307509490904,11.539711940655948,-6.807595568834955,1416
2023,2024,KHM,benchmark,pinball_0.1,0.8293387646455547,6.015814573520203,-2.2775730729353434,1416
2023,2024,KOR,benchmark,pinball_0.1,0.43308846857744143,2.003611018389861,-2.327273667384553,1416
2023,2024,LSO,benchmark,pinball_0.1,0.6863632532169703,5.225033803361015,-1.638598728808688,1416
2023,2024,LTU,benchmark,pinball_0.1,0.1889043390447462,3.030195437675957,1.1411520472284948,1416
2023,2024,LUX,benchmark,pinball_0.1,3.1755886993943214,0.3586140039822254,3.887045892198138,1416
2023,2024,LVA,benchmark,pinball_0.1,1.0433724765227006,-0.0370556648288982,1.1222470868629912,1416
2023,2024,MAR,benchmark,pinball_0.1,0.41116104234993217,3.79336515978963,-0.31824526370969153,1416
2023,2024,MDA,benchmark,pinball_0.1,0.2998183654637632,0.2706704555125725,-2.7275131991250596,1416
2023,2024,MDG,benchmark,pinball_0.1,0.6941327619058953,4.322837280879924,-2.618490338179029,1416
2023,2024,MDV,benchmark,pinball_0.1,3.713324756470481,3.494404226542855,-33.638843338161955,1416
2023,2024,MEX,benchmark,pinball_0.1,0.675815197290617,1.3505763138469575,-5.407575659059212,1416
2023,2024,MKD,benchmark,pinball_0.1,0.6201954694159975,2.993735365677324,-3.2082193284826497,1416
2023,2024,MLT,benchmark,pinball_0.1,0.7589043060690536,6.212759969910337,-1.3762830907801984,1416
2023,2024,MNE,benchmark,pinball_0.1,1.2716384582853406,3.164098863299131,-9.552285719554273,1416
2023,2024,MNG,benchmark,pinball_0.1,0.7120077515555252,5.122045391226607,-1.9980321243286454,1416
2023,2024,MOZ,benchmark,pinball_0.1,0.16344857548788314,2.148924991353553,0.5144392364747219,1416
2023,2024,MUS,benchmark,pinball_0.1,0.44452638937853095,4.948442352505737,0.5031784587204271,1416
2023,2024,MWI,benchmark,pinball_0.1,0.2647275599172502,1.673434085291504,1.967575818532893,1416
2023,2024,MYS,benchmark,pinball_0.1,1.1676928459808806,5.105459210240412,-6.571469249568395,1416
2023,2024,NAM,benchmark,pinball_0.1,1.0400032186554888,3.7785172326759096,-6.621514953878979,1416
2023,2024,NIC,benchmark,pinball_0.1,0.48414395256001375,3.5809449532454067,-1.2604945723547303,1416
2023,2024,NLD,benchmark,pinball_0.1,0.11798478905012433,1.0738313731985445,-0.10601651730269879,1416
2023,2024,NOR,benchmark,pinball_0.1,0.2293568833739805,1.4237213452473725,-0.8698474884924323,1416
2023,2024,NPL,benchmark,pinball_0.1,0.6971371347768184,3.677874596977034,-3.2934967507911495,1416
2023,2024,PAK,benchmark,pinball_0.1,0.29638329636771416,3.0817629557930104,0.11792999211586874,1416
2023,2024,PAN,benchmark,pinball_0.1,0.7038217327434619,2.7478414877130746,-4.290375839721545,1416
2023,2024,PER,benchmark,pinball_0.1,0.6568056262945959,3.5152749274832047,-3.052781335462754,1416
2023,2024,PHL,benchmark,pinball_0.1,1.145874783972182,5.714745261286524,-5.744002578435294,1416
2023,2024,POL,benchmark,pinball_0.1,0.5803354442683109,3.028416307002729,-2.7749381356803795,1416
2023,2024,PRT,benchmark,pinball_0.1,0.5415955678132666,2.214592323011089,-3.2013633551215754,1416
2023,2024,PRY,benchmark,pinball_0.1,0.6167458199879704,4.669145779817626,-1.4983124200620779,1416
2023,2024,PSE,benchmark,pinball_0.1,19.31785842105157,-22.857327391332436,-1.3930402568306892,1416
2023,2024,ROU,benchmark,pinball_0.1,0.6529603422233414,0.9160037643825945,-5.61359965785082,1416
2023,2024,RUS,benchmark,pinball_0.1,0.64656689500714,4.921679662030726,-1.5439892880406738,1416
2023,2024,RWA,benchmark,pinball_0.1,0.7741532011758167,7.227171033445344,-0.5143609783128227,1416
2023,2024,SLB,benchmark,pinball_0.1,0.28313031627420815,2.997559876041038,0.16625671329895653,1416
2023,2024,SLV,benchmark,pinball_0.1,0.4496343397185214,2.590463710779403,-1.905879686405811,1416
2023,2024,SVK,benchmark,pinball_0.1,0.2792653605735847,1.938674455494464,-0.8539791502413827,1416
2023,2024,SVN,benchmark,pinball_0.1,0.2909488862950788,1.7313972247949323,-1.1780916381558555,1416
2023,2024,SWE,benchmark,pinball_0.1,0.1991363710038069,1.0177963330439752,-0.9735673769940938,1416
2023,2024,TCD,benchmark,pinball_0.1,0.4963107784829497,4.952104846071251,-0.011002938758245762,1416
2023,2024,THA,benchmark,pinball_0.1,0.7975479261906221,2.9485998659332324,-5.026879395972988,1416
2023,2024,TUR,benchmark,pinball_0.1,0.0009999129866370639,3.327623089379898,3.3176239595135275,1416
2023,2024,TZA,benchmark,pinball_0.1,0.45320332924769746,5.526313830594503,0.994280538117529,1416
2023,2024,UGA,benchmark,pinball_0.1,0.4134418613439896,6.055580758755895,1.921162145316,1416
2023,2024,UKR,benchmark,pinball_0.1,2.8693333871179805,3.2481180842642345,6.4362662921731015,1416
2023,2024,URY,benchmark,pinball_0.1,1.1930428633273829,3.325759059573812,-8.604669573700017,1416
2023,2024,USA,benchmark,pinball_0.1,0.5688151924840732,2.7931871536384136,-2.894964771202318,1416
2023,2024,UZB,benchmark,pinball_0.1,0.8446219794615853,6.676187961883613,-1.770031832732239,1416
2023,2024,VNM,benchmark,pinball_0.1,0.9946028730659002,7.039551971230182,-2.90647675942882,1416
2023,2024,XKX,benchmark,pinball_0.1,0.8515984887940455,4.573097168116604,-3.942887719823851,1416
2023,2024,ZAF,benchmark,pinball_0.1,0.055381163257620575,0.534843531905139,-0.01896810067106669,1416
2023,2024,ZMB,benchmark,pinball_0.1,0.3091786623151343,3.8200482551859096,0.7282616320345667,1416
2023,2024,AGO,benchmark,pinball_0.5,2.2944974111479244,4.95267860425956,0.3636837819637111,1416
2023,2024,ALB,benchmark,pinball_0.5,1.424797469201665,4.0459284509534825,1.1963335125501526,1416
2023,2024,ARE,benchmark,pinball_0.5,0.6472456614881201,3.991812003618307,2.6973206806420666,1416
2023,2024,ARG,benchmark,pinball_0.5,2.191867167815065,-1.342930721577389,3.0408036140527415,1416
2023,2024,ARM,benchmark,pinball_0.5,1.523572215833056,5.900000000462285,2.8528555687961727,1416
2023,2024,AUS,benchmark,pinball_0.5,0.16586536520754258,1.3734077336597466,1.7051384640748317,1416
2023,2024,AUT,benchmark,pinball_0.5,1.0908788223075767,-0.6590895731713715,1.522668071443782,1416
2023,2024,BEL,benchmark,pinball_0.5,0.03372177961740075,1.0977538382870335,1.030310279052232,1416
2023,2024,BGD,benchmark,pinball_0.5,0.7647625137851826,4.223259112501609,5.752784140071974,1416
2023,2024,BGR,benchmark,pinball_0.5,0.6023275910636618,3.3870896200933345,2.1824344379660108,1416
2023,2024,BIH,benchmark,pinball_0.5,0.21618703947993168,3.2267997981085585,2.794425719148695,1416
2023,2024,BLR,benchmark,pinball_0.5,0.7606121213870249,4.349996381405788,2.828772138631738,1416
2023,2024,BOL,benchmark,pinball_0.5,2.146628891630451,-1.1233559551721155,3.1699018280887863,1416
2023,2024,BRA,benchmark,pinball_0.5,0.7065942995980148,3.419315165019057,2.0061265658230276,1416
2023,2024,BTN,benchmark,pinball_0.5,1.9409691372295117,7.498562067540377,3.616623793081353,1416
2023,2024,BWA,benchmark,pinball_0.5,2.986170022720226,-2.779889816662518,3.1924502287779344,1416
2023,2024,CAF,benchmark,pinball_0.5,0.23112034580037655,1.4999999984753458,1.962240690076099,1416
2023,2024,CHL,benchmark,pinball_0.5,0.15772183964483588,2.805126371066109,2.489682691776437,1416
2023,2024,CHN,benchmark,pinball_0.5,0.39701251439447205,4.958303787880908,4.164278759091964,1416
2023,2024,COG,benchmark,pinball_0.5,0.6605872844436971,2.09998918002519,0.778814611137796,1416
2023,2024,COL,benchmark,pinball_0.5,0.4226580889459459,1.493307287710664,2.3386234656025557,1416
2023,2024,COM,benchmark,pinball_0.5,0.7036667027489139,3.300714985000326,1.8933815795024982,1416
2023,2024,CRI,benchmark,pinball_0.5,0.3585299129070556,4.082924441820481,3.3658646160063697,1416
2023,2024,CYP,benchmark,pinball_0.5,3.1854580441369764,3.940769344477872,10.311685432751824,1416
2023,2024,CZE,benchmark,pinball_0.5,0.10906785123068907,1.251310962459229,1.469446664920607,1416
2023,2024,DJI,benchmark,pinball_0.5,0.8611159252703926,6.980484672763339,5.258252822222554,1416
2023,2024,DNK,benchmark,pinball_0.5,0.049725018746832106,3.4778359314031206,3.3783858939094564,1416
2023,2024,DOM,benchmark,pinball_0.5,0.525601664711298,4.953522044928491,3.9023187155058947,1416
2023,2024,DZA,benchmark,pinball_0.5,0.8559032829300603,3.699999999079793,1.9881934332196725,1416
2023,2024,ECU,benchmark,pinball_0.5,1.8383187301563093,-1.9440902250685923,1.7325472352440263,1416
2023,2024,ESP,benchmark,pinball_0.5,0.26171251702545106,3.4552540563019107,3.978679090352813,1416
2023,2024,EST,benchmark,pinball_0.5,1.7061413502401792,-0.09004286484938,3.3222398356309784,1416
2023,2024,FIN,benchmark,pinball_0.5,0.2726119798084472,0.3745665685384267,0.9197905281553211,1416
2023,2024,FJI,benchmark,pinball_0.5,3.213665443834369,3.530858960763524,-2.8964719269052135,1416
2023,2024,FRA,benchmark,pinball_0.5,0.316366355322959,1.1904679827588325,0.5577352721129145,1416
2023,2024,GBR,benchmark,pinball_0.5,0.7932767665019522,1.0802771685878128,2.666830701591717,1416
2023,2024,GEO,benchmark,pinball_0.5,3.526196825374362,9.679793797126608,2.6274001463778847,1416
2023,2024,GHA,benchmark,pinball_0.5,0.292489039102688,5.847468542803824,5.262490464598448,1416
2023,2024,GIN,benchmark,pinball_0.5,0.19658803455516383,5.350046590492653,5.7432226596029805,1416
2023,2024,GMB,benchmark,pinball_0.5,0.6744277585231941,5.551260658051376,4.202405141004988,1416
2023,2024,GNQ,benchmark,pinball_0.5,2.8311549767527513,0.3962255209519298,-5.266084432553573,1416
2023,2024,GRC,benchmark,pinball_0.5,0.17803768668336684,2.086574338060302,1.7304989646935685,1416
2023,2024,GTM,benchmark,pinball_0.5,0.2296509961290103,3.715584537797767,3.2562825455397464,1416
2023,2024,HKG,benchmark,pinball_0.5,1.0562107676627053,2.62936861207362,0.5169470767482096,1416
2023,2024,HND,benchmark,pinball_0.5,0.46423032077607873,3.6324074545087512,2.703946812956594,1416
2023,2024,HRV,benchmark,pinball_0.5,0.7274466650138214,3.825784401268592,2.3708910712409494,1416
2023,2024,HUN,benchmark,pinball_0.5,1.0696205219314059,0.7090705990660382,2.84831164292885,1416
2023,2024,IDN,benchmark,pinball_0.5,0.4698022424443469,5.032574770885191,4.092970285996497,1416
2023,2024,IND,benchmark,pinball_0.5,0.6292636117699759,7.099278931765184,5.840751708225232,1416
2023,2024,IRL,benchmark,pinball_0.5,1.7358687698450002,2.599467215537075,6.071204755227075,1416
2023,2024,IRQ,benchmark,pinball_0.5,2.8333645188014787,-1.5452519831917328,4.1214770544112245,1416
2023,2024,ISL,benchmark,pinball_0.5,2.3250677770308723,-1.2828764442695046,3.36725910979224,1416
2023,2024,ISR,benchmark,pinball_0.5,1.116578337280882,0.9536184692385348,3.1867751438002987,1416
2023,2024,ITA,benchmark,pinball_0.5,0.3514718486441293,0.7830391352767947,0.08009543798853613,1416
2023,2024,JPN,benchmark,pinball_0.5,0.2510113719866429,-0.2400842360416959,0.2619385079315899,1416
2023,2024,KAZ,benchmark,pinball_0.5,0.6118383187117482,4.999999999969361,3.776323362545865,1416
2023,2024,KEN,benchmark,pinball_0.5,0.3481426462027941,4.660195945718911,3.963910653313323,1416
2023,2024,KGZ,benchmark,pinball_0.5,3.839082350267595,11.539711940655948,3.8615472401207587,1416
2023,2024,KHM,benchmark,pinball_0.5,1.5603001734685356,6.015814573520203,2.8952142265831315,1416
2023,2024,KOR,benchmark,pinball_0.5,0.6262098135793435,2.003611018389861,0.7511913912311741,1416
2023,2024,LSO,benchmark,pinball_0.5,1.52335160937234,5.225033803361015,2.1783305846163348,1416
2023,2024,LTU,benchmark,pinball_0.5,0.2130553359247842,3.030195437675957,3.456306109525525,1416
2023,2024,LUX,benchmark,pinball_0.5,1.7805299431273047,0.3586140039822254,3.919673890236835,1416
2023,2024,LVA,benchmark,pinball_0.5,1.8420568140215396,-0.0370556648288982,3.647057963214181,1416
2023,2024,MAR,benchmark,pinball_0.5,0.2933490149805884,3.79336515978963,3.2066671298284533,1416
2023,2024,MDA,benchmark,pinball_0.5,1.6731144344973115,0.2706704555125725,3.6168993245071954,1416
2023,2024,MDG,benchmark,pinball_0.5,0.8132660301706043,4.322837280879924,2.696305220538715,1416
2023,2024,MDV,benchmark,pinball_0.5,1.1632417924032916,3.494404226542855,5.820887811349438,1416
2023,2024,MEX,benchmark,pinball_0.5,0.37278262066925016,1.3505763138469575,2.096141555185458,1416
2023,2024,MKD,benchmark,pinball_0.5,0.049684167102978405,2.993735365677324,2.894367031471367,1416
2023,2024,MLT,benchmark,pinball_0.5,0.40310810328468527,6.212759969910337,7.018976176479708,1416
2023,2024,MNE,benchmark,pinball_0.5,0.34266816040464376,3.164098863299131,2.4787625424898434,1416
2023,2024,MNG,benchmark,pinball_0.5,0.6278699447970197,5.122045391226607,3.866305501632567,1416
2023,2024,MOZ,benchmark,pinball_0.5,1.0553715579739444,2.148924991353553,4.259668107301442,1416
2023,2024,MUS,benchmark,pinball_0.5,0.4945883603688426,4.948442352505737,3.9592656317680515,1416
2023,2024,MWI,benchmark,pinball_0.5,1.564757144789818,1.673434085291504,4.80294837487114,1416
2023,2024,MYS,benchmark,pinball_0.5,0.49788964952943227,5.105459210240412,4.109679911181548,1416
2023,2024,NAM,benchmark,pinball_0.5,2.0131217024135193,3.7785172326759096,-0.24772617215112935,1416
2023,2024,NIC,benchmark,pinball_0.5,0.6427587267260773,3.5809449532454067,4.866462406697561,1416
2023,2024,NLD,benchmark,pinball_0.5,0.9130993329630929,1.0738313731985445,2.9000300391247302,1416
2023,2024,NOR,benchmark,pinball_0.5,0.3858295672353549,1.4237213452473725,2.1953804797180823,1416
2023,2024,NPL,benchmark,pinball_0.5,0.2396005952721607,3.677874596977034,4.1570757875213555,1416
2023,2024,PAK,benchmark,pinball_0.5,0.07435403642618788,3.0817629557930104,3.230471028645386,1416
2023,2024,PAN,benchmark,pinball_0.5,0.11793370947421944,2.7478414877130746,2.5119740687646357,1416
2023,2024,PER,benchmark,pinball_0.5,0.07840964598007982,3.5152749274832047,3.358455635523045,1416
2023,2024,PHL,benchmark,pinball_0.5,0.17776228683165307,5.714745261286524,5.359220687623218,1416
2023,2024,POL,benchmark,pinball_0.5,0.5558636673907174,3.028416307002729,4.140143641784164,1416
2023,2024,PRT,benchmark,pinball_0.5,0.2813742191562658,2.214592323011089,2.7773407613236207,1416
2023,2024,PRY,benchmark,pinball_0.5,0.8244693880296774,4.669145779817626,3.020207003758271,1416
2023,2024,PSE,benchmark,pinball_0.5,13.097034081039958,-22.857327391332436,3.3367407707474808,1416
2023,2024,ROU,benchmark,pinball_0.5,0.5821361464390717,0.9160037643825945,2.080276057260738,1416
2023,2024,RUS,benchmark,pinball_0.5,1.5557614730798877,4.921679662030726,1.8101567158709513,1416
2023,2024,RWA,benchmark,pinball_0.5,0.7365208138134309,7.227171033445344,5.754129405818482,1416
2023,2024,SLB,benchmark,pinball_0.5,0.36818690519687713,2.997559876041038,2.2611860656472835,1416
2023,2024,SLV,benchmark,pinball_0.5,0.48084354180583233,2.590463710779403,1.6287766271677384,1416
2023,2024,SVK,benchmark,pinball_0.5,0.04096497666031429,1.938674455494464,2.0206044088150925,1416
2023,2024,SVN,benchmark,pinball_0.5,0.8519408269263691,1.7313972247949323,3.4352788786476705,1416
2023,2024,SWE,benchmark,pinball_0.5,0.3955403428520152,1.0177963330439752,1.8088770187480057,1416
2023,2024,TCD,benchmark,pinball_0.5,0.7729898661034245,4.952104846071251,3.4061251138644018,1416
2023,2024,THA,benchmark,pinball_0.5,0.3989619058778797,2.9485998659332324,2.150676054177473,1416
2023,2024,TUR,benchmark,pinball_0.5,0.5075349005020002,3.327623089379898,4.342692890383899,1416
2023,2024,TZA,benchmark,pinball_0.5,0.03661071918349457,5.526313830594503,5.453092392227514,1416
2023,2024,UGA,benchmark,pinball_0.5,0.9483074663770488,6.055580758755895,4.158965826001798,1416
2023,2024,UKR,benchmark,pinball_0.5,2.02954296113899,3.2481180842642345,7.307204006542214,1416
2023,2024,URY,benchmark,pinball_0.5,1.147000249324836,3.325759059573812,1.03175856092414,1416
2023,2024,USA,benchmark,pinball_0.5,0.6066831224450269,2.7931871536384136,1.57982090874836,1416
2023,2024,UZB,benchmark,pinball_0.5,0.5529109375348855,6.676187961883613,5.570366086813842,1416
2023,2024,VNM,benchmark,pinball_0.5,1.3237916024785257,7.039551971230182,4.391968766273131,1416
2023,2024,XKX,benchmark,pinball_0.5,0.3878841771869235,4.573097168116604,3.797328813742757,1416
2023,2024,ZAF,benchmark,pinball_0.5,1.520516899626655,0.534843531905139,3.575877331158449,1416
2023,2024,ZMB,benchmark,pinball_0.5,0.07643421646470472,3.8200482551859096,3.6671798222565,1416
2023,2024,AGO,benchmark,pinball_0.9,2.840793489925813,4.95267860425956,1.7962413932308792,1416
2023,2024,ALB,benchmark,pinball_0.9,0.12417473033628672,4.0459284509534825,5.28767575431635,1416
2023,2024,ARE,benchmark,pinball_0.9,0.17525906029845362,3.991812003618307,5.7444026066028435,1416
2023,2024,ARG,benchmark,pinball_0.9,1.0602187467596058,-1.342930721577389,9.259256746018671,1416
2023,2024,ARM,benchmark,pinball_0.9,0.21369461192848535,5.900000000462285,8.036946119747139,1416
2023,2024,AUS,benchmark,pinball_0.9,0.2657156747733175,1.3734077336597466,4.030564481392922,1416
2023,2024,AUT,benchmark,pinball_0.9,0.5154610269439847,-0.6590895731713715,4.495520696268477,1416
2023,2024,BEL,benchmark,pinball_0.9,0.2673566969200445,1.0977538382870335,3.771320807487479,1416
2023,2024,BGD,benchmark,pinball_0.9,0.440886212786078,4.223259112501609,8.63212124036239,1416
2023,2024,BGR,benchmark,pinball_0.9,0.19956412331286724,3.3870896200933345,5.382730853222007,1416
2023,2024,BIH,benchmark,pinball_0.9,0.5689863624172715,3.2267997981085585,8.916663422281275,1416
2023,2024,BLR,benchmark,pinball_0.9,0.3841158331791973,4.349996381405788,3.9232010112066797,1416
2023,2024,BOL,benchmark,pinball_0.9,0.6961441814589444,-1.1233559551721155,5.83808585941733,1416
2023,2024,BRA,benchmark,pinball_0.9,0.24926052776701266,3.419315165019057,5.911920442689184,1416
2023,2024,BTN,benchmark,pinball_0.9,1.5150591815175796,7.498562067540377,5.815162976965288,1416
2023,2024,BWA,benchmark,pinball_0.9,1.4607785154985249,-2.779889816662518,11.827895338322735,1416
2023,2024,CAF,benchmark,pinball_0.9,0.3721520524280883,1.4999999984753458,5.221520522756229,1416
2023,2024,CHL,benchmark,pinball_0.9,0.5067873520426828,2.805126371066109,7.872999891492938,1416
2023,2024,CHN,benchmark,pinball_0.9,0.3555381550265856,4.958303787880908,8.513685338146765,1416
2023,2024,COG,benchmark,pinball_0.9,0.4709437767983176,2.09998918002519,6.809426948008367,1416
2023,2024,COL,benchmark,pinball_0.9,0.5512598566847953,1.493307287710664,7.005905854558618,1416
2023,2024,COM,benchmark,pinball_0.9,0.10179976249458667,3.300714985000326,4.318712609946193,1416
2023,2024,CRI,benchmark,pinball_0.9,0.22334934680168606,4.082924441820481,6.316417909837342,1416
2023,2024,CYP,benchmark,pinball_0.9,1.2580051173329,3.940769344477872,16.520820517806875,1416
2023,2024,CZE,benchmark,pinball_0.9,0.3759006076928896,1.251310962459229,5.010317039388125,1416
2023,2024,DJI,benchmark,pinball_0.9,0.15802981133948568,6.980484672763339,8.560782786158196,1416
2023,2024,DNK,benchmark,pinball_0.9,0.23277668161867554,3.4778359314031206,5.805602747589877,1416
2023,2024,DOM,benchmark,pinball_0.9,0.9066003000434533,4.953522044928491,14.019525045363025,1416
2023,2024,DZA,benchmark,pinball_0.9,0.21559888593970275,3.699999999079793,3.4604456813690123,1416
2023,2024,ECU,benchmark,pinball_0.9,0.874480500310645,-1.9440902250685923,6.800714778037859,1416
2023,2024,ESP,benchmark,pinball_0.9,0.3094618839539985,3.4552540563019107,6.549872895841896,1416
2023,2024,EST,benchmark,pinball_0.9,1.0160516268127906,-0.09004286484938,10.070473403278529,1416
2023,2024,FIN,benchmark,pinball_0.9,0.3106010260400002,0.3745665685384267,3.4805768289384296,1416
2023,2024,FJI,benchmark,pinball_0.9,2.565106339983343,3.530858960763524,0.6807408052264767,1416
2023,2024,FRA,benchmark,pinball_0.9,0.07556425143647852,1.1904679827588325,1.9461104971236178,1416
2023,2024,GBR,benchmark,pinball_0.9,0.42706918984944336,1.0802771685878128,5.350969067082247,1416
2023,2024,GEO,benchmark,pinball_0.9,0.02270299750785671,9.679793797126608,9.906823772205176,1416
2023,2024,GHA,benchmark,pinball_0.9,0.5677737311817221,5.847468542803824,11.525205854621047,1416
2023,2024,GIN,benchmark,pinball_0.9,0.6729603519921342,5.350046590492653,12.079650110413997,1416
2023,2024,GMB,benchmark,pinball_0.9,0.10421259084568638,5.551260658051376,6.59338656650824,1416
2023,2024,GNQ,benchmark,pinball_0.9,0.06815242499170832,0.3962255209519298,1.0777497708690131,1416
2023,2024,GRC,benchmark,pinball_0.9,0.37770678850967065,2.086574338060302,5.86364222315701,1416
2023,2024,GTM,benchmark,pinball_0.9,0.09033194108160651,3.715584537797767,4.618903948613832,1416
2023,2024,HKG,benchmark,pinball_0.9,0.07042762895811933,2.62936861207362,3.3336449016548135,1416
2023,2024,HND,benchmark,pinball_0.9,0.09572421212683417,3.6324074545087512,4.589649575777093,1416
2023,2024,HRV,benchmark,pinball_0.9,0.9240338567206839,3.825784401268592,13.066122968475433,1416
2023,2024,HUN,benchmark,pinball_0.9,0.5901235430567927,0.7090705990660382,6.610306029633967,1416
2023,2024,IDN,benchmark,pinball_0.9,0.15471419443072346,5.032574770885191,6.579716715192426,1416
2023,2024,IND,benchmark,pinball_0.9,0.3461317281307554,7.099278931765184,10.560596213072738,1416
2023,2024,IRL,benchmark,pinball_0.9,1.4075770874822158,2.599467215537075,16.675238090359237,1416
2023,2024,IRQ,benchmark,pinball_0.9,0.6328715919843901,-1.5452519831917328,4.783463936652169,1416
2023,2024,ISL,benchmark,pinball_0.9,0.8440104265621107,-1.2828764442695046,7.157227821351605,1416
2023,2024,ISR,benchmark,pinball_0.9,0.8073828301050995,0.9536184692385348,9.027446770289531,1416
2023,2024,ITA,benchmark,pinball_0.9,0.3003377180112916,0.7830391352767947,3.7864163153897117,1416
2023,2024,JPN,benchmark,pinball_0.9,0.20073406077125622,-0.2400842360416959,1.7672563716708667,1416
2023,2024,KAZ,benchmark,pinball_0.9,0.026776875806874573,4.999999999969361,5.267768758038107,1416
2023,2024,KEN,benchmark,pinball_0.9,0.24963393580843374,4.660195945718911,7.156535303803249,1416
2023,2024,KGZ,benchmark,pinball_0.9,2.621358144432591,11.539711940655948,8.627091780175292,1416
2023,2024,KHM,benchmark,pinball_0.9,0.03598920601669801,6.015814573520203,6.375706633687183,1416
2023,2024,KOR,benchmark,pinball_0.9,0.11672565192150339,2.003611018389861,3.170867537604895,1416
2023,2024,LSO,benchmark,pinball_0.9,1.3395830911821405,5.225033803361015,3.73660814649197,1416
2023,2024,LTU,benchmark,pinball_0.9,0.5164828833139913,3.030195437675957,8.195024270815871,1416
2023,2024,LUX,benchmark,pinball_0.9,0.7142009569289852,0.3586140039822254,7.50062357327208,1416
2023,2024,LVA,benchmark,pinball_0.9,0.7473072133360473,-0.0370556648288982,7.436016468531577,1416
2023,2024,MAR,benchmark,pinball_0.9,0.2648475396993316,3.79336515978963,6.441840556782947,1416
2023,2024,MDA,benchmark,pinball_0.9,1.2565323025885757,0.2706704555125725,12.835993481398333,1416
2023,2024,MDG,benchmark,pinball_0.9,0.1969245171632968,4.322837280879924,6.292082452512892,1416
2023,2024,MDV,benchmark,pinball_0.9,3.3191487944765767,3.494404226542855,36.68589217130863,1416
2023,2024,MEX,benchmark,pinball_0.9,0.4037853977843061,1.3505763138469575,5.388430291690019,1416
2023,2024,MKD,benchmark,pinball_0.9,0.34903324458069224,2.993735365677324,6.484067811484247,1416
2023,2024,MLT,benchmark,pinball_0.9,0.9171990591449679,6.212759969910337,15.384750561360018,1416
2023,2024,MNE,benchmark,pinball_0.9,0.5174985929448243,3.164098863299131,8.339084792747375,1416
2023,2024,MNG,benchmark,pinball_0.9,0.45435893649240905,5.122045391226607,9.665634756150698,1416
2023,2024,MOZ,benchmark,pinball_0.9,0.7084437000837529,2.148924991353553,9.233361992191083,1416
2023,2024,MUS,benchmark,pinball_0.9,0.12653287288207218,4.948442352505737,6.213771081326459,1416
2023,2024,MWI,benchmark,pinball_0.9,0.4764211380308199,1.673434085291504,6.437645465599704,1416
2023,2024,MYS,benchmark,pinball_0.9,0.1373827131357769,5.105459210240412,6.479286341598182,1416
2023,2024,NAM,benchmark,pinball_0.9,0.03767960350135925,3.7785172326759096,4.155313267689502,1416
2023,2024,NIC,benchmark,pinball_0.9,0.445180527261195,3.5809449532454067,8.032750225857358,1416
2023,2024,NLD,benchmark,pinball_0.9,0.43868580745545627,1.0738313731985445,5.460689447753108,1416
2023,2024,NOR,benchmark,pinball_0.9,0.4349853461721583,1.4237213452473725,5.7735748069689565,1416
2023,2024,NPL,benchmark,pinball_0.9,0.31639129162786966,3.677874596977034,6.841787513255731,1416
2023,2024,PAK,benchmark,pinball_0.9,0.4065473905049141,3.0817629557930104,7.147236860842153,1416
2023,2024,PAN,benchmark,pinball_0.9,0.5120631290497347,2.7478414877130746,7.868472778210423,1416
2023,2024,PER,benchmark,pinball_0.9,0.4285161221843899,3.5152749274832047,7.800436149327105,1416
2023,2024,PHL,benchmark,pinball_0.9,0.1937922736095366,5.714745261286524,7.65266799738189,1416
2023,2024,POL,benchmark,pinball_0.9,0.5816461005128446,3.028416307002729,8.844877312131176,1416
2023,2024,PRT,benchmark,pinball_0.9,0.3410931975881748,2.214592323011089,5.625524298892838,1416
2023,2024,PRY,benchmark,pinball_0.9,0.359345901485787,4.669145779817626,8.262604794675497,1416
2023,2024,PSE,benchmark,pinball_0.9,3.0732713676193795,-22.857327391332436,7.875386284861367,1416
2023,2024,ROU,benchmark,pinball_0.9,0.5564465970883512,0.9160037643825945,6.480469735266108,1416
2023,2024,RUS,benchmark,pinball_0.9,0.060439864240149695,4.921679662030726,5.5260783044322235,1416
2023,2024,RWA,benchmark,pinball_0.9,0.2361686476987114,7.227171033445344,9.588857510432458,1416
2023,2024,SLB,benchmark,pinball_0.9,0.14647214740243616,2.997559876041038,4.4622813500654,1416
2023,2024,SLV,benchmark,pinball_0.9,0.1870057234975691,2.590463710779403,4.4605209457550945,1416
2023,2024,SVK,benchmark,pinball_0.9,0.6898353298694483,1.938674455494464,8.837027754188949,1416
2023,2024,SVN,benchmark,pinball_0.9,0.5748037811497317,1.7313972247949323,7.479435036292251,1416
2023,2024,SWE,benchmark,pinball_0.9,0.4945803106580913,1.0177963330439752,5.96359943962489,1416
2023,2024,TCD,benchmark,pinball_0.9,0.5981341986344505,4.952104846071251,4.287511292032972,1416
2023,2024,THA,benchmark,pinball_0.9,0.2841318909215259,2.9485998659332324,5.789918775148492,1416
2023,2024,TUR,benchmark,pinball_0.9,0.9067572694126861,3.327623089379898,12.395195783506761,1416
2023,2024,TZA,benchmark,pinball_0.9,0.1683790274481336,5.526313830594503,7.21010410507584,1416
2023,2024,UGA,benchmark,pinball_0.9,0.01522675156065025,6.055580758755895,6.207848274362398,1416
2023,2024,UKR,benchmark,pinball_0.9,0.6756097868853461,3.2481180842642345,10.004215953117697,1416
2023,2024,URY,benchmark,pinball_0.9,0.19859762388753738,3.325759059573812,5.311735298449186,1416
2023,2024,USA,benchmark,pinball_0.9,0.07255436608750275,2.7931871536384136,3.5187308145134413,1416
2023,2024,UZB,benchmark,pinball_0.9,0.20784969374024534,6.676187961883613,8.754684899286067,1416
2023,2024,VNM,benchmark,pinball_0.9,0.0986231631734549,7.039551971230182,8.025783602964731,1416
2023,2024,XKX,benchmark,pinball_0.9,0.32638404011087924,4.573097168116604,7.836937569225397,1416
2023,2024,ZAF,benchmark,pinball_0.9,0.46198651004108776,0.534843531905139,5.154708632316018,1416
2023,2024,ZMB,benchmark,pinball_0.9,0.1735786819909477,3.8200482551859096,5.555835075095387,1416
2023,2024,AGO,disinformation,squared_error,24.513656536091986,4.95267860425956,0.0015518096710813722,1416
2023,2024,ALB,disinformation,squared_error,10.96227482485292,4.0459284509534825,0.7349958293417229,1416
2023,2024,ARE,disinformation,squared_error,6.626894679616609,3.991812003618307,1.4175364395776953,1416
2023,2024,ARG,disinformation,squared_error,2.1518202173309082,-1.342930721577389,0.12397766592706194,1416
2023,2024,ARM,disinformation,squared_error,17.07396785527993,5.900000000462285,1.7679341908121131,1416
2023,2024,AUS,disinformation,squared_error,0.15627488397675582,1.3734077336597466,1.7687239159452126,1416
2023,2024,AUT,disinformation,squared_error,3.4684305028728564,-0.6590895731713715,1.2032827050997739,1416
2023,2024,BEL,disinformation,squared_error,0.19548051155173077,1.0977538382870335,1.539885619039934,1416
2023,2024,BGD,disinformation,squared_error,0.0026481342017141145,4.223259112501609,4.274719137780597,1416
2023,2024,BGR,disinformation,squared_error,2.5469039089465886,3.3870896200933345,1.7911873959747675,1416
2023,2024,BIH,disinformation,squared_error,2.43972090889634,3.2267997981085585,1.6648392003672647,1416
2023,2024,BLR,disinformation,squared_error,8.206165683486264,4.349996381405788,1.4853557960118258,1416
2023,2024,BOL,disinformation,squared_error,8.070125991077084,-1.1233559551721155,1.7174407624895132,1416
2023,2024,BRA,disinformation,squared_error,2.1651373139244825,3.419315165019057,1.9478746076316775,1416
2023,2024,BTN,disinformation,squared_error,36.81633308607539,7.498562067540377,1.430915646886369,1416
2023,2024,BWA,disinformation,squared_error,20.67988033866616,-2.779889816662518,1.767623826930667,1416
2023,2024,CAF,disinformation,squared_error,4.973220959626627,1.4999999984753458,-0.730071964405365,1416
2023,2024,CHL,disinformation,squared_error,0.005106396217672739,2.805126371066109,2.876585423800334,1416
2023,2024,CHN,disinformation,squared_error,3.2801462792874823,4.958303787880908,3.1471863760913017,1416
2023,2024,COG,disinformation,squared_error,1.1083998110743398,2.09998918002519,1.047183494689886,1416
2023,2024,COL,disinformation,squared_error,0.3525903870123318,1.493307287710664,2.0871005067796693,1416
2023,2024,COM,disinformation,squared_error,0.05475401672284005,3.300714985000326,3.066719222810409,1416
2023,2024,CRI,disinformation,squared_error,1.5781781578210656,4.082924441820481,2.8266688317549713,1416
2023,2024,CYP,disinformation,squared_error,24.76828223757872,3.940769344477872,8.91754362483043,1416
2023,2024,CZE,disinformation,squared_error,0.01919043170510237,1.251310962459229,1.3898404961518764,1416
2023,2024,DJI,disinformation,squared_error,4.099647792168635,6.980484672763339,4.9557259730243715,1416
2023,2024,DNK,disinformation,squared_error,0.26223893312104735,3.4778359314031206,3.989928631137307,1416
2023,2024,DOM,disinformation,squared_error,5.816478701959973,4.953522044928491,2.5417843514883494,1416
2023,2024,DZA,disinformation,squared_error,2.750454984166442,3.699999999079793,2.041550426688024,1416
2023,2024,ECU,disinformation,squared_error,9.1143471400024,-1.9440902250685923,1.074907479468859,1416
2023,2024,ESP,disinformation,squared_error,1.133556390485828,3.4552540563019107,2.390568003755984,1416
2023,2024,EST,disinformation,squared_error,24.570910243920373,-0.09004286484938,4.866862444304747,1416
2023,2024,FIN,disinformation,squared_error,0.2663314489703229,0.3745665685384267,0.8906396728272696,1416
2023,2024,FJI,disinformation,squared_error,51.607951737026376,3.530858960763524,-3.653008503007392,1416
2023,2024,FRA,disinformation,squared_error,0.6309386229966296,1.1904679827588325,0.39615153259767055,1416
2023,2024,GBR,disinformation,squared_error,0.5909007495768788,1.0802771685878128,1.8489778577880234,1416
2023,2024,GEO,disinformation,squared_error,61.86613101559302,9.679793797126608,1.8142912057092602,1416
2023,2024,GHA,disinformation,squared_error,0.0005217898012164647,5.847468542803824,5.8246258240248245,1416
2023,2024,GIN,disinformation,squared_error,0.45210837143384086,5.350046590492653,6.022436634614248,1416
2023,2024,GMB,disinformation,squared_error,13.366451526845236,5.551260658051376,1.8952448584622612,1416
2023,2024,GNQ,disinformation,squared_error,4.450646229296114,0.3962255209519298,-1.7134299554934813,1416
2023,2024,GRC,disinformation,squared_error,2.0118994299015514,2.086574338060302,0.6681599310897752,1416
2023,2024,GTM,disinformation,squared_error,0.9163070771226103,3.715584537797767,2.758345237976343,1416
2023,2024,HKG,disinformation,squared_error,5.551724331576972,2.62936861207362,0.27315887362142277,1416
2023,2024,HND,disinformation,squared_error,2.2654659742180874,3.6324074545087512,2.1272609585761835,1416
2023,2024,HRV,disinformation,squared_error,3.267086211139355,3.825784401268592,2.0182761132822398,1416
2023,2024,HUN,disinformation,squared_error,2.8569630649790674,0.7090705990660382,2.3993259244471083,1416
2023,2024,IDN,disinformation,squared_error,4.638760838657836,5.032574770885191,2.878796500343435,1416
2023,2024,IND,disinformation,squared_error,11.789681069292723,7.099278931765184,3.665668431243507,1416
2023,2024,IRL,disinformation,squared_error,14.487676438204089,2.599467215537075,6.405735261563798,1416
2023,2024,IRQ,disinformation,squared_error,2.9107718402672402,-1.5452519831917328,0.16084644312113383,1416
2023,2024,ISL,disinformation,squared_error,7.043844811198241,-1.2828764442695046,1.3711478229892258,1416
2023,2024,ISR,disinformation,squared_error,2.2754331240171144,0.9536184692385348,2.4620723545187957,1416
2023,2024,ITA,disinformation,squared_error,0.5300978824472593,0.7830391352767947,0.05496092351156179,1416
2023,2024,JPN,disinformation,squared_error,0.10653943728446678,-0.2400842360416959,0.0863195587960277,1416
2023,2024,KAZ,disinformation,squared_error,3.8127206387104047,4.999999999969361,3.047381082025974,1416
2023,2024,KEN,disinformation,squared_error,3.77516178654046,4.660195945718911,2.7172183888386314,1416
2023,2024,KGZ,disinformation,squared_error,69.74988281634886,11.539711940655948,3.188072412015547,1416
2023,2024,KHM,disinformation,squared_error,10.501351384629038,6.015814573520203,2.775235707849898,1416
2023,2024,KOR,disinformation,squared_error,1.5790936486658282,2.003611018389861,0.7469910883132176,1416
2023,2024,LSO,disinformation,squared_error,15.175974882848552,5.225033803361015,1.3293984401823007,1416
2023,2024,LTU,disinformation,squared_error,1.825304859118985,3.030195437675957,4.3812338749970365,1416
2023,2024,LUX,disinformation,squared_error,30.833270906196137,0.3586140039822254,5.9113854657115965,1416
2023,2024,LVA,disinformation,squared_error,17.21276927715919,-0.0370556648288982,4.111771793280102,1416
2023,2024,MAR,disinformation,squared_error,0.19132469565955815,3.79336515978963,3.355958374680439,1416
2023,2024,MDA,disinformation,squared_error,16.746138059643805,0.2706704555125725,4.362875003142591,1416
2023,2024,MDG,disinformation,squared_error,3.5404662353169263,4.322837280879924,2.441224612098985,1416
2023,2024,MDV,disinformation,squared_error,0.0913562585832932,3.494404226542855,3.796656205168791,1416
2023,2024,MEX,disinformation,squared_error,0.19936685467244444,1.3505763138469575,1.797081470225296,1416
2023,2024,MKD,disinformation,squared_error,0.06439302847977806,2.993735365677324,3.2474931802954714,1416
2023,2024,MLT,disinformation,squared_error,0.7578023252959781,6.212759969910337,7.083278393205317,1416
2023,2024,MNE,disinformation,squared_error,2.5663982176363827,3.164098863299131,1.562100668032862,1416
2023,2024,MNG,disinformation,squared_error,0.7890786219657917,5.122045391226607,4.233744416350528,1416
2023,2024,MOZ,disinformation,squared_error,7.101197868987955,2.148924991353553,4.81373227687871,1416
2023,2024,MUS,disinformation,squared_error,4.881128187410875,4.948442352505737,2.7391148106027994,1416
2023,2024,MWI,disinformation,squared_error,5.031818546777704,1.673434085291504,3.9166056228199437,1416
2023,2024,MYS,disinformation,squared_error,11.000609279832796,5.105459210240412,1.788742568766077,1416
2023,2024,NAM,disinformation,squared_error,11.630033426948016,3.7785172326759096,0.3682337507718003,1416
2023,2024,NIC,disinformation,squared_error,0.06201172580334501,3.5809449532454067,3.8299664900717323,1416
2023,2024,NLD,disinformation,squared_error,3.7341244742491897,1.0738313731985445,3.006219655674194,1416
2023,2024,NOR,disinformation,squared_error,1.157906026680858,1.4237213452473725,2.4997817648711305,1416
2023,2024,NPL,disinformation,squared_error,0.7222761263683102,3.677874596977034,2.828006297551582,1416
2023,2024,PAK,disinformation,squared_error,0.6864978576805854,3.0817629557930104,3.9103146184433157,1416
2023,2024,PAN,disinformation,squared_error,3.068611709134567,2.7478414877130746,0.9960961554416947,1416
2023,2024,PER,disinformation,squared_error,0.0026479484864079727,3.5152749274832047,3.4638167066977172,1416
2023,2024,PHL,disinformation,squared_error,6.204442894212111,5.714745261286524,3.223873346833251,1416
2023,2024,POL,disinformation,squared_error,0.8602509672106112,3.028416307002729,3.9559134591334573,1416
2023,2024,PRT,disinformation,squared_error,0.5829662571893383,2.214592323011089,1.4510700527469282,1416
2023,2024,PRY,disinformation,squared_error,3.573177106802865,4.669145779817626,2.77886085240513,1416
2023,2024,PSE,disinformation,squared_error,685.1571286301084,-22.857327391332436,3.318178881328432,1416
2023,2024,ROU,disinformation,squared_error,0.17058399742184402,0.9160037643825945,1.3290219206685427,1416
2023,2024,RUS,disinformation,squared_error,10.580795411846363,4.921679662030726,1.6688662010639952,1416
2023,2024,RWA,disinformation,squared_error,6.066845274790495,7.227171033445344,4.764074349433428,1416
2023,2024,SLB,disinformation,squared_error,0.006096269469526711,2.997559876041038,2.919481265208578,1416
2023,2024,SLV,disinformation,squared_error,0.6838022112323504,2.590463710779403,1.7635403701774157,1416
2023,2024,SVK,disinformation,squared_error,0.702290544675623,1.938674455494464,2.776702226320481,1416
2023,2024,SVN,disinformation,squared_error,3.4489668671553315,1.7313972247949323,3.588536656058867,1416
2023,2024,SWE,disinformation,squared_error,2.1616851692813497,1.0177963330439752,2.4880633731701387,1416
2023,2024,TCD,disinformation,squared_error,3.3833621823770823,4.952104846071251,3.1127130492054818,1416
2023,2024,THA,disinformation,squared_error,3.029083715659319,2.9485998659332324,1.2081735630811643,1416
2023,2024,TUR,disinformation,squared_error,12.384047370480422,3.327623089379898,6.846720611541002,1416
2023,2024,TZA,disinformation,squared_error,1.4933304195870951,5.526313830594503,4.304294837457697,1416
2023,2024,UGA,disinformation,squared_error,3.726735360794621,6.055580758755895,4.125105335241102,1416
2023,2024,UKR,disinformation,squared_error,10.75425202375386,3.2481180842642345,6.52748570985211,1416
2023,2024,URY,disinformation,squared_error,10.520469725727217,3.325759059573812,0.08223170101381072,1416
2023,2024,USA,disinformation,squared_error,1.1654571263157514,2.7931871536384136,1.7136237574843243,1416
2023,2024,UZB,disinformation,squared_error,3.972992230386335,6.676187961883613,4.682951340108282,1416
2023,2024,VNM,disinformation,squared_error,12.899695687929269,7.039551971230182,3.4479373360097956,1416
2023,2024,XKX,disinformation,squared_error,2.09878533585081,4.573097168116604,3.1243786530658677,1416
2023,2024,ZAF,disinformation,squared_error,7.155865222780819,0.534843531905139,3.2098884329826554,1416
2023,2024,ZMB,disinformation,squared_error,0.9141780722514069,3.8200482551859096,2.863921656742269,1416
2023,2024,AGO,disinformation,pinball_0.1,0.8766489669123438,4.95267860425956,-3.813811064863877,1416
2023,2024,ALB,disinformation,pinball_0.1,0.9617844035215241,4.0459284509534825,-5.571915584261758,1416
2023,2024,ARE,disinformation,pinball_0.1,1.2170799202262281,3.991812003618307,-8.178987198643973,1416
2023,2024,ARG,disinformation,pinball_0.1,0.9986503029842013,-1.342930721577389,-11.329433751419401,1416
2023,2024,ARM,disinformation,pinball_0.1,1.2539811082297527,5.900000000462285,-6.639811081835241,1416
2023,2024,AUS,disinformation,pinball_0.1,0.19803389227307877,1.3734077336597466,-0.6069311890710409,1416
2023,2024,AUT,disinformation,pinball_0.1,0.297476630888054,-0.6590895731713715,-3.633855882051911,1416
2023,2024,BEL,disinformation,pinball_0.1,0.19831294754347406,1.0977538382870335,-0.8853756371477068,1416
2023,2024,BGD,disinformation,pinball_0.1,0.7868697650242802,4.223259112501609,-3.6454385377411924,1416
2023,2024,BGR,disinformation,pinball_0.1,0.7471422723962265,3.3870896200933345,-4.08433310386893,1416
2023,2024,BIH,disinformation,pinball_0.1,0.945990354946941,3.2267997981085585,-6.233103751360851,1416
2023,2024,BLR,disinformation,pinball_0.1,0.6359875980948183,4.349996381405788,-2.009879599542395,1416
2023,2024,BOL,disinformation,pinball_0.1,0.18060740082752677,-1.1233559551721155,-2.929429963447383,1416
2023,2024,BRA,disinformation,pinball_0.1,0.6233234438579759,3.419315165019057,-2.8139192735607015,1416
2023,2024,BTN,disinformation,pinball_0.1,1.1050708059665133,7.498562067540377,-3.552145992124757,1416
2023,2024,BWA,disinformation,pinball_0.1,0.6214057277342134,-2.779889816662518,-8.993947094004652,1416
2023,2024,CAF,disinformation,pinball_0.1,1.2532414127008267,1.4999999984753458,-11.03241412853292,1416
2023,2024,CHL,disinformation,pinball_0.1,0.7005442423816959,2.805126371066109,-4.200316052750849,1416
2023,2024,CHN,disinformation,pinball_0.1,0.7933129517904263,4.958303787880908,-2.9748257300233547,1416
2023,2024,COG,disinformation,pinball_0.1,0.5953053171599784,2.09998918002519,-3.8530639915745937,1416
2023,2024,COL,disinformation,pinball_0.1,0.5205693384907283,1.493307287710664,-3.712386097196619,1416
2023,2024,COM,disinformation,pinball_0.1,0.04899903929393119,3.300714985000326,2.810724592061014,1416
2023,2024,CRI,disinformation,pinball_0.1,0.7322725726589447,4.082924441820481,-3.2398012847689657,1416
2023,2024,CYP,disinformation,pinball_0.1,0.4036559624028897,3.940769344477872,-0.09579027955102504,1416
2023,2024,CZE,disinformation,pinball_0.1,0.3168181475190419,1.251310962459229,-1.9168705127311902,1416
2023,2024,DJI,disinformation,pinball_0.1,0.6333579319279089,6.980484672763339,0.6469053534842502,1416
2023,2024,DNK,disinformation,pinball_0.1,0.17825604937181228,3.4778359314031206,1.695275437684998,1416
2023,2024,DOM,disinformation,pinball_0.1,1.3287781704717418,4.953522044928491,-8.334259659788927,1416
2023,2024,DZA,disinformation,pinball_0.1,0.28985977160155374,3.699999999079793,0.801402283064256,1416
2023,2024,ECU,disinformation,pinball_0.1,0.3700643495409217,-1.9440902250685923,-5.644733720477809,1416
2023,2024,ESP,disinformation,pinball_0.1,1.4456105361205898,3.4552540563019107,-11.000851304903986,1416
2023,2024,EST,disinformation,pinball_0.1,1.420112567554655,-0.09004286484938,1.4878599879891254,1416
2023,2024,FIN,disinformation,pinball_0.1,0.1710814080232236,0.3745665685384267,-1.3362475116938093,1416
2023,2024,FJI,disinformation,pinball_0.1,1.603691238085989,3.530858960763524,-12.506053420096364,1416
2023,2024,FRA,disinformation,pinball_0.1,0.2125589790039058,1.1904679827588325,-0.9351218072802254,1416
2023,2024,GBR,disinformation,pinball_0.1,0.5044829588797217,1.0802771685878128,-3.9645524202094045,1416
2023,2024,GEO,disinformation,pinball_0.1,1.6150663259921054,9.679793797126608,-6.470869462794447,1416
2023,2024,GHA,disinformation,pinball_0.1,0.40129550213984366,5.847468542803824,1.8345135214053876,1416
2023,2024,GIN,disinformation,pinball_0.1,0.5844677915192783,5.350046590492653,-0.49463132470012994,1416
2023,2024,GMB,disinformation,pinball_0.1,0.9016679691142507,5.551260658051376,-3.4654190330911305,1416
2023,2024,GNQ,disinformation,pinball_0.1,0.6867708225460177,0.3962255209519298,-6.471482704508247,1416
2023,2024,GRC,disinformation,pinball_0.1,0.8589461974362878,2.086574338060302,-6.5028876363025745,1416
2023,2024,GTM,disinformation,pinball_0.1,0.5299333164302859,3.715584537797767,-1.5837486265050913,1416
2023,2024,HKG,disinformation,pinball_0.1,0.6115799245344271,2.62936861207362,-3.4864306332706505,1416
2023,2024,HND,disinformation,pinball_0.1,0.4673256031876541,3.6324074545087512,-1.0408485773677896,1416
2023,2024,HRV,disinformation,pinball_0.1,1.375399243988051,3.825784401268592,-9.928208038611915,1416
2023,2024,HUN,disinformation,pinball_0.1,0.5084046201540161,0.7090705990660382,-4.374975602474123,1416
2023,2024,IDN,disinformation,pinball_0.1,0.6522246447034539,5.032574770885191,-1.4896716761493476,1416
2023,2024,IND,disinformation,pinball_0.1,1.4140935606797045,7.099278931765184,-7.041656675031859,1416
2023,2024,IRL,disinformation,pinball_0.1,0.9088780176653529,2.599467215537075,-6.489312961116454,1416
2023,2024,IRQ,disinformation,pinball_0.1,1.0877265240580074,-1.5452519831917328,-12.422517223771806,1416
2023,2024,ISL,disinformation,pinball_0.1,0.6242097957606977,-1.2828764442695046,-7.524974401876481,1416
2023,2024,ISR,disinformation,pinball_0.1,0.4877024056099892,0.9536184692385348,-3.9234055868613567,1416
2023,2024,ITA,disinformation,pinball_0.1,0.5053247649241527,0.7830391352767947,-4.270208513964732,1416
2023,2024,JPN,disinformation,pinball_0.1,0.07335261509623835,-0.2400842360416959,-0.9736103870040793,1416
2023,2024,KAZ,disinformation,pinball_0.1,0.6417333373852147,4.999999999969361,-1.4173333738827845,1416
2023,2024,KEN,disinformation,pinball_0.1,0.6657047398813802,4.660195945718911,-1.9968514530948909,1416
2023,2024,KGZ,disinformation,pinball_0.1,1.8316465481000668,11.539711940655948,-6.776753540344718,1416
2023,2024,KHM,disinformation,pinball_0.1,0.8388927325839767,6.015814573520203,-2.373112752319564,1416
2023,2024,KOR,disinformation,pinball_0.1,0.4428579086761808,2.003611018389861,-2.424968068371946,1416
2023,2024,LSO,disinformation,pinball_0.1,0.6893288276044296,5.225033803361015,-1.6682544726832802,1416
2023,2024,LTU,disinformation,pinball_0.1,0.18897740485764275,3.030195437675957,1.1404213890995294,1416
2023,2024,LUX,disinformation,pinball_0.1,3.2192321462066498,0.3586140039822254,3.9355386108785027,1416
2023,2024,LVA,disinformation,pinball_0.1,1.058138979535508,-0.0370556648288982,1.1386543124327773,1416
2023,2024,MAR,disinformation,pinball_0.1,0.41208917811925616,3.79336515978963,-0.32752662140293154,1416
2023,2024,MDA,disinformation,pinball_0.1,0.2961457448330435,0.2706704555125725,-2.6907869928178627,1416
2023,2024,MDG,disinformation,pinball_0.1,0.6893574391249907,4.322837280879924,-2.5707371103699828,1416
2023,2024,MDV,disinformation,pinball_0.1,3.7204910477383635,3.494404226542855,-33.71050625084078,1416
2023,2024,MEX,disinformation,pinball_0.1,0.6669561991431556,1.3505763138469575,-5.318985677584598,1416
2023,2024,MKD,disinformation,pinball_0.1,0.6179834499722745,2.993735365677324,-3.1860991340454206,1416
2023,2024,MLT,disinformation,pinball_0.1,0.7565703431864172,6.212759969910337,-1.352943461953835,1416
2023,2024,MNE,disinformation,pinball_0.1,1.2657437522707669,3.164098863299131,-9.493338659408536,1416
2023,2024,MNG,disinformation,pinball_0.1,0.7075995569263308,5.122045391226607,-1.9539501780367008,1416
2023,2024,MOZ,disinformation,pinball_0.1,0.16096741911872742,2.148924991353553,0.539250800166279,1416
2023,2024,MUS,disinformation,pinball_0.1,0.4401261719407266,4.948442352505737,0.5471806330984705,1416
2023,2024,MWI,disinformation,pinball_0.1,0.29926357433807244,1.673434085291504,2.005949167889362,1416
2023,2024,MYS,disinformation,pinball_0.1,1.1661482003006467,5.105459210240412,-6.556022792766052,1416
2023,2024,NAM,disinformation,pinball_0.1,1.0382934734458034,3.7785172326759096,-6.604417501782123,1416
2023,2024,NIC,disinformation,pinball_0.1,0.4761439605944066,3.5809449532454067,-1.180494652698659,1416
2023,2024,NLD,disinformation,pinball_0.1,0.11317497787998934,1.0738313731985445,-0.057918405601348866,1416
2023,2024,NOR,disinformation,pinball_0.1,0.2299573641321608,1.4237213452473725,-0.8758522960742354,1416
2023,2024,NPL,disinformation,pinball_0.1,0.6997507968668621,3.677874596977034,-3.3196333716915873,1416
2023,2024,PAK,disinformation,pinball_0.1,0.29366413066215635,3.0817629557930104,0.14512164917144688,1416
2023,2024,PAN,disinformation,pinball_0.1,0.7115212120407627,2.7478414877130746,-4.367370632694552,1416
2023,2024,PER,disinformation,pinball_0.1,0.6556484021072267,3.5152749274832047,-3.0412090935890626,1416
2023,2024,PHL,disinformation,pinball_0.1,1.1514757074514848,5.714745261286524,-5.800011813228323,1416
2023,2024,POL,disinformation,pinball_0.1,0.5707053964394175,3.028416307002729,-2.6786376573914463,1416
2023,2024,PRT,disinformation,pinball_0.1,0.5378950969875582,2.214592323011089,-3.1643586468644926,1416
2023,2024,PRY,disinformation,pinball_0.1,0.6221628938062607,4.669145779817626,-1.5524831582449803,1416
2023,2024,PSE,disinformation,pinball_0.1,19.305718142746326,-22.857327391332436,-1.4065294549476306,1416
2023,2024,ROU,disinformation,pinball_0.1,0.6558217477514012,0.9160037643825945,-5.642213713131417,1416
2023,2024,RUS,disinformation,pinball_0.1,0.6438990079708766,4.921679662030726,-1.5173104176780399,1416
2023,2024,RWA,disinformation,pinball_0.1,0.7796212602602544,7.227171033445344,-0.5690415691572,1416
2023,2024,SLB,disinformation,pinball_0.1,0.2804743521009101,2.997559876041038,0.19281635503193684,1416
2023,2024,SLV,disinformation,pinball_0.1,0.44706812978651583,2.590463710779403,-1.8802175870857551,1416
2023,2024,SVK,disinformation,pinball_0.1,0.2754419553356911,1.938674455494464,-0.8157450978624468,1416
2023,2024,SVN,disinformation,pinball_0.1,0.28302214613448096,1.7313972247949323,-1.098824236549877,1416
2023,2024,SWE,disinformation,pinball_0.1,0.1977275239838285,1.0177963330439752,-0.9594789067943097,1416
2023,2024,TCD,disinformation,pinball_0.1,0.49240847562099505,4.952104846071251,0.028020089861300335,1416
2023,2024,THA,disinformation,pinball_0.1,0.798106012558614,2.9485998659332324,-5.0324602596529076,1416
2023,2024,TUR,disinformation,pinball_0.1,0.055723586913336474,3.327623089379898,3.389538185950272,1416
2023,2024,TZA,disinformation,pinball_0.1,0.4602748849251601,5.526313830594503,0.9235649813429028,1416
2023,2024,UGA,disinformation,pinball_0.1,0.41429538547388073,6.055580758755895,1.9126269040170882,1416
2023,2024,UKR,disinformation,pinball_0.1,3.050188370595666,3.2481180842642345,6.637216273814975,1416
2023,2024,URY,disinformation,pinball_0.1,1.1937106283019803,3.325759059573812,-8.61134722344599,1416
2023,2024,USA,disinformation,pinball_0.1,0.5681619674184993,2.7931871536384136,-2.88843252054658,1416
2023,2024,UZB,disinformation,pinball_0.1,0.8482713437502127,6.676187961883613,-1.806525475618514,1416
2023,2024,VNM,disinformation,pinball_0.1,1.0034911507439455,7.039551971230182,-2.995359536209273,1416
2023,2024,XKX,disinformation,pinball_0.1,0.8572786168288952,4.573097168116604,-3.9996890001723475,1416
2023,2024,ZAF,disinformation,pinball_0.1,0.05504126105433045,0.534843531905139,-0.015569078638165479,1416
2023,2024,ZMB,disinformation,pinball_0.1,0.31373481239142365,3.8200482551859096,0.6827001312716732,1416
2023,2024,AGO,disinformation,pinball_0.5,2.149235290031921,4.95267860425956,0.654208024195718,1416
2023,2024,ALB,disinformation,pinball_0.5,1.4827682776011435,4.0459284509534825,1.0803918957511958,1416
2023,2024,ARE,disinformation,pinball_0.5,0.603860794310668,3.991812003618307,2.784090414996971,1416
2023,2024,ARG,disinformation,pinball_0.5,2.3089554336973563,-1.342930721577389,3.274980145817324,1416
2023,2024,ARM,disinformation,pinball_0.5,1.554931231179955,5.900000000462285,2.7901375381023747,1416
2023,2024,AUS,disinformation,pinball_0.5,0.28234604091627347,1.3734077336597466,1.9380998154922935,1416
2023,2024,AUT,disinformation,pinball_0.5,1.1779780458747382,-0.6590895731713715,1.6968665185781049,1416
2023,2024,BEL,disinformation,pinball_0.5,0.05129552154544603,1.0977538382870335,1.2003448813779256,1416
2023,2024,BGD,disinformation,pinball_0.5,0.7613501058546781,4.223259112501609,5.745959324210965,1416
2023,2024,BGR,disinformation,pinball_0.5,0.4968392358819944,3.3870896200933345,2.3934111483293457,1416
2023,2024,BIH,disinformation,pinball_0.5,0.1633843505658117,3.2267997981085585,2.900031096976935,1416
2023,2024,BLR,disinformation,pinball_0.5,0.09726538055110368,4.349996381405788,4.1554656203035805,1416
2023,2024,BOL,disinformation,pinball_0.5,2.156843146042391,-1.1233559551721155,3.190330336912666,1416
2023,2024,BRA,disinformation,pinball_0.5,0.6842616832375399,3.419315165019057,2.0507917985439774,1416
2023,2024,BTN,disinformation,pinball_0.5,2.0793785247362653,7.498562067540377,3.339805018067846,1416
2023,2024,BWA,disinformation,pinball_0.5,3.1565837769804888,-2.779889816662518,3.5332777372984596,1416
2023,2024,CAF,disinformation,pinball_0.5,0.3066400196032024,1.4999999984753458,2.1132800376817507,1416
2023,2024,CHL,disinformation,pinball_0.5,0.11802719029743569,2.805126371066109,2.5690719904712376,1416
2023,2024,CHN,disinformation,pinball_0.5,0.5844932732573209,4.958303787880908,3.789317241366266,1416
2023,2024,COG,disinformation,pinball_0.5,0.6262533990396824,2.09998918002519,0.8474823819458255,1416
2023,2024,COL,disinformation,pinball_0.5,0.42583861759879627,1.493307287710664,2.3449845229082564,1416
2023,2024,COM,disinformation,pinball_0.5,0.7215678129988063,3.300714985000326,1.8575793590027132,1416
2023,2024,CRI,disinformation,pinball_0.5,0.332745091191204,4.082924441820481,3.417434259438073,1416
2023,2024,CYP,disinformation,pinball_0.5,3.1422031117551033,3.940769344477872,10.225175567988078,1416
2023,2024,CZE,disinformation,pinball_0.5,0.014346515140559069,1.251310962459229,1.2226179321781108,1416
2023,2024,DJI,disinformation,pinball_0.5,0.9842606222665893,6.980484672763339,5.01196342823016,1416
2023,2024,DNK,disinformation,pinball_0.5,0.09915418828020028,3.4778359314031206,3.27952755484272,1416
2023,2024,DOM,disinformation,pinball_0.5,1.0322065848993454,4.953522044928491,2.8891088751298,1416
2023,2024,DZA,disinformation,pinball_0.5,0.7268175750802726,3.699999999079793,2.246364848919248,1416
2023,2024,ECU,disinformation,pinball_0.5,1.7964326971323352,-1.9440902250685923,1.6487751691960781,1416
2023,2024,ESP,disinformation,pinball_0.5,0.26680967727168525,3.4552540563019107,3.9888734108452812,1416
2023,2024,EST,disinformation,pinball_0.5,1.882501865989319,-0.09004286484938,3.6749608671292577,1416
2023,2024,FIN,disinformation,pinball_0.5,0.5390378126121056,0.3745665685384267,1.452642193762638,1416
2023,2024,FJI,disinformation,pinball_0.5,3.153364227459406,3.530858960763524,-2.7758694941552875,1416
2023,2024,FRA,disinformation,pinball_0.5,0.28640641094391484,1.1904679827588325,0.6176551608710028,1416
2023,2024,GBR,disinformation,pinball_0.5,0.8847102002211047,1.0802771685878128,2.849697569030022,1416
2023,2024,GEO,disinformation,pinball_0.5,3.2650845220274656,9.679793797126608,3.149624753071677,1416
2023,2024,GHA,disinformation,pinball_0.5,0.14561982282153263,5.847468542803824,5.556228897160759,1416
2023,2024,GIN,disinformation,pinball_0.5,0.270877332014944,5.350046590492653,5.891801254522541,1416
2023,2024,GMB,disinformation,pinball_0.5,1.363038391561346,5.551260658051376,2.825183874928684,1416
2023,2024,GNQ,disinformation,pinball_0.5,2.648268452438769,0.3962255209519298,-4.900311383925608,1416
2023,2024,GRC,disinformation,pinball_0.5,0.22748218052824298,2.086574338060302,1.6316099770038162,1416
2023,2024,GTM,disinformation,pinball_0.5,0.09380258336483926,3.715584537797767,3.5279793710680885,1416
2023,2024,HKG,disinformation,pinball_0.5,0.8104117196612426,2.62936861207362,1.008545172751135,1416
2023,2024,HND,disinformation,pinball_0.5,0.6584345110800331,3.6324074545087512,2.315538432348685,1416
2023,2024,HRV,disinformation,pinball_0.5,0.7321648573768622,3.825784401268592,2.361454686514868,1416
2023,2024,HUN,disinformation,pinball_0.5,1.1959868564327882,0.7090705990660382,3.1010443119316147,1416
2023,2024,IDN,disinformation,pinball_0.5,0.6456539240523871,5.032574770885191,3.7412669227804165,1416
2023,2024,IND,disinformation,pinball_0.5,0.6198092953036376,7.099278931765184,5.859660341157909,1416
2023,2024,IRL,disinformation,pinball_0.5,1.7115403232680029,2.599467215537075,6.022547862073081,1416
2023,2024,IRQ,disinformation,pinball_0.5,1.4294246828777393,-1.5452519831917328,1.3135973825637457,1416
2023,2024,ISL,disinformation,pinball_0.5,1.5337862263925413,-1.2828764442695046,1.7846960085155779,1416
2023,2024,ISR,disinformation,pinball_0.5,1.1044939309861963,0.9536184692385348,3.1626063312109274,1416
2023,2024,ITA,disinformation,pinball_0.5,0.12958314052625752,0.7830391352767947,0.5238728542242796,1416
2023,2024,JPN,disinformation,pinball_0.5,0.2844314496456306,-0.2400842360416959,0.3287786632495653,1416
2023,2024,KAZ,disinformation,pinball_0.5,0.5638226237060091,4.999999999969361,3.872354752557343,1416
2023,2024,KEN,disinformation,pinball_0.5,0.45729888357450754,4.660195945718911,3.745598178569896,1416
2023,2024,KGZ,disinformation,pinball_0.5,3.9254141063453756,11.539711940655948,3.688883727965197,1416
2023,2024,KHM,disinformation,pinball_0.5,1.6319230763868902,6.015814573520203,2.7519684207464223,1416
2023,2024,KOR,disinformation,pinball_0.5,0.7689606821008221,2.003611018389861,0.46568965418821673,1416
2023,2024,LSO,disinformation,pinball_0.5,1.3918321039955655,5.225033803361015,2.441369595369884,1416
2023,2024,LTU,disinformation,pinball_0.5,0.20366493566901234,3.030195437675957,3.4375253090139815,1416
2023,2024,LUX,disinformation,pinball_0.5,1.6719465476900242,0.3586140039822254,3.7025070993622737,1416
2023,2024,LVA,disinformation,pinball_0.5,1.959126059227744,-0.0370556648288982,3.8811964536265897,1416
2023,2024,MAR,disinformation,pinball_0.5,0.3842326150036066,3.79336515978963,3.024899929782417,1416
2023,2024,MDA,disinformation,pinball_0.5,1.5510723473641495,0.2706704555125725,3.3728151502408714,1416
2023,2024,MDG,disinformation,pinball_0.5,0.8152774101678775,4.322837280879924,2.6922824605441686,1416
2023,2024,MDV,disinformation,pinball_0.5,0.7062428630174118,3.494404226542855,4.906889952577679,1416
2023,2024,MEX,disinformation,pinball_0.5,0.6167985333892132,1.3505763138469575,2.584173380625384,1416
2023,2024,MKD,disinformation,pinball_0.5,0.14350840279523602,2.993735365677324,2.706718560086852,1416
2023,2024,MLT,disinformation,pinball_0.5,0.4691665485442891,6.212759969910337,7.151093066998915,1416
2023,2024,MNE,disinformation,pinball_0.5,0.03150498938880375,3.164098863299131,3.1010888845215234,1416
2023,2024,MNG,disinformation,pinball_0.5,0.5529407753762481,5.122045391226607,4.0161638404741105,1416
2023,2024,MOZ,disinformation,pinball_0.5,1.0953328850687933,2.148924991353553,4.33959076149114,1416
2023,2024,MUS,disinformation,pinball_0.5,0.38508187684353157,4.948442352505737,4.1782785988186735,1416
2023,2024,MWI,disinformation,pinball_0.5,1.6555654890464364,1.673434085291504,4.984565063384377,1416
2023,2024,MYS,disinformation,pinball_0.5,0.5895256316900732,5.105459210240412,3.926407946860266,1416
2023,2024,NAM,disinformation,pinball_0.5,1.9127832381282897,3.7785172326759096,-0.04704924358066975,1416
2023,2024,NIC,disinformation,pinball_0.5,0.8827188841354796,3.5809449532454067,5.346382721516366,1416
2023,2024,NLD,disinformation,pinball_0.5,0.9562386652531031,1.0738313731985445,2.9863087037047507,1416
2023,2024,NOR,disinformation,pinball_0.5,0.37272633991106296,1.4237213452473725,2.1691740250694984,1416
2023,2024,NPL,disinformation,pinball_0.5,0.06669467234189774,3.677874596977034,3.8112639416608296,1416
2023,2024,PAK,disinformation,pinball_0.5,0.13016017919464806,3.0817629557930104,3.3420833141823065,1416
2023,2024,PAN,disinformation,pinball_0.5,0.14604048911010103,2.7478414877130746,2.4557605094928725,1416
2023,2024,PER,disinformation,pinball_0.5,0.32878037319686904,3.5152749274832047,4.172835673876943,1416
2023,2024,PHL,disinformation,pinball_0.5,0.15978616188338002,5.714745261286524,5.395172937519764,1416
2023,2024,POL,disinformation,pinball_0.5,0.969896858361353,3.028416307002729,4.968210023725435,1416
2023,2024,PRT,disinformation,pinball_0.5,0.2134260610634764,2.214592323011089,2.641444445138042,1416
2023,2024,PRY,disinformation,pinball_0.5,0.94001326375537,4.669145779817626,2.789119252306886,1416
2023,2024,PSE,disinformation,pinball_0.5,13.145546844013042,-22.857327391332436,3.4337662966936477,1416
2023,2024,ROU,disinformation,pinball_0.5,0.9329628066488538,0.9160037643825945,2.781929377680302,1416
2023,2024,RUS,disinformation,pinball_0.5,1.4356556190947494,4.921679662030726,2.0503684238412276,1416
2023,2024,RWA,disinformation,pinball_0.5,1.0120335184364162,7.227171033445344,5.203103996572511,1416
2023,2024,SLB,disinformation,pinball_0.5,0.2836448595370342,2.997559876041038,2.4302701569669694,1416
2023,2024,SLV,disinformation,pinball_0.5,0.25919616378101695,2.590463710779403,2.072071383217369,1416
2023,2024,SVK,disinformation,pinball_0.5,0.09547575734457336,1.938674455494464,2.1296259701836107,1416
2023,2024,SVN,disinformation,pinball_0.5,1.075375956666437,1.7313972247949323,3.882149138127806,1416
2023,2024,SWE,disinformation,pinball_0.5,0.3775412242588505,1.0177963330439752,1.7728787815616762,1416
2023,2024,TCD,disinformation,pinball_0.5,0.7183567113826888,4.952104846071251,3.515391423305873,1416
2023,2024,THA,disinformation,pinball_0.5,0.42572375192211886,2.9485998659332324,2.0971523620889947,1416
2023,2024,TUR,disinformation,pinball_0.5,0.5683391256302208,3.327623089379898,4.46430134064034,1416
2023,2024,TZA,disinformation,pinball_0.5,0.12436685256585278,5.526313830594503,5.277580125462798,1416
2023,2024,UGA,disinformation,pinball_0.5,0.9343510826759673,6.055580758755895,4.186878593403961,1416
2023,2024,UKR,disinformation,pinball_0.5,2.1305544638588474,3.2481180842642345,7.509227011981929,1416
2023,2024,URY,disinformation,pinball_0.5,1.1173964458814305,3.325759059573812,1.0909661678109508,1416
2023,2024,USA,disinformation,pinball_0.5,0.3194069422379666,2.7931871536384136,2.1543732691624804,1416
2023,2024,UZB,disinformation,pinball_0.5,0.7163413013194155,6.676187961883613,5.243505359244782,1416
2023,2024,VNM,disinformation,pinball_0.5,1.5366558124448062,7.039551971230182,3.9662403463405695,1416
2023,2024,XKX,disinformation,pinball_0.5,0.47606561501280487,4.573097168116604,3.620965938090994,1416
2023,2024,ZAF,disinformation,pinball_0.5,1.4088214620474826,0.534843531905139,3.352486456000104,1416
2023,2024,ZMB,disinformation,pinball_0.5,0.049193404573727895,3.8200482551859096,3.721661446038454,1416
2023,2024,AGO,disinformation,pinball_0.9,2.8076298644566715,4.95267860425956,1.8330898659743697,1416
2023,2024,ALB,disinformation,pinball_0.9,0.10655083200151257,4.0459284509534825,5.111436770968608,1416
2023,2024,ARE,disinformation,pinball_0.9,0.18275799182813404,3.991812003618307,5.819391921899648,1416
2023,2024,ARG,disinformation,pinball_0.9,1.0533826069110335,-1.342930721577389,9.190895347532948,1416
2023,2024,ARM,disinformation,pinball_0.9,0.2050868644144765,5.900000000462285,7.95086864460705,1416
2023,2024,AUS,disinformation,pinball_0.9,0.2640539639072573,1.3734077336597466,4.0139473727323205,1416
2023,2024,AUT,disinformation,pinball_0.9,0.5245994776967793,-0.6590895731713715,4.586905203796422,1416
2023,2024,BEL,disinformation,pinball_0.9,0.2698068423320207,1.0977538382870335,3.795822261607241,1416
2023,2024,BGD,disinformation,pinball_0.9,0.4343620093964186,4.223259112501609,8.566879206465796,1416
2023,2024,BGR,disinformation,pinball_0.9,0.18593523510608737,3.3870896200933345,5.2464419711542085,1416
2023,2024,BIH,disinformation,pinball_0.9,0.5645159042371852,3.2267997981085585,8.871958840480412,1416
2023,2024,BLR,disinformation,pinball_0.9,0.015538244818093447,4.349996381405788,4.505378829586722,1416
2023,2024,BOL,disinformation,pinball_0.9,0.7001851884567915,-1.1233559551721155,5.8784959293958,1416
2023,2024,BRA,disinformation,pinball_0.9,0.32278972979392573,3.419315165019057,6.647212462958315,1416
2023,2024,BTN,disinformation,pinball_0.9,1.6811606607938085,7.498562067540377,5.630605777769478,1416
2023,2024,BWA,disinformation,pinball_0.9,1.4753579948968991,-2.779889816662518,11.973690132306476,1416
2023,2024,CAF,disinformation,pinball_0.9,0.3735999025487215,1.4999999984753458,5.235999023962561,1416
2023,2024,CHL,disinformation,pinball_0.9,0.5047883801315464,2.805126371066109,7.853010172381573,1416
2023,2024,CHN,disinformation,pinball_0.9,0.33247468367572325,4.958303787880908,8.283050624638141,1416
2023,2024,COG,disinformation,pinball_0.9,0.48053747191957946,2.09998918002519,6.905363899220986,1416
2023,2024,COL,disinformation,pinball_0.9,0.5395540259180996,1.493307287710664,6.888847546891662,1416
2023,2024,COM,disinformation,pinball_0.9,0.09196287122453854,3.300714985000326,4.220343697245712,1416
2023,2024,CRI,disinformation,pinball_0.9,0.2230057931667901,4.082924441820481,6.312982373488382,1416
2023,2024,CYP,disinformation,pinball_0.9,1.2258066916067454,3.940769344477872,16.198836260545328,1416
2023,2024,CZE,disinformation,pinball_0.9,0.3759406622620495,1.251310962459229,5.010717585079725,1416
2023,2024,DJI,disinformation,pinball_0.9,0.13926725721821176,6.980484672763339,8.373157244945457,1416
2023,2024,DNK,disinformation,pinball_0.9,0.2225255092682469,3.4778359314031206,5.70309102408559,1416
2023,2024,DOM,disinformation,pinball_0.9,0.8519050595757083,4.953522044928491,13.472572640685575,1416
2023,2024,DZA,disinformation,pinball_0.9,0.10838167120170601,3.699999999079793,3.5795759199667865,1416
2023,2024,ECU,disinformation,pinball_0.9,0.8721432583407418,-1.9440902250685923,6.777342358338829,1416
2023,2024,ESP,disinformation,pinball_0.9,0.3109529034652221,3.4552540563019107,6.5647830909541325,1416
2023,2024,EST,disinformation,pinball_0.9,1.0157442285201208,-0.09004286484938,10.06739942035183,1416
2023,2024,FIN,disinformation,pinball_0.9,0.3128276342761519,0.3745665685384267,3.5028429112999464,1416
2023,2024,FJI,disinformation,pinball_0.9,2.5433041556293685,3.530858960763524,0.7049654545086703,1416
2023,2024,FRA,disinformation,pinball_0.9,0.07961139816290251,1.1904679827588325,1.9865819643878577,1416
2023,2024,GBR,disinformation,pinball_0.9,0.4340988886123132,1.0802771685878128,5.421266054710946,1416
2023,2024,GEO,disinformation,pinball_0.9,0.015726458554414433,9.679793797126608,9.837058382670753,1416
2023,2024,GHA,disinformation,pinball_0.9,0.5738545663616761,5.847468542803824,11.586014206420586,1416
2023,2024,GIN,disinformation,pinball_0.9,0.683041857205637,5.350046590492653,12.180465162549025,1416
2023,2024,GMB,disinformation,pinball_0.9,0.04949298656694551,5.551260658051376,6.046190523720831,1416
2023,2024,GNQ,disinformation,pinball_0.9,0.13349630034308033,0.3962255209519298,1.7311885243827334,1416
2023,2024,GRC,disinformation,pinball_0.9,0.36845940177704567,2.086574338060302,5.77116835583076,1416
2023,2024,GTM,disinformation,pinball_0.9,0.12094906713042294,3.715584537797767,4.925075209101997,1416
2023,2024,HKG,disinformation,pinball_0.9,0.09951763435422951,2.62936861207362,3.6245449556159155,1416
2023,2024,HND,disinformation,pinball_0.9,0.0739604654980308,3.6324074545087512,4.372012109489059,1416
2023,2024,HRV,disinformation,pinball_0.9,0.920867468784478,3.825784401268592,13.034459089113374,1416
2023,2024,HUN,disinformation,pinball_0.9,0.5775643693214648,0.7090705990660382,6.484714292280688,1416
2023,2024,IDN,disinformation,pinball_0.9,0.13767508003936224,5.032574770885191,6.4093255712788135,1416
2023,2024,IND,disinformation,pinball_0.9,0.34164369715332343,7.099278931765184,10.51571590329842,1416
2023,2024,IRL,disinformation,pinball_0.9,1.374933657492854,2.599467215537075,16.348803790465617,1416
2023,2024,IRQ,disinformation,pinball_0.9,0.6390779377786889,-1.5452519831917328,4.845527394595158,1416
2023,2024,ISL,disinformation,pinball_0.9,0.8447352200343561,-1.2828764442695046,7.164475756074058,1416
2023,2024,ISR,disinformation,pinball_0.9,0.8023999120554872,0.9536184692385348,8.97761758979341,1416
2023,2024,ITA,disinformation,pinball_0.9,0.2988130607363316,0.7830391352767947,3.7711697426401116,1416
2023,2024,JPN,disinformation,pinball_0.9,0.201683305448976,-0.2400842360416959,1.7767488184480644,1416
2023,2024,KAZ,disinformation,pinball_0.9,0.021394680501264314,4.999999999969361,5.213946804982005,1416
2023,2024,KEN,disinformation,pinball_0.9,0.24756258456356073,4.660195945718911,7.135821791354519,1416
2023,2024,KGZ,disinformation,pinball_0.9,2.730006648893324,11.539711940655948,8.506371219663366,1416
2023,2024,KHM,disinformation,pinball_0.9,0.03188315032443957,6.015814573520203,6.3346460767645985,1416
2023,2024,KOR,disinformation,pinball_0.9,0.09350437266558702,2.003611018389861,2.9386547450457314,1416
2023,2024,LSO,disinformation,pinball_0.9,1.3164709180591874,5.225033803361015,3.762288338850807,1416
2023,2024,LTU,disinformation,pinball_0.9,0.5088597231630128,3.030195437675957,8.118792669306085,1416
2023,2024,LUX,disinformation,pinball_0.9,0.6930765077159639,0.3586140039822254,7.289379081141865,1416
2023,2024,LVA,disinformation,pinball_0.9,0.7354092180320663,-0.0370556648288982,7.317036515491766,1416
2023,2024,MAR,disinformation,pinball_0.9,0.24652254568189183,3.79336515978963,6.258590616608549,1416
2023,2024,MDA,disinformation,pinball_0.9,1.2379217476714783,0.2706704555125725,12.649887932227358,1416
2023,2024,MDG,disinformation,pinball_0.9,0.20628318203653281,4.322837280879924,6.385669101245252,1416
2023,2024,MDV,disinformation,pinball_0.9,3.3009824851043192,3.494404226542855,36.504229077586054,1416
2023,2024,MEX,disinformation,pinball_0.9,0.42560072902242085,1.3505763138469575,5.606583604071167,1416
2023,2024,MKD,disinformation,pinball_0.9,0.3249600685094022,2.993735365677324,6.2433360507713465,1416
2023,2024,MLT,disinformation,pinball_0.9,0.8823421163176531,6.212759969910337,15.03618113308687,1416
2023,2024,MNE,disinformation,pinball_0.9,0.5447071882696842,3.164098863299131,8.611170745995974,1416
2023,2024,MNG,disinformation,pinball_0.9,0.4417620088805111,5.122045391226607,9.539665480031719,1416
2023,2024,MOZ,disinformation,pinball_0.9,0.7101839614841691,2.148924991353553,9.250764606195245,1416
2023,2024,MUS,disinformation,pinball_0.9,0.13033804805398944,4.948442352505737,6.251822833045631,1416
2023,2024,MWI,disinformation,pinball_0.9,0.4809373653566529,1.673434085291504,6.482807738858034,1416
2023,2024,MYS,disinformation,pinball_0.9,0.12610176247000682,5.105459210240412,6.366476834940481,1416
2023,2024,NAM,disinformation,pinball_0.9,0.02438478131571386,3.7785172326759096,4.022365045833048,1416
2023,2024,NIC,disinformation,pinball_0.9,0.46016212314344135,3.5809449532454067,8.182566184679821,1416
2023,2024,NLD,disinformation,pinball_0.9,0.428236534270777,1.0738313731985445,5.356196715906315,1416
2023,2024,NOR,disinformation,pinball_0.9,0.4299130290954573,1.4237213452473725,5.722851636201947,1416
2023,2024,NPL,disinformation,pinball_0.9,0.29448527586685663,3.677874596977034,6.622727355645601,1416
2023,2024,PAK,disinformation,pinball_0.9,0.4045308310402912,3.0817629557930104,7.127071266195923,1416
2023,2024,PAN,disinformation,pinball_0.9,0.5096713214600895,2.7478414877130746,7.844554702313971,1416
2023,2024,PER,disinformation,pinball_0.9,0.46002608238534953,3.5152749274832047,8.1155357513367,1416
2023,2024,PHL,disinformation,pinball_0.9,0.18763400223272658,5.714745261286524,7.59108528361379,1416
2023,2024,POL,disinformation,pinball_0.9,0.5861584826939202,3.028416307002729,8.890001133941933,1416
2023,2024,PRT,disinformation,pinball_0.9,0.32957998943492217,2.214592323011089,5.5103922173603115,1416
2023,2024,PRY,disinformation,pinball_0.9,0.36296962963250373,4.669145779817626,8.298842076142664,1416
2023,2024,PSE,disinformation,pinball_0.9,3.076915754475809,-22.857327391332436,7.911830153425661,1416
2023,2024,ROU,disinformation,pinball_0.9,0.5564700866869828,0.9160037643825945,6.480704631252424,1416
2023,2024,RUS,disinformation,pinball_0.9,0.08792274794108612,4.921679662030726,5.800907141441588,1416
2023,2024,RWA,disinformation,pinball_0.9,0.19893448140616693,7.227171033445344,9.216515847507013,1416
2023,2024,SLB,disinformation,pinball_0.9,0.16169256412720467,2.997559876041038,4.614485517313085,1416
2023,2024,SLV,disinformation,pinball_0.9,0.20610040197931095,2.590463710779403,4.651467730572513,1416
2023,2024,SVK,disinformation,pinball_0.9,0.6768868598712298,1.938674455494464,8.707543054206763,1416
2023,2024,SVN,disinformation,pinball_0.9,0.5877057757191021,1.7313972247949323,7.608454981985955,1416
2023,2024,SWE,disinformation,pinball_0.9,0.48355875631808737,1.0177963330439752,5.85338389622485,1416
2023,2024,TCD,disinformation,pinball_0.9,0.5440266602114779,4.952104846071251,4.3476307791696085,1416
2023,2024,THA,disinformation,pinball_0.9,0.3016436081103169,2.9485998659332324,5.965035947036402,1416
2023,2024,TUR,disinformation,pinball_0.9,0.8886990652454152,3.327623089379898,12.214613741834052,1416
2023,2024,TZA,disinformation,pinball_0.9,0.16651228023721562,5.526313830594503,7.19143663296666,1416
2023,2024,UGA,disinformation,pinball_0.9,0.02980747151139828,6.055580758755895,6.353655473869878,1416
2023,2024,UKR,disinformation,pinball_0.9,0.726595534369111,3.2481180842642345,10.514073427955346,1416
2023,2024,URY,disinformation,pinball_0.9,0.1999964929196895,3.325759059573812,5.325723988770707,1416
2023,2024,USA,disinformation,pinball_0.9,0.09960176715041957,2.7931871536384136,3.7892048251426096,1416
2023,2024,UZB,disinformation,pinball_0.9,0.18833798942339838,6.676187961883613,8.559567856117598,1416
2023,2024,VNM,disinformation,pinball_0.9,0.09797077973736756,7.039551971230182,8.019259768603858,1416
2023,2024,XKX,disinformation,pinball_0.9,0.3039875501156682,4.573097168116604,7.612972669273287,1416
2023,2024,ZAF,disinformation,pinball_0.9,0.4558051038206902,0.534843531905139,5.092894570112042,1416
2023,2024,ZMB,disinformation,pinball_0.9,0.1784072369108808,3.8200482551859096,5.604120624294718,1416
