channel,h,var,coef,se,p,n,countries,cov_M_F,specification
G,1,M_z,-0.7528237367192032,0.5232313679441096,0.15281122539346245,1094,121,-0.034568686749886626,no_fill
G,1,MxW_F,-0.4225686898300174,0.19315069075702043,0.030624594497890116,1094,121,-0.034568686749886626,no_fill
G,1,MxW_T,-0.07028521671652821,0.6905391484221841,0.919098717776778,1094,121,-0.034568686749886626,no_fill
G,1,MxW_I,-0.40711946813159916,0.444573444405915,0.36163305285605113,1094,121,-0.034568686749886626,no_fill
G,1,W_F,1.1081148676411121,0.22736749272421297,3.387421401243959e-06,1094,121,-0.034568686749886626,no_fill
G,1,W_T,5.727774733808184,1.5070961030114898,0.0002282888911627922,1094,121,-0.034568686749886626,no_fill
G,1,W_I,1.3466513073099429,0.6518110285402722,0.04097935546814922,1094,121,-0.034568686749886626,no_fill
G,1,infl_z,-1.6374117051703077,0.5207179186683364,0.0020971538734642723,1094,121,-0.034568686749886626,no_fill
G,1,gov_eff_z,-4.183600042748627,1.0520039629915514,0.00011985404101067657,1094,121,-0.034568686749886626,no_fill
G,1,growth_lag,0.07956368779150716,0.078743898712501,0.3143315284554202,1094,121,-0.034568686749886626,no_fill
G,1,lgdp_pc,4.487067217872217,2.9865945611312035,0.1356201979478906,1094,121,-0.034568686749886626,no_fill
G,2,M_z,-0.44802473665758574,0.74118123149289,0.5466793783602398,1041,120,-0.04233753668891209,no_fill
G,2,MxW_F,-1.0213635441649007,0.2723437546508559,0.0002742756185013753,1041,120,-0.04233753668891209,no_fill
G,2,MxW_T,0.46244235251833277,0.9630098638537811,0.6319630263699774,1041,120,-0.04233753668891209,no_fill
G,2,MxW_I,-0.7569632520192602,0.5856302110095902,0.19866677672411806,1041,120,-0.04233753668891209,no_fill
G,2,W_F,1.364739519005489,0.3532957674770209,0.000182863358152283,1041,120,-0.04233753668891209,no_fill
G,2,W_T,7.908463212097049,2.1424410934156195,0.0003380041826895087,1041,120,-0.04233753668891209,no_fill
G,2,W_I,1.6564173964100106,0.8454235927547475,0.05241905416739203,1041,120,-0.04233753668891209,no_fill
G,2,infl_z,-0.6171505943905964,0.500539431208198,0.2200167295994702,1041,120,-0.04233753668891209,no_fill
G,2,gov_eff_z,-3.5049636846961376,1.236587656552821,0.005395845934110171,1041,120,-0.04233753668891209,no_fill
G,2,growth_lag,0.0414902447041308,0.09541245592051091,0.6644578306223594,1041,120,-0.04233753668891209,no_fill
G,2,lgdp_pc,-5.797937291038975,3.895962309589336,0.1393456624079903,1041,120,-0.04233753668891209,no_fill
N,1,M_z,0.4098583695685974,2.064465775745089,0.8429903497915665,1054,113,0.046669587465158716,no_fill
N,1,MxW_F,-1.9882331691844508,1.2253959708088018,0.10750302218113762,1054,113,0.046669587465158716,no_fill
N,1,MxW_T,1.0743104627264655,1.7640313376387957,0.5437519886780915,1054,113,0.046669587465158716,no_fill
N,1,MxW_I,-2.423264491894601,1.3590481696223857,0.0772854079970372,1054,113,0.046669587465158716,no_fill
N,1,W_F,4.821323124584257,0.8621374766445578,1.6033035792756855e-07,1054,113,0.046669587465158716,no_fill
N,1,W_T,11.476547749396339,5.078997997769507,0.02578001822000412,1054,113,0.046669587465158716,no_fill
N,1,W_I,1.9556153660706015,2.4514171983446746,0.4267043600878265,1054,113,0.046669587465158716,no_fill
N,1,infl_z,-1.4563550413888804,1.0823060731010108,0.18114815777723947,1054,113,0.046669587465158716,no_fill
N,1,gov_eff_z,-3.828383658995471,3.811519509879134,0.3173391611384951,1054,113,0.046669587465158716,no_fill
N,1,growth_lag,0.5675416629989206,0.43392869442223203,0.19358043824262414,1054,113,0.046669587465158716,no_fill
N,1,lgdp_pc,-0.5272130923897596,12.06982657579432,0.9652370594184843,1054,113,0.046669587465158716,no_fill
N,1,outcome_lag,-0.14053531996538188,0.10216747525831191,0.17170933645699749,1054,113,0.046669587465158716,no_fill
N,2,M_z,2.377359892346534,2.581183442225463,0.3590118852819645,1001,113,0.21727248805460986,no_fill
N,2,MxW_F,-2.5424185964439783,1.7444983644604193,0.14780626635442062,1001,113,0.21727248805460986,no_fill
N,2,MxW_T,0.1772853884311566,2.9775544370121887,0.9526276344919903,1001,113,0.21727248805460986,no_fill
N,2,MxW_I,-4.891171541552805,2.3514261757910577,0.03979907697658431,1001,113,0.21727248805460986,no_fill
N,2,W_F,6.6724304158929275,1.7581768156398911,0.00023992557125296975,1001,113,0.21727248805460986,no_fill
N,2,W_T,16.163035940383768,6.564585071335633,0.015334200953061709,1001,113,0.21727248805460986,no_fill
N,2,W_I,4.76664026964792,3.441309847062011,0.16876727728974103,1001,113,0.21727248805460986,no_fill
N,2,infl_z,1.339732547185691,1.481070556262174,0.3676346985869068,1001,113,0.21727248805460986,no_fill
N,2,gov_eff_z,-1.301845278999497,5.3636982036473135,0.8086707975499774,1001,113,0.21727248805460986,no_fill
N,2,growth_lag,0.20813321977669097,0.32723838706225616,0.526054878453247,1001,113,0.21727248805460986,no_fill
N,2,lgdp_pc,-27.295163315187278,16.99054683471571,0.11098181907726858,1001,113,0.21727248805460986,no_fill
N,2,outcome_lag,-0.16608186132276687,0.05703711770554189,0.004337299035487786,1001,113,0.21727248805460986,no_fill
I,1,M_z,-0.13203760564369227,0.2360373352903818,0.5775384682488786,868,77,0.0003826363775332247,no_fill
I,1,MxW_F,0.14395093760165975,0.08952355769253105,0.1119891135662004,868,77,0.0003826363775332247,no_fill
I,1,MxW_T,-0.1633422675734062,0.2910744973594358,0.5763325996284684,868,77,0.0003826363775332247,no_fill
I,1,MxW_I,-0.052990826694468446,0.17516660116982824,0.7630845947879155,868,77,0.0003826363775332247,no_fill
I,1,W_F,0.013085862169219718,0.15096708305900944,0.9311536567635482,868,77,0.0003826363775332247,no_fill
I,1,W_T,0.04374848850494384,0.44167990943690766,0.9213591985437001,868,77,0.0003826363775332247,no_fill
I,1,W_I,-3.8853259429010683,0.18677439060983697,4.154885712077353e-33,868,77,0.0003826363775332247,no_fill
I,1,infl_z,0.0405241585079793,0.11995926391224453,0.736433185422429,868,77,0.0003826363775332247,no_fill
I,1,gov_eff_z,-0.014916809958301358,0.5173931539923312,0.9770751855994086,868,77,0.0003826363775332247,no_fill
I,1,growth_lag,0.013363337486045497,0.01957732808216544,0.4969397316841855,868,77,0.0003826363775332247,no_fill
I,1,lgdp_pc,-0.174839504338387,1.4844480466135286,0.9065520559801648,868,77,0.0003826363775332247,no_fill
I,2,M_z,-0.22367660579337978,0.3305121061741148,0.5006697561190576,786,75,-0.006905050116269685,no_fill
I,2,MxW_F,0.18720905786089728,0.11395946318390725,0.10467368664023653,786,75,-0.006905050116269685,no_fill
I,2,MxW_T,-0.17281930336260848,0.36862889200882665,0.640579020682553,786,75,-0.006905050116269685,no_fill
I,2,MxW_I,-0.007002095563476446,0.23187323782455946,0.975990483855666,786,75,-0.006905050116269685,no_fill
I,2,W_F,-0.026555715290228543,0.17580200844974994,0.8803436106196161,786,75,-0.006905050116269685,no_fill
I,2,W_T,-0.3305501986576199,0.571188821907874,0.5645450885882578,786,75,-0.006905050116269685,no_fill
I,2,W_I,-4.132440593004821,0.7678838973309956,8.323595443431035e-07,786,75,-0.006905050116269685,no_fill
I,2,infl_z,0.12182226134279589,0.15007019528476886,0.4195280283137515,786,75,-0.006905050116269685,no_fill
I,2,gov_eff_z,-0.14062012381255434,0.6733019914496251,0.8351380089272287,786,75,-0.006905050116269685,no_fill
I,2,growth_lag,-0.041680358224874856,0.022791122490830377,0.07145919582443903,786,75,-0.006905050116269685,no_fill
I,2,lgdp_pc,0.03534117999265274,1.882855332416963,0.985075109857909,786,75,-0.006905050116269685,no_fill
T,1,M_z,-1.7263549163702234,1.8956789819657311,0.3643530620636746,1057,117,-0.44214809057631077,no_fill
T,1,MxW_F,-0.40130422707209246,0.5103076995666941,0.433238754248915,1057,117,-0.44214809057631077,no_fill
T,1,MxW_T,-4.725429729216247,2.2322100566200116,0.0364027288903183,1057,117,-0.44214809057631077,no_fill
T,1,MxW_I,-2.1719052909988217,1.558909337917682,0.1662169760761957,1057,117,-0.44214809057631077,no_fill
T,1,W_F,1.9614300983450548,0.6752523421580665,0.004402361257427675,1057,117,-0.44214809057631077,no_fill
T,1,W_T,-5.729186479854409,2.9880868587084,0.05765363408873306,1057,117,-0.44214809057631077,no_fill
T,1,W_I,2.554542606380551,2.9908380663105376,0.39479746221086853,1057,117,-0.44214809057631077,no_fill
T,1,infl_z,-0.5487301892409456,0.8626733470291201,0.5259766128374077,1057,117,-0.44214809057631077,no_fill
T,1,gov_eff_z,-3.347609593894627,2.619798046262313,0.20386694298925445,1057,117,-0.44214809057631077,no_fill
T,1,growth_lag,-0.11698973836695975,0.18829885857079018,0.5356224699108832,1057,117,-0.44214809057631077,no_fill
T,1,lgdp_pc,1.1333143342478458,8.422835741468992,0.8931988136572906,1057,117,-0.44214809057631077,no_fill
T,1,outcome_lag,-0.16363714460662618,0.07043225248822213,0.02190371552976159,1057,117,-0.44214809057631077,no_fill
T,2,M_z,-1.855408610715955,2.3294130704024094,0.42736087277501833,1005,117,-0.7376711767968729,no_fill
T,2,MxW_F,-1.3752173025308196,0.6863861010913516,0.04744772948818436,1005,117,-0.7376711767968729,no_fill
T,2,MxW_T,-5.25070642926328,2.894978745147774,0.07230457351005853,1005,117,-0.7376711767968729,no_fill
T,2,MxW_I,-2.948278583620975,1.9552741837238652,0.13430922763652733,1005,117,-0.7376711767968729,no_fill
T,2,W_F,1.669686505995199,0.9267280257651753,0.0741899018421434,1005,117,-0.7376711767968729,no_fill
T,2,W_T,-7.524654192774454,3.9400650674238022,0.05863119130442819,1005,117,-0.7376711767968729,no_fill
T,2,W_I,3.0759708228420064,4.130525345635692,0.45796374208360513,1005,117,-0.7376711767968729,no_fill
T,2,infl_z,0.65649957075732,1.1706370230715315,0.5760118451653156,1005,117,-0.7376711767968729,no_fill
T,2,gov_eff_z,-3.0022041706210807,3.653928591037997,0.412968867814571,1005,117,-0.7376711767968729,no_fill
T,2,growth_lag,-0.17588684728815462,0.21474489407619649,0.41443731687159435,1005,117,-0.7376711767968729,no_fill
T,2,lgdp_pc,-10.121262860433548,12.273895468475427,0.411281505083411,1005,117,-0.7376711767968729,no_fill
T,2,outcome_lag,-0.24630393124420338,0.06660364358258938,0.0003334223741232403,1005,117,-0.7376711767968729,no_fill
F,1,M_z,1.1058715516591926,0.6224713805339194,0.07823599507083033,1069,118,0.1312872351531482,no_fill
F,1,MxW_F,0.6887434077997946,0.33565445268280664,0.042406965477656135,1069,118,0.1312872351531482,no_fill
F,1,MxW_T,-0.04210399661494213,0.6520715228133686,0.9486268836694667,1069,118,0.1312872351531482,no_fill
F,1,MxW_I,-0.5094546981215506,0.4570916368840814,0.26732454341720696,1069,118,0.1312872351531482,no_fill
F,1,W_F,-3.513230208057919,0.44991836048834366,2.7275420104622295e-12,1069,118,0.1312872351531482,no_fill
F,1,W_T,-2.0641931343065716,1.3337344420327797,0.12440024763991762,1069,118,0.1312872351531482,no_fill
F,1,W_I,-0.08235693427941365,0.8045197423787205,0.9186399648320467,1069,118,0.1312872351531482,no_fill
F,1,infl_z,0.49083632472687866,0.24086283950709966,0.043822665826159415,1069,118,0.1312872351531482,no_fill
F,1,gov_eff_z,0.7851372784374204,1.5228134014961279,0.6071182964354772,1069,118,0.1312872351531482,no_fill
F,1,growth_lag,-0.3044029013972721,0.09310588895471746,0.0014155619053798994,1069,118,0.1312872351531482,no_fill
F,1,lgdp_pc,-8.883874663740936,3.729495424118405,0.01882858280859318,1069,118,0.1312872351531482,no_fill
F,2,M_z,1.7278616089937935,0.8752453285521589,0.05074191823467653,1007,117,0.23552734577232243,no_fill
F,2,MxW_F,1.3371103507506963,0.4218423905889435,0.0019518272069035457,1007,117,0.23552734577232243,no_fill
F,2,MxW_T,-0.533672262305477,0.9085663351754427,0.5580911796131461,1007,117,0.23552734577232243,no_fill
F,2,MxW_I,-0.7406228033723632,0.6409351479953542,0.25024611432001215,1007,117,0.23552734577232243,no_fill
F,2,W_F,-5.666014036565633,0.4320420054528438,1.1828570705330847e-24,1007,117,0.23552734577232243,no_fill
F,2,W_T,-3.076222603039116,1.543265733016075,0.048573399779010935,1007,117,0.23552734577232243,no_fill
F,2,W_I,-0.1809517819898061,1.110935203644484,0.8708944522501414,1007,117,0.23552734577232243,no_fill
F,2,infl_z,0.818238112814432,0.525510671205287,0.12218651461033707,1007,117,0.23552734577232243,no_fill
F,2,gov_eff_z,0.9297404841756403,1.9888180062218341,0.64103069036455,1007,117,0.23552734577232243,no_fill
F,2,growth_lag,-0.36863061992872376,0.10075078881012581,0.0003825950285368356,1007,117,0.23552734577232243,no_fill
F,2,lgdp_pc,-10.750563077744129,4.194151797264409,0.011649487412649425,1007,117,0.23552734577232243,no_fill
G,1,M_z,-1.0364265679661964,0.4751907653526315,0.03112815204310995,942,121,0.027332027319905274,post2015
G,1,MxW_F,0.44695133693924555,0.545454580401413,0.4141765789781754,942,121,0.027332027319905274,post2015
G,1,MxW_T,1.8115003023178127,0.7674850125566254,0.01987271045566616,942,121,0.027332027319905274,post2015
G,1,MxW_I,0.7307944206976271,0.5584765533621184,0.19318754246507164,942,121,0.027332027319905274,post2015
G,1,W_F,1.0835000991246713,0.7803991767805012,0.1675895980695685,942,121,0.027332027319905274,post2015
G,1,W_T,1.1477613642358961,1.6344212706326242,0.48388737178601854,942,121,0.027332027319905274,post2015
G,1,W_I,0.4379593484182443,0.8860265596799531,0.6220008371911945,942,121,0.027332027319905274,post2015
G,1,infl_z,-2.512912457263087,0.5102673149797161,2.728620204058293e-06,942,121,0.027332027319905274,post2015
G,1,gov_eff_z,-3.176453512972178,1.6904269450132805,0.06265894588913187,942,121,0.027332027319905274,post2015
G,1,growth_lag,-0.32636299223332566,0.05871176788356793,1.6693127993458072e-07,942,121,0.027332027319905274,post2015
G,1,lgdp_pc,7.192821875808775,4.4067764281231705,0.1052549442529082,942,121,0.027332027319905274,post2015
G,2,M_z,-1.5070093423604445,0.8059907080491612,0.06395422772543699,839,121,0.012769183208215464,post2015
G,2,MxW_F,-0.10130759676440809,0.6053139189033051,0.8673655743979828,839,121,0.012769183208215464,post2015
G,2,MxW_T,2.185887686292936,1.0634269298287,0.0419992109754008,839,121,0.012769183208215464,post2015
G,2,MxW_I,1.1434776585065136,0.7210073778125601,0.11538361143952401,839,121,0.012769183208215464,post2015
G,2,W_F,0.512553867630126,0.9266237531963363,0.5811957027518172,839,121,0.012769183208215464,post2015
G,2,W_T,0.9637515295321135,2.04866044453517,0.6389016772711364,839,121,0.012769183208215464,post2015
G,2,W_I,0.33519680574410027,1.2351274794021438,0.7865601665750254,839,121,0.012769183208215464,post2015
G,2,infl_z,-1.8809428388355403,0.5993626473303924,0.0021391439157924064,839,121,0.012769183208215464,post2015
G,2,gov_eff_z,-2.967356349599126,2.5345079046695558,0.24400610251111185,839,121,0.012769183208215464,post2015
G,2,growth_lag,-0.41164788555867055,0.05345576681671651,4.2724096355606635e-12,839,121,0.012769183208215464,post2015
G,2,lgdp_pc,-10.80536810209419,6.138399656341848,0.08090636935112577,839,121,0.012769183208215464,post2015
N,1,M_z,-1.107307545322628,2.299127987966029,0.6310068618457518,879,114,1.9665208176990232,post2015
N,1,MxW_F,-1.6002618606542112,2.4391099124760465,0.5131035642495022,879,114,1.9665208176990232,post2015
N,1,MxW_T,6.263020723394908,3.2041811288076594,0.0530956574007589,879,114,1.9665208176990232,post2015
N,1,MxW_I,2.1563573364431345,1.647183070986002,0.1931501704187536,879,114,1.9665208176990232,post2015
N,1,W_F,2.306387150298308,2.9150715812231804,0.43048833670685027,879,114,1.9665208176990232,post2015
N,1,W_T,-2.2558494068648365,6.992566279647077,0.7475891852795786,879,114,1.9665208176990232,post2015
N,1,W_I,-2.0918783179983165,1.8498138331268734,0.2605089374447083,879,114,1.9665208176990232,post2015
N,1,infl_z,-5.476328182113432,2.08310627704778,0.009757381317889544,879,114,1.9665208176990232,post2015
N,1,gov_eff_z,-12.587765991716033,6.172550379248738,0.043751625270855944,879,114,1.9665208176990232,post2015
N,1,growth_lag,-0.1901537567806184,0.2807014768237635,0.49952193516370896,879,114,1.9665208176990232,post2015
N,1,lgdp_pc,-7.754717412579993,20.56566279370533,0.7068279554112343,879,114,1.9665208176990232,post2015
N,1,outcome_lag,-0.27972025693927705,0.0581799907713997,4.740002201385419e-06,879,114,1.9665208176990232,post2015
N,2,M_z,-2.5528645948380833,2.635332457859816,0.33476030106630905,782,114,2.5205240810539067,post2015
N,2,MxW_F,-4.5192947994163735,3.027395155264955,0.13827643325140368,782,114,2.5205240810539067,post2015
N,2,MxW_T,6.969655334996933,2.942997451445586,0.019572342049193118,782,114,2.5205240810539067,post2015
N,2,MxW_I,2.948226082699719,2.1233913687481754,0.16773053995327963,782,114,2.5205240810539067,post2015
N,2,W_F,1.0638568355064009,3.4175421088541764,0.7561514640192637,782,114,2.5205240810539067,post2015
N,2,W_T,2.3293880235212763,5.075732659063983,0.6471685078227413,782,114,2.5205240810539067,post2015
N,2,W_I,-3.7944297324935903,2.669172790042122,0.15790368815873493,782,114,2.5205240810539067,post2015
N,2,infl_z,-2.76735109146125,2.4505922732331467,0.2611805504493704,782,114,2.5205240810539067,post2015
N,2,gov_eff_z,-14.083390459640661,6.982895720107967,0.046083039765002526,782,114,2.5205240810539067,post2015
N,2,growth_lag,-0.2983873427263149,0.28064395232223793,0.28994730875032254,782,114,2.5205240810539067,post2015
N,2,lgdp_pc,-55.034290610304446,28.314945057068304,0.054424471145802955,782,114,2.5205240810539067,post2015
N,2,outcome_lag,-0.40121836345316403,0.07095571774437764,1.1923195316648288e-07,782,114,2.5205240810539067,post2015
I,1,M_z,0.5337736348728472,0.4081270856426667,0.1951392067791543,430,72,0.038396298380913,post2015
I,1,MxW_F,0.37731102222876794,0.21328017877242356,0.08117405000797856,430,72,0.038396298380913,post2015
I,1,MxW_T,0.9232255475006305,0.45904025339863164,0.04810095179043084,430,72,0.038396298380913,post2015
I,1,MxW_I,0.4921778471437944,0.3076923399448809,0.11413312173095956,430,72,0.038396298380913,post2015
I,1,W_F,0.15272302668700038,0.15756535240229497,0.3357019280593934,430,72,0.038396298380913,post2015
I,1,W_T,0.9769681216446813,1.1085909580007625,0.3811452389033417,430,72,0.038396298380913,post2015
I,1,W_I,-7.1311132872163725,0.4445591646949941,2.616288206560867e-25,430,72,0.038396298380913,post2015
I,1,infl_z,0.03867792548787416,0.14481986105519534,0.7901847905014786,430,72,0.038396298380913,post2015
I,1,gov_eff_z,0.6767796330168443,0.7064031093817764,0.3412814255772609,430,72,0.038396298380913,post2015
I,1,growth_lag,0.0342270015987146,0.02267377750015314,0.13559815973331488,430,72,0.038396298380913,post2015
I,1,lgdp_pc,-5.137216542624889,2.2290251690895015,0.024111726167841276,430,72,0.038396298380913,post2015
I,2,M_z,0.4416566788817145,0.4504880830034398,0.33021967752996634,360,72,0.07433029333740894,post2015
I,2,MxW_F,0.29192856303678244,0.2671111201637019,0.27812749691548716,360,72,0.07433029333740894,post2015
I,2,MxW_T,0.36986776351920736,0.47322491414365525,0.4370542959423299,360,72,0.07433029333740894,post2015
I,2,MxW_I,0.2250841600565361,0.31858227561759683,0.48217816793232043,360,72,0.07433029333740894,post2015
I,2,W_F,0.14101805568785267,0.25676234365753053,0.5845803103727207,360,72,0.07433029333740894,post2015
I,2,W_T,0.04891828556103972,1.018344833167412,0.9618215828650474,360,72,0.07433029333740894,post2015
I,2,W_I,-5.525560891124742,0.943973287481542,1.366844747938983e-07,360,72,0.07433029333740894,post2015
I,2,infl_z,-0.4726590397554477,0.41538926831210665,0.2589999753241131,360,72,0.07433029333740894,post2015
I,2,gov_eff_z,0.6252864936939201,0.777820279075374,0.42414052600718927,360,72,0.07433029333740894,post2015
I,2,growth_lag,-0.028845875841280635,0.026704859851533775,0.2837206557294078,360,72,0.07433029333740894,post2015
I,2,lgdp_pc,-1.4663907839688068,2.156302258411652,0.4986850166039527,360,72,0.07433029333740894,post2015
T,1,M_z,-3.0346586499809303,2.3520395008104313,0.19951691559143317,900,118,0.05020898707467758,post2015
T,1,MxW_F,2.541015266116763,1.7003491799338732,0.13776120701594977,900,118,0.05020898707467758,post2015
T,1,MxW_T,-1.659141447459577,2.839959299761856,0.5602016850100433,900,118,0.05020898707467758,post2015
T,1,MxW_I,-1.001780630092703,1.8382857908391985,0.5868226436130287,900,118,0.05020898707467758,post2015
T,1,W_F,2.4472472636357594,2.258075006493274,0.2806924984314399,900,118,0.05020898707467758,post2015
T,1,W_T,-33.03052042068171,6.387824578585156,9.736131187262272e-07,900,118,0.05020898707467758,post2015
T,1,W_I,2.084713228328967,3.186098980214313,0.5141928330590639,900,118,0.05020898707467758,post2015
T,1,infl_z,-0.5382063428891383,1.0669614664455342,0.6149085851641353,900,118,0.05020898707467758,post2015
T,1,gov_eff_z,-8.283649318203514,7.426608437128192,0.26696420456411857,900,118,0.05020898707467758,post2015
T,1,growth_lag,-0.7582414020760105,0.2640772923385352,0.004854118387339695,900,118,0.05020898707467758,post2015
T,1,lgdp_pc,7.406481805063901,15.730432258850646,0.6386332261727005,900,118,0.05020898707467758,post2015
T,1,outcome_lag,-0.1601223627378103,0.08704142457652692,0.06836040553769904,900,118,0.05020898707467758,post2015
T,2,M_z,-1.5255629599017186,3.738192292854634,0.6839448169654198,801,118,0.15485362272789027,post2015
T,2,MxW_F,1.4607860494507618,2.1100960422108077,0.4901305761611659,801,118,0.15485362272789027,post2015
T,2,MxW_T,-2.429126982134254,4.265360661738117,0.57010801244166,801,118,0.15485362272789027,post2015
T,2,MxW_I,0.005877056995184038,2.2195500644613504,0.9978918255853984,801,118,0.15485362272789027,post2015
T,2,W_F,1.9617816892503508,2.467458327296632,0.42818751266536004,801,118,0.15485362272789027,post2015
T,2,W_T,-33.859576920738505,8.72546712104316,0.00017282464466022052,801,118,0.15485362272789027,post2015
T,2,W_I,2.11965619952515,4.141838451066626,0.6097786711817903,801,118,0.15485362272789027,post2015
T,2,infl_z,1.9640617306208852,2.0413797799744917,0.3379712556710049,801,118,0.15485362272789027,post2015
T,2,gov_eff_z,2.5283041936094657,6.994072817941389,0.7183833650125735,801,118,0.15485362272789027,post2015
T,2,growth_lag,-0.5130089600701834,0.177420924058322,0.004572511882188354,801,118,0.15485362272789027,post2015
T,2,lgdp_pc,-9.63685446305793,18.7892051684738,0.6089930944717105,801,118,0.15485362272789027,post2015
T,2,outcome_lag,-0.35448928184211964,0.07271329746514267,3.453699941057045e-06,801,118,0.15485362272789027,post2015
F,1,M_z,0.4358021538064524,0.4881171385940191,0.3737539730661622,881,120,0.2672871478453403,post2015
F,1,MxW_F,-0.11420648140169143,0.6977982816944492,0.8702710199782059,881,120,0.2672871478453403,post2015
F,1,MxW_T,0.022059457339799193,0.39564499063906855,0.955629943118414,881,120,0.2672871478453403,post2015
F,1,MxW_I,0.12365256203941727,0.24710262988647905,0.61771079965298,881,120,0.2672871478453403,post2015
F,1,W_F,-3.3766686088635622,0.9038199668394057,0.00028857249709766036,881,120,0.2672871478453403,post2015
F,1,W_T,0.4432029833023112,1.693920183935521,0.7940487290124375,881,120,0.2672871478453403,post2015
F,1,W_I,0.03530363197837455,0.5811158979900666,0.9516590702512053,881,120,0.2672871478453403,post2015
F,1,infl_z,0.9252766572445859,0.5133771669233688,0.0740242612507891,881,120,0.2672871478453403,post2015
F,1,gov_eff_z,-1.7837036934302444,1.238976814755961,0.1525894595942013,881,120,0.2672871478453403,post2015
F,1,growth_lag,-0.05074062847854739,0.032773743915131354,0.12422722257773558,881,120,0.2672871478453403,post2015
F,1,lgdp_pc,0.20375930267936937,2.7385586418373076,0.9408139748956924,881,120,0.2672871478453403,post2015
F,2,M_z,0.8450524995765154,0.6420100438881627,0.19065947027355964,777,118,0.4393575065036039,post2015
F,2,MxW_F,0.2953154810334784,0.9088240624365903,0.7458049643603193,777,118,0.4393575065036039,post2015
F,2,MxW_T,0.10853195955888464,0.4602518746729113,0.813992449821122,777,118,0.4393575065036039,post2015
F,2,MxW_I,0.2615061963008855,0.2972656303660393,0.38082217666791796,777,118,0.4393575065036039,post2015
F,2,W_F,-4.845027945332249,0.9437159834400715,1.1427747773323306e-06,777,118,0.4393575065036039,post2015
F,2,W_T,-0.5075922748558717,1.679495877875274,0.7630141408800364,777,118,0.4393575065036039,post2015
F,2,W_I,-0.02528454597695856,0.7272785378123767,0.9723255974317778,777,118,0.4393575065036039,post2015
F,2,infl_z,0.492978669871845,0.3970611651312467,0.21687905765551724,777,118,0.4393575065036039,post2015
F,2,gov_eff_z,-1.4931874396197684,1.4051000931272513,0.2901105452332368,777,118,0.4393575065036039,post2015
F,2,growth_lag,0.015523311773856454,0.05463878941126311,0.7768298772546735,777,118,0.4393575065036039,post2015
F,2,lgdp_pc,2.265283185050013,2.8168837673458706,0.42292367035677153,777,118,0.4393575065036039,post2015
G,1,M_z,-1.4004325223598677,0.6484250187131694,0.032850549328357605,1333,117,-0.03734201897836753,end2022
G,1,MxW_F,-0.5019307306596481,0.2329465279854894,0.03325253778345688,1333,117,-0.03734201897836753,end2022
G,1,MxW_T,0.06312159379715832,0.7396230292391053,0.9321358898244302,1333,117,-0.03734201897836753,end2022
G,1,MxW_I,-0.9153688555829944,0.5664241538334768,0.10880037287314032,1333,117,-0.03734201897836753,end2022
G,1,W_F,1.2436842687187044,0.39706426883057133,0.0021965621982419892,1333,117,-0.03734201897836753,end2022
G,1,W_T,6.1745713879125805,1.2540454407536339,2.8394906565350297e-06,1333,117,-0.03734201897836753,end2022
G,1,W_I,1.085589204209933,0.7060517975470288,0.12688223218926195,1333,117,-0.03734201897836753,end2022
G,1,infl_z,-0.6954622838691439,0.411052126929916,0.09334821093588214,1333,117,-0.03734201897836753,end2022
G,1,gov_eff_z,-2.7784129876653667,0.9018777293947131,0.0025793552103233466,1333,117,-0.03734201897836753,end2022
G,1,growth_lag,-0.2378011760041727,0.12212168216292185,0.053921894390626085,1333,117,-0.03734201897836753,end2022
G,1,lgdp_pc,6.614767748853738,3.2433554864020158,0.04367385671227085,1333,117,-0.03734201897836753,end2022
G,2,M_z,-0.7816080274906807,0.8416587719569404,0.3549978785674681,1232,117,-0.052992943578190566,end2022
G,2,MxW_F,-0.7226249809961295,0.3258614216038362,0.028531682132092586,1232,117,-0.052992943578190566,end2022
G,2,MxW_T,0.4165330028087856,1.0086049559666743,0.6803841199396723,1232,117,-0.052992943578190566,end2022
G,2,MxW_I,-1.4368943513736714,0.6704433690870601,0.03418584562281893,1232,117,-0.052992943578190566,end2022
G,2,W_F,1.681278068028352,0.4323239104199633,0.00016830687138286225,1232,117,-0.052992943578190566,end2022
G,2,W_T,8.901646225524916,1.805850181619088,2.772861804149463e-06,1232,117,-0.052992943578190566,end2022
G,2,W_I,1.313387510495867,0.9347131291395632,0.16265692779808058,1232,117,-0.052992943578190566,end2022
G,2,infl_z,-0.16403533580044755,0.4348476499024268,0.7066957638912493,1232,117,-0.052992943578190566,end2022
G,2,gov_eff_z,-3.558285882578698,1.3112818045560908,0.007670786512457559,1232,117,-0.052992943578190566,end2022
G,2,growth_lag,0.03417047564407992,0.1549282827961252,0.825825314393062,1232,117,-0.052992943578190566,end2022
G,2,lgdp_pc,-5.2620011982981225,4.1418089441174635,0.20646314995143686,1232,117,-0.052992943578190566,end2022
N,1,M_z,-2.6289446200402837,2.2636854898946352,0.24801109258361534,1255,111,-0.6463398381575931,end2022
N,1,MxW_F,-1.320635519139501,1.3920441388351779,0.3448516533012727,1255,111,-0.6463398381575931,end2022
N,1,MxW_T,1.9893535678115284,2.5153849555846723,0.4307191675944384,1255,111,-0.6463398381575931,end2022
N,1,MxW_I,-2.577651941324043,1.9340131785941936,0.1853516686716935,1255,111,-0.6463398381575931,end2022
N,1,W_F,5.481814861885587,1.3210716533979847,6.589601066634305e-05,1255,111,-0.6463398381575931,end2022
N,1,W_T,13.39066927168443,4.826482476006034,0.006499025350571172,1255,111,-0.6463398381575931,end2022
N,1,W_I,1.3316877749866838,2.7902960555105203,0.6341261446867932,1255,111,-0.6463398381575931,end2022
N,1,infl_z,1.3216909924925062,2.0011670438965576,0.5103393410808119,1255,111,-0.6463398381575931,end2022
N,1,gov_eff_z,-5.652681698138161,6.548521281284578,0.38990584710344717,1255,111,-0.6463398381575931,end2022
N,1,growth_lag,-0.20744294713212102,0.5524199362587898,0.7079993307310026,1255,111,-0.6463398381575931,end2022
N,1,lgdp_pc,-15.160346237449994,18.324807218031264,0.40985098038653806,1255,111,-0.6463398381575931,end2022
N,1,outcome_lag,-0.2476651738822243,0.07073822500331377,0.0006703666325689762,1255,111,-0.6463398381575931,end2022
N,2,M_z,-2.1639649327223633,3.5483553785297386,0.5432188462841513,1159,111,-0.3237052515374005,end2022
N,2,MxW_F,-1.9517650046104615,1.7756778705870233,0.2740954823560686,1159,111,-0.3237052515374005,end2022
N,2,MxW_T,2.809136183269911,3.989796978551213,0.48287082018521355,1159,111,-0.3237052515374005,end2022
N,2,MxW_I,-3.7264086131388514,2.9227568411228964,0.20500852654356458,1159,111,-0.3237052515374005,end2022
N,2,W_F,6.912294146821974,2.1330477902148215,0.0015784766605648674,1159,111,-0.3237052515374005,end2022
N,2,W_T,22.162192091997564,6.463138390279252,0.0008535793659045438,1159,111,-0.3237052515374005,end2022
N,2,W_I,3.1624643699503325,4.557323893631113,0.4891888892184257,1159,111,-0.3237052515374005,end2022
N,2,infl_z,2.7820096554558402,2.450019158258586,0.2586317280399622,1159,111,-0.3237052515374005,end2022
N,2,gov_eff_z,-3.3067288932371945,8.590200675560387,0.7010236817391103,1159,111,-0.3237052515374005,end2022
N,2,growth_lag,0.5398694432125501,0.5306780073341922,0.31123348871078205,1159,111,-0.3237052515374005,end2022
N,2,lgdp_pc,-40.29641163989569,19.185551105346303,0.037983432325642004,1159,111,-0.3237052515374005,end2022
N,2,outcome_lag,-0.42790885433031856,0.06373474283648307,8.632191560307494e-10,1159,111,-0.3237052515374005,end2022
I,1,M_z,-0.11947324085378323,0.26632647333358406,0.6550158582759624,806,76,-0.0010161680840830563,end2022
I,1,MxW_F,0.15634532793031386,0.09768709451629104,0.1136984211678562,806,76,-0.0010161680840830563,end2022
I,1,MxW_T,-0.20619255970145722,0.3101279194121769,0.5081774300163134,806,76,-0.0010161680840830563,end2022
I,1,MxW_I,-0.06332212642109647,0.20815276208989497,0.7618104531670137,806,76,-0.0010161680840830563,end2022
I,1,W_F,0.007818513109990599,0.15857436679907064,0.9608072837583236,806,76,-0.0010161680840830563,end2022
I,1,W_T,0.031874809370861734,0.48224058732978076,0.9474762230785782,806,76,-0.0010161680840830563,end2022
I,1,W_I,-3.9988463355724497,0.19903834960332925,6.50628872381249e-32,806,76,-0.0010161680840830563,end2022
I,1,infl_z,-0.07070964639210017,0.13698831039475146,0.6072522149960518,806,76,-0.0010161680840830563,end2022
I,1,gov_eff_z,-0.1672565347649495,0.6240268790953021,0.7894137282679785,806,76,-0.0010161680840830563,end2022
I,1,growth_lag,0.003362200766611258,0.022105635709720475,0.879518847899519,806,76,-0.0010161680840830563,end2022
I,1,lgdp_pc,0.20691051010243158,1.7049324102590266,0.903730503798227,806,76,-0.0010161680840830563,end2022
I,2,M_z,-0.2666301789430005,0.42162289735473973,0.5291077558603824,728,74,-0.01883754459474417,end2022
I,2,MxW_F,0.22446257534618416,0.12657850508796978,0.0803488190150963,728,74,-0.01883754459474417,end2022
I,2,MxW_T,-0.3803717180220373,0.43416286327827,0.38384744327733844,728,74,-0.01883754459474417,end2022
I,2,MxW_I,-0.04607499427120512,0.31255797821088277,0.883212723923612,728,74,-0.01883754459474417,end2022
I,2,W_F,-0.018355988740805074,0.17997140526105887,0.9190411462856353,728,74,-0.01883754459474417,end2022
I,2,W_T,-0.48212880811084247,0.6598143556319018,0.46729891461751066,728,74,-0.01883754459474417,end2022
I,2,W_I,-4.198186877460083,0.8610787325695913,6.152145972410386e-06,728,74,-0.01883754459474417,end2022
I,2,infl_z,0.06118853061914372,0.14318123626869617,0.6703821965009197,728,74,-0.01883754459474417,end2022
I,2,gov_eff_z,-0.2751547839988861,0.7805551258941078,0.7254703139404212,728,74,-0.01883754459474417,end2022
I,2,growth_lag,-0.0599143857146989,0.02679568962546378,0.028410645736044515,728,74,-0.01883754459474417,end2022
I,2,lgdp_pc,0.49352240302294825,2.1426421946081606,0.8184768409294496,728,74,-0.01883754459474417,end2022
T,1,M_z,-3.5872446785163685,1.5520647601424198,0.022615004861637852,1279,115,-0.2766478972138366,end2022
T,1,MxW_F,-0.6507801401172341,0.6553067232243205,0.32276814769971884,1279,115,-0.2766478972138366,end2022
T,1,MxW_T,-3.9608342722006915,2.052258439069269,0.05609287706627512,1279,115,-0.2766478972138366,end2022
T,1,MxW_I,-3.026161101507417,1.5474336892301181,0.05295921895613721,1279,115,-0.2766478972138366,end2022
T,1,W_F,1.305583101685719,0.8194480676895596,0.11387378354087688,1279,115,-0.2766478972138366,end2022
T,1,W_T,-3.079037524560647,2.8454333861866807,0.281492645094417,1279,115,-0.2766478972138366,end2022
T,1,W_I,2.356075475973716,2.8540818138485298,0.41080580986160636,1279,115,-0.2766478972138366,end2022
T,1,infl_z,0.4028425976526012,1.3537575343296677,0.7665701682675277,1279,115,-0.2766478972138366,end2022
T,1,gov_eff_z,-0.4887167390941878,4.187246762143114,0.9072908500773538,1279,115,-0.2766478972138366,end2022
T,1,growth_lag,-0.367688338977478,0.223794744480004,0.10314434411866687,1279,115,-0.2766478972138366,end2022
T,1,lgdp_pc,-5.209774772042386,9.870836173497244,0.5986676573513319,1279,115,-0.2766478972138366,end2022
T,1,outcome_lag,-0.3699799830139758,0.06697632176913079,2.1171190900798503e-07,1279,115,-0.2766478972138366,end2022
T,2,M_z,-0.8845364637958596,2.5757630304305414,0.7319243869106177,1180,115,-0.911995917759444,end2022
T,2,MxW_F,-1.1473332424615388,0.7332509562178443,0.12042007654852353,1180,115,-0.911995917759444,end2022
T,2,MxW_T,-3.0912193013978566,2.3410313606048048,0.1893290853936805,1180,115,-0.911995917759444,end2022
T,2,MxW_I,-2.738040396407263,1.6217214498223471,0.0940770262869866,1180,115,-0.911995917759444,end2022
T,2,W_F,1.2761090356453364,0.8568486164964647,0.13916840953654538,1180,115,-0.911995917759444,end2022
T,2,W_T,-4.2218388339671655,3.478904365727264,0.22742635964697394,1180,115,-0.911995917759444,end2022
T,2,W_I,1.991062297387149,2.595657883392139,0.44462309052513604,1180,115,-0.911995917759444,end2022
T,2,infl_z,1.2086569892982313,1.0162981654780112,0.2368030589180989,1180,115,-0.911995917759444,end2022
T,2,gov_eff_z,1.5246819538098995,4.067174472598519,0.7084499360173724,1180,115,-0.911995917759444,end2022
T,2,growth_lag,0.19010351280108378,0.16565213748760607,0.2535335871574664,1180,115,-0.911995917759444,end2022
T,2,lgdp_pc,-30.89528290140815,13.316376214202714,0.022115176097235144,1180,115,-0.911995917759444,end2022
T,2,outcome_lag,-0.29017091698187863,0.07517208948206286,0.0001884201347284361,1180,115,-0.911995917759444,end2022
F,1,M_z,0.8190310524102521,0.4965503718052509,0.10176260313319051,1309,117,0.05818017156319256,end2022
F,1,MxW_F,0.804753672198226,0.33474689621121967,0.017797162280688852,1309,117,0.05818017156319256,end2022
F,1,MxW_T,-0.5821508415037747,0.5533654389374069,0.2949774959857971,1309,117,0.05818017156319256,end2022
F,1,MxW_I,-0.8386168953433681,0.5241662780020508,0.1123395200706696,1309,117,0.05818017156319256,end2022
F,1,W_F,-4.263112227701662,0.39347563732945495,2.538744591227886e-19,1309,117,0.05818017156319256,end2022
F,1,W_T,-1.8227812729058943,0.9486939861422952,0.05714020401964281,1309,117,0.05818017156319256,end2022
F,1,W_I,-0.15033756163919473,0.6903846543544023,0.8279993789617804,1309,117,0.05818017156319256,end2022
F,1,infl_z,0.40377636982111886,0.26049809325615086,0.12386157482217446,1309,117,0.05818017156319256,end2022
F,1,gov_eff_z,1.2840569077994524,1.104627974498057,0.24744525259932076,1309,117,0.05818017156319256,end2022
F,1,growth_lag,-0.1816891708426239,0.07356419933562632,0.014974220937017594,1309,117,0.05818017156319256,end2022
F,1,lgdp_pc,-10.86476995219736,3.3251674251266867,0.001427873032552801,1309,117,0.05818017156319256,end2022
F,2,M_z,1.4541632768548383,0.804332085008871,0.07321097871226533,1211,117,0.21526344007781442,end2022
F,2,MxW_F,1.191290317967908,0.44884569168167543,0.009067539534628953,1211,117,0.21526344007781442,end2022
F,2,MxW_T,-1.066429296796541,0.6848907506508294,0.12217578940463297,1211,117,0.21526344007781442,end2022
F,2,MxW_I,-1.2177908510463407,0.6912324402908732,0.08074305175895595,1211,117,0.21526344007781442,end2022
F,2,W_F,-6.611953488002914,0.3224783328682608,2.2340084664230426e-40,1211,117,0.21526344007781442,end2022
F,2,W_T,-2.9617963065031288,0.978314445994663,0.0030394063608744633,1211,117,0.21526344007781442,end2022
F,2,W_I,-0.4524458015131724,1.0070400913938335,0.6540659636271235,1211,117,0.21526344007781442,end2022
F,2,infl_z,0.5060886174706163,0.562709023520285,0.37031408195059984,1211,117,0.21526344007781442,end2022
F,2,gov_eff_z,1.7492143555114863,1.249484979736446,0.1641976427389225,1211,117,0.21526344007781442,end2022
F,2,growth_lag,-0.2497392770835711,0.10767552308085876,0.022124939894378595,1211,117,0.21526344007781442,end2022
F,2,lgdp_pc,-12.33832556920241,3.8100758604485585,0.0015681916978744904,1211,117,0.21526344007781442,end2022
G,1,M_z,-1.564845869164897,0.6264071438269119,0.013838724829212057,1642,121,-0.015574458199386286,raw_composite
G,1,MxW_F,-0.44176970282048267,0.22060853825131604,0.04748485153842597,1642,121,-0.015574458199386286,raw_composite
G,1,MxW_T,0.06302457229948133,0.6326358871200695,0.9208105139669083,1642,121,-0.015574458199386286,raw_composite
G,1,MxW_I,-0.9015208108506576,0.5194134449616074,0.08519240420978319,1642,121,-0.015574458199386286,raw_composite
G,1,W_F,1.1481571577295588,0.3136607257403977,0.0003755104674115339,1642,121,-0.015574458199386286,raw_composite
G,1,W_T,4.7495025843962875,1.1533640381539907,7.054025719425566e-05,1642,121,-0.015574458199386286,raw_composite
G,1,W_I,0.1698639131876558,0.642111280084759,0.7918179171163138,1642,121,-0.015574458199386286,raw_composite
G,1,infl_z,-1.520989318592816,0.39747280666679136,0.00020776320919059442,1642,121,-0.015574458199386286,raw_composite
G,1,gov_eff_z,-2.356612062755181,0.8975917209228192,0.009779034213269283,1642,121,-0.015574458199386286,raw_composite
G,1,growth_lag,-0.10786443815086065,0.08295128987829525,0.1959781629171111,1642,121,-0.015574458199386286,raw_composite
G,1,lgdp_pc,4.523401087722611,2.443905592147437,0.06664436440185638,1642,121,-0.015574458199386286,raw_composite
G,2,M_z,-1.4466296282222237,0.8327713867273956,0.08493064242339292,1539,121,0.02123365640329845,raw_composite
G,2,MxW_F,-0.9387676621112948,0.3403528339552121,0.006721843902290578,1539,121,0.02123365640329845,raw_composite
G,2,MxW_T,0.08753480331425867,0.9036794688291511,0.9229952926347653,1539,121,0.02123365640329845,raw_composite
G,2,MxW_I,-1.3504103216923664,0.6334207295882487,0.03505113432700046,1539,121,0.02123365640329845,raw_composite
G,2,W_F,1.5136409951268384,0.4067885408585105,0.0003033922788815944,1539,121,0.02123365640329845,raw_composite
G,2,W_T,6.683766691347257,1.6588421748364603,9.859303959420997e-05,1539,121,0.02123365640329845,raw_composite
G,2,W_I,0.011755320599313515,0.8852911715971657,0.9894276686025051,1539,121,0.02123365640329845,raw_composite
G,2,infl_z,-0.6972544679744594,0.4020001505619842,0.08540375359157841,1539,121,0.02123365640329845,raw_composite
G,2,gov_eff_z,-2.3318972423160735,1.2589578465312916,0.06644826722847863,1539,121,0.02123365640329845,raw_composite
G,2,growth_lag,-0.16165655957731298,0.09922353391295699,0.10588973019281551,1539,121,0.02123365640329845,raw_composite
G,2,lgdp_pc,-3.7468254859259646,3.354222842832131,0.2662056796874269,1539,121,0.02123365640329845,raw_composite
N,1,M_z,-1.7993953116698291,1.6868979030099527,0.2883661404539463,1537,115,0.004466659463036725,raw_composite
N,1,MxW_F,-0.2447939154675577,1.50713448517527,0.8712599907798492,1537,115,0.004466659463036725,raw_composite
N,1,MxW_T,1.7080268830554661,2.187512222146896,0.436533842554036,1537,115,0.004466659463036725,raw_composite
N,1,MxW_I,-1.5898943842614968,2.0745611267848703,0.4450365107409352,1537,115,0.004466659463036725,raw_composite
N,1,W_F,5.1102496322071485,1.1720431344209146,2.8634912696849505e-05,1537,115,0.004466659463036725,raw_composite
N,1,W_T,10.146004287539938,4.187135624484079,0.0169607212962395,1537,115,0.004466659463036725,raw_composite
N,1,W_I,0.991032102949399,2.716071488538422,0.7158792185991336,1537,115,0.004466659463036725,raw_composite
N,1,infl_z,-1.572571198776942,1.3052367481643397,0.2307692396769855,1537,115,0.004466659463036725,raw_composite
N,1,gov_eff_z,-7.239305266366941,5.101766598099544,0.15863316062474997,1537,115,0.004466659463036725,raw_composite
N,1,growth_lag,-0.16811439478311263,0.4601007049769864,0.715500285374927,1537,115,0.004466659463036725,raw_composite
N,1,lgdp_pc,-4.285997880529724,10.778019716405652,0.6916237424646808,1537,115,0.004466659463036725,raw_composite
N,1,outcome_lag,-0.20335261635659208,0.055798952478074405,0.00040507337732664914,1537,115,0.004466659463036725,raw_composite
N,2,M_z,-0.6143801093705914,2.2714397846950747,0.7872797176982098,1439,115,0.9323782439715799,raw_composite
N,2,MxW_F,-0.9199904356956157,2.120303351483948,0.6651842389826402,1439,115,0.9323782439715799,raw_composite
N,2,MxW_T,1.79296530336504,3.0301145503969287,0.555212828494163,1439,115,0.9323782439715799,raw_composite
N,2,MxW_I,-2.2927490352885633,3.0473290639676973,0.4533733819248725,1439,115,0.9323782439715799,raw_composite
N,2,W_F,7.004189551246349,1.8928631171596115,0.0003331027137505069,1439,115,0.9323782439715799,raw_composite
N,2,W_T,15.031882201899064,5.047214180372761,0.0035423279137290447,1439,115,0.9323782439715799,raw_composite
N,2,W_I,1.5147026732398075,3.9558451729471145,0.7025051413855847,1439,115,0.9323782439715799,raw_composite
N,2,infl_z,1.1278473338255124,1.8986402672777054,0.5536696993027713,1439,115,0.9323782439715799,raw_composite
N,2,gov_eff_z,-3.9772237417562586,6.307043120342141,0.5295639876416874,1439,115,0.9323782439715799,raw_composite
N,2,growth_lag,-0.04404530402926071,0.3768254163568257,0.9071567196911821,1439,115,0.9323782439715799,raw_composite
N,2,lgdp_pc,-26.681327957990227,14.447805730588584,0.06737849323200919,1439,115,0.9323782439715799,raw_composite
N,2,outcome_lag,-0.33228495956777976,0.06607557865369945,1.852482570060822e-06,1439,115,0.9323782439715799,raw_composite
I,1,M_z,-0.19377362101639561,0.2723162300189835,0.4788778062697137,877,78,0.0026101421620663705,raw_composite
I,1,MxW_F,0.17532852060959953,0.09537669017248138,0.06987845370416046,877,78,0.0026101421620663705,raw_composite
I,1,MxW_T,-0.2675548526956332,0.2919209328843846,0.3622496611888191,877,78,0.0026101421620663705,raw_composite
I,1,MxW_I,-0.028944760557715513,0.18494229774910925,0.876043040926001,877,78,0.0026101421620663705,raw_composite
I,1,W_F,0.02249738938683421,0.15165585220452835,0.8824582945038678,877,78,0.0026101421620663705,raw_composite
I,1,W_T,0.04566093261981774,0.429253046882673,0.915563065783564,877,78,0.0026101421620663705,raw_composite
I,1,W_I,-3.927882399835201,0.19220072919337158,7.80946515046882e-33,877,78,0.0026101421620663705,raw_composite
I,1,infl_z,0.03645872299023799,0.12164855804746437,0.7652094695124635,877,78,0.0026101421620663705,raw_composite
I,1,gov_eff_z,0.0022492865490535696,0.5202430535298203,0.9965615146402911,877,78,0.0026101421620663705,raw_composite
I,1,growth_lag,0.014336682429846212,0.01888774874871844,0.4501420479085753,877,78,0.0026101421620663705,raw_composite
I,1,lgdp_pc,-0.11318148513545007,1.4945632667690816,0.939831273810271,877,78,0.0026101421620663705,raw_composite
I,2,M_z,-0.3136742504275166,0.3501633381367562,0.37326750554666743,794,75,-0.0026213706652944975,raw_composite
I,2,MxW_F,0.2162861505616035,0.1255115160968836,0.08902193001080656,794,75,-0.0026213706652944975,raw_composite
I,2,MxW_T,-0.3447673462598449,0.3747972757911841,0.3606260562931153,794,75,-0.0026213706652944975,raw_composite
I,2,MxW_I,0.01266815091043239,0.2391803981338504,0.9579026475170617,794,75,-0.0026213706652944975,raw_composite
I,2,W_F,-0.025151049090412436,0.18023938989112892,0.889400593153015,794,75,-0.0026213706652944975,raw_composite
I,2,W_T,-0.3267568393976049,0.5607013255203946,0.5618234949528471,794,75,-0.0026213706652944975,raw_composite
I,2,W_I,-4.200913636704719,0.7746402868914168,7.052802605363721e-07,794,75,-0.0026213706652944975,raw_composite
I,2,infl_z,0.11294697794269332,0.15121531884757336,0.45747363206174696,794,75,-0.0026213706652944975,raw_composite
I,2,gov_eff_z,-0.12902467721889996,0.6810820995957524,0.8502660713957269,794,75,-0.0026213706652944975,raw_composite
I,2,growth_lag,-0.039160989479792394,0.02257478420631936,0.08695345767121815,794,75,-0.0026213706652944975,raw_composite
I,2,lgdp_pc,0.08805464383794492,1.8949905582206856,0.963063160298089,794,75,-0.0026213706652944975,raw_composite
T,1,M_z,-3.9356363917070674,1.6452547989820165,0.01833077414466309,1567,119,-0.03794892094829216,raw_composite
T,1,MxW_F,-0.815855265698101,0.5703826408695866,0.15525501297279784,1567,119,-0.03794892094829216,raw_composite
T,1,MxW_T,-3.7201433538151423,1.9415019990692224,0.057769413774122584,1567,119,-0.03794892094829216,raw_composite
T,1,MxW_I,-2.8915872362160737,1.3880974101960672,0.03939904017944007,1567,119,-0.03794892094829216,raw_composite
T,1,W_F,1.695646626497413,0.7243978838405096,0.020922625541793523,1567,119,-0.03794892094829216,raw_composite
T,1,W_T,-7.715779766609661,2.7241980475625263,0.005435773451428457,1567,119,-0.03794892094829216,raw_composite
T,1,W_I,1.3012293942282578,2.592933897608703,0.6167174731897737,1567,119,-0.03794892094829216,raw_composite
T,1,infl_z,-0.058877321518112424,0.8005933768367299,0.9414992594107376,1567,119,-0.03794892094829216,raw_composite
T,1,gov_eff_z,-2.6508647753177934,3.2882462300653232,0.42177016926681243,1567,119,-0.03794892094829216,raw_composite
T,1,growth_lag,-0.2682846275747207,0.18400669779182238,0.1474926798119644,1567,119,-0.03794892094829216,raw_composite
T,1,lgdp_pc,2.1666116172364704,7.761774379518461,0.7806270265677726,1567,119,-0.03794892094829216,raw_composite
T,1,outcome_lag,-0.20986855641700228,0.049410029963765784,4.336624996811914e-05,1567,119,-0.03794892094829216,raw_composite
T,2,M_z,-3.1504312441218367,1.8692146764645452,0.09454833362274441,1467,119,-0.21270798494072393,raw_composite
T,2,MxW_F,-1.7672106320069303,0.7691631702983777,0.023347967456463142,1467,119,-0.21270798494072393,raw_composite
T,2,MxW_T,-3.321019526115704,2.1347392188097865,0.1224568581265878,1467,119,-0.21270798494072393,raw_composite
T,2,MxW_I,-2.3417180767398404,1.524754230966232,0.1272644066652604,1467,119,-0.21270798494072393,raw_composite
T,2,W_F,1.6597883791478791,0.9511873940239995,0.08359441539606365,1467,119,-0.21270798494072393,raw_composite
T,2,W_T,-8.686322175254373,3.420649677144983,0.012405443910723,1467,119,-0.21270798494072393,raw_composite
T,2,W_I,1.8572998188986525,3.417423174166292,0.5878248969057813,1467,119,-0.21270798494072393,raw_composite
T,2,infl_z,1.34151250291009,1.1699516423723655,0.25385052147064513,1467,119,-0.21270798494072393,raw_composite
T,2,gov_eff_z,0.6760076990179464,4.192503360332107,0.8721785318245879,1467,119,-0.21270798494072393,raw_composite
T,2,growth_lag,-0.1571870266443229,0.1605491148063601,0.3295539403971266,1467,119,-0.21270798494072393,raw_composite
T,2,lgdp_pc,-11.330101033437629,10.990229461600425,0.30468446944695343,1467,119,-0.21270798494072393,raw_composite
T,2,outcome_lag,-0.33704237109771357,0.04685522089855222,6.28696601897614e-11,1467,119,-0.21270798494072393,raw_composite
F,1,M_z,0.8589198718057391,0.4789834701853271,0.0754787377247674,1562,120,0.06288313298924954,raw_composite
F,1,MxW_F,0.6482069417949317,0.31749165105475674,0.0433971380086186,1562,120,0.06288313298924954,raw_composite
F,1,MxW_T,-0.2724154690251627,0.5186034449727115,0.600361296619144,1562,120,0.06288313298924954,raw_composite
F,1,MxW_I,-0.2731309700688378,0.4156028238535453,0.5123263614206368,1562,120,0.06288313298924954,raw_composite
F,1,W_F,-3.6030981939757334,0.4447127391072808,5.366405984065752e-13,1562,120,0.06288313298924954,raw_composite
F,1,W_T,-1.9946462159722458,1.0366791397239183,0.056733445607679775,1562,120,0.06288313298924954,raw_composite
F,1,W_I,-0.3693702769933292,0.5869031008515673,0.5303231960513314,1562,120,0.06288313298924954,raw_composite
F,1,infl_z,0.5457745614591911,0.24552429203623335,0.02811185093711009,1562,120,0.06288313298924954,raw_composite
F,1,gov_eff_z,0.9757109655117461,1.0971935896953717,0.3756474318081805,1562,120,0.06288313298924954,raw_composite
F,1,growth_lag,-0.16442413318554927,0.055119581373711535,0.003463225728391138,1562,120,0.06288313298924954,raw_composite
F,1,lgdp_pc,-6.839299264117168,2.6152593304188043,0.010072870916788476,1562,120,0.06288313298924954,raw_composite
F,2,M_z,1.4818091326978236,0.72353978849214,0.04276052612356193,1462,120,0.1902730911453477,raw_composite
F,2,MxW_F,1.0372015704763404,0.4681114952434518,0.028613435669771075,1462,120,0.1902730911453477,raw_composite
F,2,MxW_T,-0.5607094317753407,0.6587872845838051,0.3964101093011751,1462,120,0.1902730911453477,raw_composite
F,2,MxW_I,-0.39602021688608924,0.5014946687286862,0.4312854598891068,1462,120,0.1902730911453477,raw_composite
F,2,W_F,-5.812861543962557,0.3969614077941568,2.155227608110094e-28,1462,120,0.1902730911453477,raw_composite
F,2,W_T,-3.0195807989560737,1.1913132075605377,0.012553370103267602,1462,120,0.1902730911453477,raw_composite
F,2,W_I,-0.531589091239982,0.7909287040068833,0.5028181187053673,1462,120,0.1902730911453477,raw_composite
F,2,infl_z,0.4944729181193873,0.46660249348067956,0.29141342167843615,1462,120,0.1902730911453477,raw_composite
F,2,gov_eff_z,1.5289225690079473,1.4329264422119348,0.28813486021731344,1462,120,0.1902730911453477,raw_composite
F,2,growth_lag,-0.12944992540823796,0.06366638050457413,0.04425145016069749,1462,120,0.1902730911453477,raw_composite
F,2,lgdp_pc,-8.753893740965363,3.2095321422675833,0.007348633331474425,1462,120,0.1902730911453477,raw_composite
G,1,M_z,-1.4988892932304958,0.5245793964960211,0.005037704368443382,1642,121,-0.019458476145576213,domestic_only
G,1,MxW_F,-0.42556904286260383,0.20036943249218853,0.03572955957783926,1642,121,-0.019458476145576213,domestic_only
G,1,MxW_T,-0.1388426432648816,0.5757321019256274,0.8098439089783209,1642,121,-0.019458476145576213,domestic_only
G,1,MxW_I,-0.8441574666609126,0.42955503075726637,0.05170255841106208,1642,121,-0.019458476145576213,domestic_only
G,1,W_F,1.1160252471501968,0.312506066023018,0.000512300927356082,1642,121,-0.019458476145576213,domestic_only
G,1,W_T,4.785997915036776,1.1679363057844772,7.61366743540055e-05,1642,121,-0.019458476145576213,domestic_only
G,1,W_I,0.28900387523506255,0.6362809859710548,0.6504996530278472,1642,121,-0.019458476145576213,domestic_only
G,1,infl_z,-1.5319618044755712,0.39472207521843183,0.00017045789120240685,1642,121,-0.019458476145576213,domestic_only
G,1,gov_eff_z,-2.201283450075648,0.9246408823036374,0.018854352307008108,1642,121,-0.019458476145576213,domestic_only
G,1,growth_lag,-0.11245945472811139,0.08292458856960476,0.1775928872647669,1642,121,-0.019458476145576213,domestic_only
G,1,lgdp_pc,4.5062044406069575,2.451792902905072,0.068547316222878,1642,121,-0.019458476145576213,domestic_only
G,2,M_z,-1.5604426178896569,0.7021037815411885,0.028121635732011797,1539,121,0.00014130846201184795,domestic_only
G,2,MxW_F,-0.8825911312227954,0.2659901639106472,0.0011999857186621408,1539,121,0.00014130846201184795,domestic_only
G,2,MxW_T,-0.1045340213647602,0.8249338215386203,0.8993756270176216,1539,121,0.00014130846201184795,domestic_only
G,2,MxW_I,-1.2918955588599506,0.5473707779219232,0.019879022159904888,1539,121,0.00014130846201184795,domestic_only
G,2,W_F,1.4714353586265707,0.40605174941708566,0.00042698318569785073,1539,121,0.00014130846201184795,domestic_only
G,2,W_T,6.727866250764941,1.7058857515660422,0.00013536256018389627,1539,121,0.00014130846201184795,domestic_only
G,2,W_I,0.1898312408474908,0.8896958593050001,0.8314032298495079,1539,121,0.00014130846201184795,domestic_only
G,2,infl_z,-0.7231910994308657,0.39497524818227386,0.06958471417999505,1539,121,0.00014130846201184795,domestic_only
G,2,gov_eff_z,-2.1943144299189123,1.2831176837154776,0.08982380567881179,1539,121,0.00014130846201184795,domestic_only
G,2,growth_lag,-0.17028248502682872,0.09943422798627088,0.0893848496353488,1539,121,0.00014130846201184795,domestic_only
G,2,lgdp_pc,-3.7886900135791626,3.3654836324670048,0.26251818976724467,1539,121,0.00014130846201184795,domestic_only
N,1,M_z,-1.5543203642000278,1.5436983911023143,0.3161244205553658,1537,115,0.12747671305617922,domestic_only
N,1,MxW_F,-0.12460918364685358,1.3591807209351903,0.9271134897697978,1537,115,0.12747671305617922,domestic_only
N,1,MxW_T,0.8308115880344138,1.6779204957642173,0.6214517892179696,1537,115,0.12747671305617922,domestic_only
N,1,MxW_I,-1.6143600370451088,1.755836754115343,0.3598147276717589,1537,115,0.12747671305617922,domestic_only
N,1,W_F,5.073330349318992,1.1722935139736381,3.250021686271355e-05,1537,115,0.12747671305617922,domestic_only
N,1,W_T,9.885621274018275,4.163001750004452,0.019236488577330638,1537,115,0.12747671305617922,domestic_only
N,1,W_I,1.2206348891394692,2.6740429617870305,0.6489166482784733,1537,115,0.12747671305617922,domestic_only
N,1,infl_z,-1.5820163849768756,1.328188137928146,0.23608501104267007,1537,115,0.12747671305617922,domestic_only
N,1,gov_eff_z,-7.317951770571719,5.076877786243088,0.15220524100087557,1537,115,0.12747671305617922,domestic_only
N,1,growth_lag,-0.17240750869739951,0.46010573578335506,0.7085702277665649,1537,115,0.12747671305617922,domestic_only
N,1,lgdp_pc,-3.811678187160482,10.501979206527388,0.7173153992023729,1537,115,0.12747671305617922,domestic_only
N,1,outcome_lag,-0.2025719174357955,0.055471399875112584,0.00039470752829041174,1537,115,0.12747671305617922,domestic_only
N,2,M_z,-0.8540994096005688,2.163718052638519,0.6937745987005564,1439,115,1.0854129090920566,domestic_only
N,2,MxW_F,-0.5472070612364408,1.9055154310756004,0.7745034033924629,1439,115,1.0854129090920566,domestic_only
N,2,MxW_T,1.0502156030227698,2.5017293025578837,0.6754246893473859,1439,115,1.0854129090920566,domestic_only
N,2,MxW_I,-2.2021185929437093,2.455136933931759,0.371639435510955,1439,115,1.0854129090920566,domestic_only
N,2,W_F,7.00750590746253,1.9173124347434967,0.00039055836694717723,1439,115,1.0854129090920566,domestic_only
N,2,W_T,14.796920792524833,5.132551093430516,0.004710093712233984,1439,115,1.0854129090920566,domestic_only
N,2,W_I,1.8270767013379223,3.9098694906143145,0.6411782038685324,1439,115,1.0854129090920566,domestic_only
N,2,infl_z,1.0858244853510604,1.9476668310818401,0.5782788321463578,1439,115,1.0854129090920566,domestic_only
N,2,gov_eff_z,-4.2744559925169305,6.311714600443064,0.4996347020436294,1439,115,1.0854129090920566,domestic_only
N,2,growth_lag,-0.0491011354775478,0.3766458149955969,0.8965080385076404,1439,115,1.0854129090920566,domestic_only
N,2,lgdp_pc,-26.21663608270343,14.369540712776455,0.07070161568635086,1439,115,1.0854129090920566,domestic_only
N,2,outcome_lag,-0.33161557619523224,0.06701286037302766,2.605378734290493e-06,1439,115,1.0854129090920566,domestic_only
I,1,M_z,-0.20169359246735177,0.22086918096677866,0.3639977029608671,877,78,0.001331364662725707,domestic_only
I,1,MxW_F,0.12687318992542454,0.09452588407586897,0.18347347668651115,877,78,0.001331364662725707,domestic_only
I,1,MxW_T,-0.23648601195894234,0.2789682383356785,0.3992231898206082,877,78,0.001331364662725707,domestic_only
I,1,MxW_I,-0.07488252246321991,0.16263271880965804,0.6464985186183837,877,78,0.001331364662725707,domestic_only
I,1,W_F,0.005342592084102704,0.1585604995514764,0.9732080805915505,877,78,0.001331364662725707,domestic_only
I,1,W_T,0.0742410145158785,0.41246375810445307,0.857630107287435,877,78,0.001331364662725707,domestic_only
I,1,W_I,-3.906580250993601,0.19229342809508856,1.148196080117109e-32,877,78,0.001331364662725707,domestic_only
I,1,infl_z,0.036484011401657884,0.1227597597975411,0.7671152924329278,877,78,0.001331364662725707,domestic_only
I,1,gov_eff_z,0.020717701279447998,0.5107527687169727,0.9677492169677386,877,78,0.001331364662725707,domestic_only
I,1,growth_lag,0.014227793913868931,0.01880849739751727,0.45168433663720803,877,78,0.001331364662725707,domestic_only
I,1,lgdp_pc,-0.06389533515018203,1.4877290876085962,0.9658539774225282,877,78,0.001331364662725707,domestic_only
I,2,M_z,-0.32389033970907943,0.3043687641709609,0.29072633497539896,794,75,-0.00682532532236136,domestic_only
I,2,MxW_F,0.17612971301446506,0.11701584172051249,0.13653486385025107,794,75,-0.00682532532236136,domestic_only
I,2,MxW_T,-0.24068753947091429,0.35485431583104554,0.49971517606967725,794,75,-0.00682532532236136,domestic_only
I,2,MxW_I,0.006887268063835661,0.2265808294714496,0.9758326549593432,794,75,-0.00682532532236136,domestic_only
I,2,W_F,-0.036431681122741394,0.1858429639765257,0.8451202952348842,794,75,-0.00682532532236136,domestic_only
I,2,W_T,-0.265659836929796,0.525154893768689,0.6144519375586569,794,75,-0.00682532532236136,domestic_only
I,2,W_I,-4.196656408019589,0.7651090347506417,5.500281583215653e-07,794,75,-0.00682532532236136,domestic_only
I,2,infl_z,0.1122335886152822,0.1501223816602781,0.45706225058913197,794,75,-0.00682532532236136,domestic_only
I,2,gov_eff_z,-0.07192828780128208,0.6508548773797452,0.9123012776148978,794,75,-0.00682532532236136,domestic_only
I,2,growth_lag,-0.03901623437036333,0.0225402481421488,0.08762697304900822,794,75,-0.00682532532236136,domestic_only
I,2,lgdp_pc,0.13574567604679688,1.8694611571808128,0.9423106289644736,794,75,-0.00682532532236136,domestic_only
T,1,M_z,-3.8169096343711213,1.3321281331115808,0.004934168227819586,1567,119,-0.039148346245380446,domestic_only
T,1,MxW_F,-0.5104805991688324,0.5723312117311079,0.37424452271625247,1567,119,-0.039148346245380446,domestic_only
T,1,MxW_T,-2.8249476325874814,1.7193194850096793,0.10303232373310939,1567,119,-0.039148346245380446,domestic_only
T,1,MxW_I,-1.9092849088655703,1.2895601041703089,0.1413861594554554,1567,119,-0.039148346245380446,domestic_only
T,1,W_F,1.7451524267941445,0.7082720201097253,0.015182709171276185,1567,119,-0.039148346245380446,domestic_only
T,1,W_T,-6.935037982742395,2.7227335039969995,0.012148968729506493,1567,119,-0.039148346245380446,domestic_only
T,1,W_I,1.5312642021056444,2.625912694061692,0.560914581044894,1567,119,-0.039148346245380446,domestic_only
T,1,infl_z,-0.15327824459797493,0.8056672984764699,0.8494401018191855,1567,119,-0.039148346245380446,domestic_only
T,1,gov_eff_z,-2.20097924178671,3.324125959073747,0.5091836491340287,1567,119,-0.039148346245380446,domestic_only
T,1,growth_lag,-0.26602084382205193,0.1845359780517475,0.15207341437521496,1567,119,-0.039148346245380446,domestic_only
T,1,lgdp_pc,1.8768400029039611,7.662965037221668,0.8069411063896667,1567,119,-0.039148346245380446,domestic_only
T,1,outcome_lag,-0.21377005692350187,0.04924917891655327,3.0177088230271385e-05,1567,119,-0.039148346245380446,domestic_only
T,2,M_z,-3.269235303104309,1.609144513980006,0.044434163337237126,1467,119,-0.23000422360628506,domestic_only
T,2,MxW_F,-1.3609594655276027,0.7247370569560113,0.06286798269659988,1467,119,-0.23000422360628506,domestic_only
T,2,MxW_T,-2.75471488250537,2.0796306006595784,0.1878577525471591,1467,119,-0.23000422360628506,domestic_only
T,2,MxW_I,-1.3924167217933994,1.5054318517369645,0.3568908029160967,1467,119,-0.23000422360628506,domestic_only
T,2,W_F,1.7106321007166154,0.940065890375978,0.07134069743361635,1467,119,-0.23000422360628506,domestic_only
T,2,W_T,-7.957180929327006,3.4033707213493094,0.02106947344870584,1467,119,-0.23000422360628506,domestic_only
T,2,W_I,2.030149728218965,3.380352509919976,0.5492759499374592,1467,119,-0.23000422360628506,domestic_only
T,2,infl_z,1.2041504885000638,1.17303267632016,0.30674264323281236,1467,119,-0.23000422360628506,domestic_only
T,2,gov_eff_z,0.9784122685611893,4.2389950669435645,0.8178603245217385,1467,119,-0.23000422360628506,domestic_only
T,2,growth_lag,-0.15872965118386068,0.16255774789410896,0.3308386728696307,1467,119,-0.23000422360628506,domestic_only
T,2,lgdp_pc,-11.595908726148206,10.957627803115788,0.29210306312370177,1467,119,-0.23000422360628506,domestic_only
T,2,outcome_lag,-0.3400538117576386,0.04658731211325455,3.659265072647289e-11,1467,119,-0.23000422360628506,domestic_only
F,1,M_z,0.7536645808843571,0.4149989634656401,0.071878070418696,1562,120,0.03961805093012959,domestic_only
F,1,MxW_F,0.6397555086562706,0.27874591324661885,0.023477953420679012,1562,120,0.03961805093012959,domestic_only
F,1,MxW_T,-0.18157640195215566,0.42233449991537747,0.6680204318284216,1562,120,0.03961805093012959,domestic_only
F,1,MxW_I,-0.33005662159940147,0.3891450701542773,0.39805261120677754,1562,120,0.03961805093012959,domestic_only
F,1,W_F,-3.5926811779283367,0.43077653975228336,1.5143935635368615e-13,1562,120,0.03961805093012959,domestic_only
F,1,W_T,-2.0014061545931034,1.0272521667768975,0.053732073789366,1562,120,0.03961805093012959,domestic_only
F,1,W_I,-0.3285429333591748,0.6061066974590177,0.5887944587433158,1562,120,0.03961805093012959,domestic_only
F,1,infl_z,0.5515110781017909,0.2439241280618408,0.02557648650524751,1562,120,0.03961805093012959,domestic_only
F,1,gov_eff_z,0.8922378347151672,1.0679757088766122,0.40513994677527965,1562,120,0.03961805093012959,domestic_only
F,1,growth_lag,-0.16279509606346565,0.054527219579834606,0.003436701119387471,1562,120,0.03961805093012959,domestic_only
F,1,lgdp_pc,-6.697000348875754,2.4911780004509536,0.008211914197389076,1562,120,0.03961805093012959,domestic_only
F,2,M_z,1.3278465551639456,0.592010022668463,0.026751409751158032,1462,120,0.12803843534567397,domestic_only
F,2,MxW_F,1.0429385958413135,0.39141929666371683,0.008779729718629238,1462,120,0.12803843534567397,domestic_only
F,2,MxW_T,-0.40075607964492815,0.5484354731488815,0.4663827777902877,1462,120,0.12803843534567397,domestic_only
F,2,MxW_I,-0.38698586648606337,0.4424847774863283,0.38356718648719496,1462,120,0.12803843534567397,domestic_only
F,2,W_F,-5.7863873219044635,0.37011862703415505,1.2546553817284993e-30,1462,120,0.12803843534567397,domestic_only
F,2,W_T,-3.010224658378107,1.195058782263923,0.013099295726201646,1462,120,0.12803843534567397,domestic_only
F,2,W_I,-0.4717650841986517,0.8113334054358028,0.5620243284525691,1462,120,0.12803843534567397,domestic_only
F,2,infl_z,0.5071252495056888,0.4732616447679466,0.2860889595121716,1462,120,0.12803843534567397,domestic_only
F,2,gov_eff_z,1.4043219081251692,1.3950056662135473,0.31613197791470693,1462,120,0.12803843534567397,domestic_only
F,2,growth_lag,-0.1252129085505162,0.06389333373182671,0.05236660700692195,1462,120,0.12803843534567397,domestic_only
F,2,lgdp_pc,-8.480556836945192,2.986819214771124,0.005318243811016493,1462,120,0.12803843534567397,domestic_only
G,1,M_z,-1.4192717335938534,0.555060589080475,0.01180559283542811,1642,121,-0.017722460746513912,equal_weights
G,1,MxW_F,-0.4682412951515,0.2132357203403872,0.030023203829057328,1642,121,-0.017722460746513912,equal_weights
G,1,MxW_T,0.31202798673470317,0.6243337878088439,0.618146925823908,1642,121,-0.017722460746513912,equal_weights
G,1,MxW_I,-0.8337702807815457,0.49316851459044647,0.09350154221440392,1642,121,-0.017722460746513912,equal_weights
G,1,W_F,1.139116369962588,0.3214580711033854,0.0005633566587784686,1642,121,-0.017722460746513912,equal_weights
G,1,W_T,4.815018646533989,1.1351700396075153,4.388746972200512e-05,1642,121,-0.017722460746513912,equal_weights
G,1,W_I,0.2113670277276107,0.6341123668769157,0.7394688596787052,1642,121,-0.017722460746513912,equal_weights
G,1,infl_z,-1.520864669046718,0.3990820899355158,0.00021991727265385376,1642,121,-0.017722460746513912,equal_weights
G,1,gov_eff_z,-2.3310170772995598,0.8879666831648164,0.009788957415110341,1642,121,-0.017722460746513912,equal_weights
G,1,growth_lag,-0.10851125034138116,0.08304240360426433,0.1938143857739212,1642,121,-0.017722460746513912,equal_weights
G,1,lgdp_pc,4.451346755743574,2.440985532259187,0.0707034333058194,1642,121,-0.017722460746513912,equal_weights
G,2,M_z,-1.4273649748706294,0.7505464366894145,0.0595989694615601,1539,121,0.0014042490869875482,equal_weights
G,2,MxW_F,-0.9857140120878685,0.30392936867429043,0.0015307587837840378,1539,121,0.0014042490869875482,equal_weights
G,2,MxW_T,0.37178262522666655,0.9378709951924356,0.6925056865646451,1539,121,0.0014042490869875482,equal_weights
G,2,MxW_I,-1.2929155227922664,0.61352037548063,0.037167194167985994,1539,121,0.0014042490869875482,equal_weights
G,2,W_F,1.4998002443971659,0.40087515323563044,0.00028220923338202205,1539,121,0.0014042490869875482,equal_weights
G,2,W_T,6.797578526734537,1.6170614594571335,5.082612660257592e-05,1539,121,0.0014042490869875482,equal_weights
G,2,W_I,0.05889105487858297,0.8689976804044799,0.9460823544102693,1539,121,0.0014042490869875482,equal_weights
G,2,infl_z,-0.6995405470296973,0.404456044558,0.0862760130340907,1539,121,0.0014042490869875482,equal_weights
G,2,gov_eff_z,-2.359613946775146,1.2474615913653255,0.06096376992074953,1539,121,0.0014042490869875482,equal_weights
G,2,growth_lag,-0.163833436278185,0.09980721121315099,0.10331221997985798,1539,121,0.0014042490869875482,equal_weights
G,2,lgdp_pc,-3.6982801580317073,3.3498305023935515,0.27179332500322667,1539,121,0.0014042490869875482,equal_weights
N,1,M_z,-1.0932608553854088,1.5738897193774066,0.4887045201754396,1537,115,-0.025687774171561657,equal_weights
N,1,MxW_F,-0.43634952265032123,1.4451052544121519,0.7632403450586998,1537,115,-0.025687774171561657,equal_weights
N,1,MxW_T,2.070425215143729,2.186511922744061,0.34568859647666816,1537,115,-0.025687774171561657,equal_weights
N,1,MxW_I,-1.6474661215303872,2.0163996963456507,0.41561346995783127,1537,115,-0.025687774171561657,equal_weights
N,1,W_F,5.051169106036439,1.1562343206475578,2.7695439494665025e-05,1537,115,-0.025687774171561657,equal_weights
N,1,W_T,10.407226430941952,4.13527275892894,0.013236566106304736,1537,115,-0.025687774171561657,equal_weights
N,1,W_I,1.0252265261148557,2.7237066855450927,0.7073128202793273,1537,115,-0.025687774171561657,equal_weights
N,1,infl_z,-1.5560318977687966,1.3151344342747449,0.23920202203998747,1537,115,-0.025687774171561657,equal_weights
N,1,gov_eff_z,-7.061958821666612,5.0395463954398165,0.1638383898646586,1537,115,-0.025687774171561657,equal_weights
N,1,growth_lag,-0.16707419787279743,0.46383108536480294,0.7193604594861353,1537,115,-0.025687774171561657,equal_weights
N,1,lgdp_pc,-4.729269824082806,10.720068407890937,0.6599324250239027,1537,115,-0.025687774171561657,equal_weights
N,1,outcome_lag,-0.20355984816017994,0.05594984804413703,0.00041379298606400254,1537,115,-0.025687774171561657,equal_weights
N,2,M_z,0.01693919882803585,2.1314887924147663,0.9936730722619496,1439,115,0.8311683374746162,equal_weights
N,2,MxW_F,-1.170260461135731,1.995391965048578,0.5587115207705059,1439,115,0.8311683374746162,equal_weights
N,2,MxW_T,2.3268275869749075,2.914015645727056,0.4262435064770702,1439,115,0.8311683374746162,equal_weights
N,2,MxW_I,-2.4279683649319628,2.8079313914582764,0.38902907899156625,1439,115,0.8311683374746162,equal_weights
N,2,W_F,6.931742413780192,1.8488678547614872,0.000280311891761765,1439,115,0.8311683374746162,equal_weights
N,2,W_T,15.401219137904897,4.84038859165431,0.0018860868600590892,1439,115,0.8311683374746162,equal_weights
N,2,W_I,1.5191155150354856,3.975370512780083,0.703075031316313,1439,115,0.8311683374746162,equal_weights
N,2,infl_z,1.1544726545339383,1.920286564482821,0.5489016203958206,1439,115,0.8311683374746162,equal_weights
N,2,gov_eff_z,-3.8881321143904746,6.2326903005161345,0.5339862676383316,1439,115,0.8311683374746162,equal_weights
N,2,growth_lag,-0.040841009000255724,0.37991627492571406,0.914581269572263,1439,115,0.8311683374746162,equal_weights
N,2,lgdp_pc,-27.057608345235295,14.396016112393486,0.06272665553283524,1439,115,0.8311683374746162,equal_weights
N,2,outcome_lag,-0.33357711161657855,0.0663275300152322,1.8494919421656098e-06,1439,115,0.8311683374746162,equal_weights
I,1,M_z,-0.1054154945399273,0.2236251341530451,0.6386924918419377,877,78,0.00012452475160145817,equal_weights
I,1,MxW_F,0.1589081206223205,0.0869577985288994,0.07151150336036957,877,78,0.00012452475160145817,equal_weights
I,1,MxW_T,-0.15319903442301797,0.2847015261400844,0.5920572892850471,877,78,0.00012452475160145817,equal_weights
I,1,MxW_I,-0.005776679416227372,0.17789116778248165,0.9741787881055097,877,78,0.00012452475160145817,equal_weights
I,1,W_F,0.02223391288596306,0.14642735256331987,0.8797082094669771,877,78,0.00012452475160145817,equal_weights
I,1,W_T,0.033723530521105494,0.4604549509157691,0.9418053865010706,877,78,0.00012452475160145817,equal_weights
I,1,W_I,-3.9265251062360855,0.18992033037112244,3.6646844415550684e-33,877,78,0.00012452475160145817,equal_weights
I,1,infl_z,0.036906165233792504,0.11970977572008955,0.758688841337819,877,78,0.00012452475160145817,equal_weights
I,1,gov_eff_z,0.046757667411876536,0.515816194601376,0.9280077448489844,877,78,0.00012452475160145817,equal_weights
I,1,growth_lag,0.01557223087867688,0.019206978341431917,0.4200029570484648,877,78,0.00012452475160145817,equal_weights
I,1,lgdp_pc,-0.203373618449055,1.4841961038392921,0.8913678152276777,877,78,0.00012452475160145817,equal_weights
I,2,M_z,-0.17054239972088242,0.30372292537012685,0.5761489235356605,794,75,-0.004972869226016264,equal_weights
I,2,MxW_F,0.19965385564235863,0.11493525901255289,0.08653056315626004,794,75,-0.004972869226016264,equal_weights
I,2,MxW_T,-0.21623116760312255,0.3775909470438696,0.5686109551738254,794,75,-0.004972869226016264,equal_weights
I,2,MxW_I,-0.007821865867493012,0.24544658728242516,0.9746631999311336,794,75,-0.004972869226016264,equal_weights
I,2,W_F,-0.021498310809792975,0.17139941847096943,0.9005247444374671,794,75,-0.004972869226016264,equal_weights
I,2,W_T,-0.367114811892601,0.6134029441861155,0.55134138332684,794,75,-0.004972869226016264,equal_weights
I,2,W_I,-4.191884033195155,0.7818442880534292,9.016875834931054e-07,794,75,-0.004972869226016264,equal_weights
I,2,infl_z,0.1122798986463032,0.1528511736740234,0.46492278639738455,794,75,-0.004972869226016264,equal_weights
I,2,gov_eff_z,-0.09667548804550513,0.6925040515951579,0.8893531066881165,794,75,-0.004972869226016264,equal_weights
I,2,growth_lag,-0.03725374273440474,0.022695248048091834,0.10494194827236414,794,75,-0.004972869226016264,equal_weights
I,2,lgdp_pc,-0.007097810151874384,1.9079364295477972,0.997041767130356,794,75,-0.004972869226016264,equal_weights
T,1,M_z,-4.190162927757779,1.5664134973659982,0.008533970071425243,1567,119,-0.06662577590650923,equal_weights
T,1,MxW_F,-0.8110998933104262,0.5944820055737254,0.1750441663633812,1567,119,-0.06662577590650923,equal_weights
T,1,MxW_T,-3.652265170463023,1.8422111180215244,0.04974195660771319,1567,119,-0.06662577590650923,equal_weights
T,1,MxW_I,-2.9894838635651664,1.3853581528533117,0.03296084187773904,1567,119,-0.06662577590650923,equal_weights
T,1,W_F,1.7038142318188452,0.7392698185536353,0.022930139830515495,1567,119,-0.06662577590650923,equal_weights
T,1,W_T,-8.216358620809892,2.720530128105042,0.003097847322700112,1567,119,-0.06662577590650923,equal_weights
T,1,W_I,1.3568331228716874,2.554267750941773,0.5962770251103024,1567,119,-0.06662577590650923,equal_weights
T,1,infl_z,-0.02160365368240913,0.7922132157962546,0.9782904510721292,1567,119,-0.06662577590650923,equal_weights
T,1,gov_eff_z,-2.7982388137091028,3.2356431761306275,0.3888940255182433,1567,119,-0.06662577590650923,equal_weights
T,1,growth_lag,-0.2763626067391981,0.18428960988959953,0.13638613846912384,1567,119,-0.06662577590650923,equal_weights
T,1,lgdp_pc,2.7954998582371084,7.673077327346432,0.7162667969214662,1567,119,-0.06662577590650923,equal_weights
T,1,outcome_lag,-0.20765619886872874,0.04949987366554761,5.30669992071784e-05,1567,119,-0.06662577590650923,equal_weights
T,2,M_z,-3.3144310346437162,1.942709267120372,0.09062257285124556,1467,119,-0.26461834425303504,equal_weights
T,2,MxW_F,-1.8441925769148653,0.7843741512199033,0.020373076505470437,1467,119,-0.26461834425303504,equal_weights
T,2,MxW_T,-3.77995073650396,2.1430157114385513,0.08034587595489728,1467,119,-0.26461834425303504,equal_weights
T,2,MxW_I,-2.7431193676004813,1.5477216496050592,0.07891557354272674,1467,119,-0.26461834425303504,equal_weights
T,2,W_F,1.6109229794697981,0.9661580986971352,0.0980969087004015,1467,119,-0.26461834425303504,equal_weights
T,2,W_T,-9.299574653828785,3.422109819849454,0.007568695113134822,1467,119,-0.26461834425303504,equal_weights
T,2,W_I,1.9177012277380756,3.3960223044763467,0.5733562711953004,1467,119,-0.26461834425303504,equal_weights
T,2,infl_z,1.4089121169415333,1.1654427673824566,0.22911530612351172,1467,119,-0.26461834425303504,equal_weights
T,2,gov_eff_z,0.49089085386918185,4.093737829565258,0.9047562877743863,1467,119,-0.26461834425303504,equal_weights
T,2,growth_lag,-0.1714708166067535,0.16110726807762668,0.2893536969306301,1467,119,-0.26461834425303504,equal_weights
T,2,lgdp_pc,-10.520160709349668,10.860736701721873,0.334705279220514,1467,119,-0.26461834425303504,equal_weights
T,2,outcome_lag,-0.3331876914865779,0.0467348361428248,8.702555642025114e-11,1467,119,-0.26461834425303504,equal_weights
F,1,M_z,0.655985367887504,0.4586541491151434,0.1552686789709669,1562,120,0.04810885454740215,equal_weights
F,1,MxW_F,0.5981488126521892,0.28683642617009975,0.039176926938389756,1562,120,0.04810885454740215,equal_weights
F,1,MxW_T,-0.22533310395482803,0.49367416297218636,0.6489049148270742,1562,120,0.04810885454740215,equal_weights
F,1,MxW_I,-0.40655324298692896,0.4218730296367447,0.33715748076447977,1562,120,0.04810885454740215,equal_weights
F,1,W_F,-3.600492216838961,0.4605881450016062,2.4102703578967453e-12,1562,120,0.04810885454740215,equal_weights
F,1,W_T,-2.005648380539701,1.0438622612763264,0.05707640406996272,1562,120,0.04810885454740215,equal_weights
F,1,W_I,-0.380210796373147,0.5885659593239708,0.5195262570251918,1562,120,0.04810885454740215,equal_weights
F,1,infl_z,0.5420830824157876,0.23983389468554128,0.025624428900640563,1562,120,0.04810885454740215,equal_weights
F,1,gov_eff_z,0.9127226706805087,1.0940988290551485,0.40582669840206276,1562,120,0.04810885454740215,equal_weights
F,1,growth_lag,-0.16567011655153216,0.0553406075305015,0.0033533727808928724,1562,120,0.04810885454740215,equal_weights
F,1,lgdp_pc,-6.820020708642282,2.6597523515651664,0.011587121567093097,1562,120,0.04810885454740215,equal_weights
F,2,M_z,1.2812840494403126,0.679620857335566,0.06182896193408717,1462,120,0.15340424325288937,equal_weights
F,2,MxW_F,1.056551941562906,0.40459867045969683,0.010179046980507407,1462,120,0.15340424325288937,equal_weights
F,2,MxW_T,-0.5445698525942382,0.634195063266968,0.3922440715905538,1462,120,0.15340424325288937,equal_weights
F,2,MxW_I,-0.5139224191252476,0.5142402807809129,0.31963757050949965,1462,120,0.15340424325288937,equal_weights
F,2,W_F,-5.793981639048487,0.4267134145684586,6.12483276902968e-26,1462,120,0.15340424325288937,equal_weights
F,2,W_T,-3.0484553292049146,1.1765198428410393,0.01076393764642193,1462,120,0.15340424325288937,equal_weights
F,2,W_I,-0.5637149008382373,0.7910081292362517,0.4774550962661064,1462,120,0.15340424325288937,equal_weights
F,2,infl_z,0.4794706249841385,0.4510760182906739,0.2899575538320121,1462,120,0.15340424325288937,equal_weights
F,2,gov_eff_z,1.4571587893100937,1.409148350854761,0.30320008660158265,1462,120,0.15340424325288937,equal_weights
F,2,growth_lag,-0.12890376916552296,0.06439772407423246,0.047593638705980545,1462,120,0.15340424325288937,equal_weights
F,2,lgdp_pc,-8.699138274201271,3.1940451069032774,0.007431096954476475,1462,120,0.15340424325288937,equal_weights
G,1,M_z,-1.4827595783506633,0.4052196034548194,0.0013798150938177812,1642,121,0.09127176201533845,dk
G,1,MxW_F,-0.4504867397809841,0.29714922535970195,0.14374997939535428,1642,121,0.09127176201533845,dk
G,1,MxW_T,0.12471686190123393,0.19003382702890395,0.5184451054626131,1642,121,0.09127176201533845,dk
G,1,MxW_I,-0.8408708025777039,0.3258107417106042,0.0170526287047989,1642,121,0.09127176201533845,dk
G,1,W_F,1.1304225559740093,0.2536982955636331,0.0001981605777531396,1642,121,0.09127176201533845,dk
G,1,W_T,4.785323840483861,1.1209290986111722,0.000312714275041991,1642,121,0.09127176201533845,dk
G,1,W_I,0.24912359631313447,0.5890328679936476,0.6764469844676934,1642,121,0.09127176201533845,dk
G,1,infl_z,-1.526965001012192,0.3127490688532189,7.00691112898442e-05,1642,121,0.09127176201533845,dk
G,1,gov_eff_z,-2.2918675459738544,0.6085862697386574,0.0010657129991233844,1642,121,0.09127176201533845,dk
G,1,growth_lag,-0.11079965673857706,0.15384330274709263,0.47897785984896435,1642,121,0.09127176201533845,dk
G,1,lgdp_pc,4.484452132690498,1.7679634721090722,0.01880235771122908,1642,121,0.09127176201533845,dk
G,2,M_z,-1.5244980395700634,0.390514793451288,0.0008174518415098185,1539,121,0.11435505820910427,dk
G,2,MxW_F,-0.9430783366312444,0.3895586991394103,0.024626972604492075,1539,121,0.11435505820910427,dk
G,2,MxW_T,0.16660559577051343,0.34247278559616007,0.6316663953978976,1539,121,0.11435505820910427,dk
G,2,MxW_I,-1.3013908481767482,0.3663647659820436,0.0018852234475241103,1539,121,0.11435505820910427,dk
G,2,W_F,1.48681900716596,0.4312499907448398,0.0024119478180894536,1539,121,0.11435505820910427,dk
G,2,W_T,6.753016628491481,1.4859963355790287,0.00017683599002318629,1539,121,0.11435505820910427,dk
G,2,W_I,0.12285148968981523,0.6729567316516036,0.8568982023884775,1539,121,0.11435505820910427,dk
G,2,infl_z,-0.7121679966804078,0.3539333138902813,0.05720721923498492,1539,121,0.11435505820910427,dk
G,2,gov_eff_z,-2.3140814386978157,0.8603790471661226,0.013722282436601011,1539,121,0.11435505820910427,dk
G,2,growth_lag,-0.1675891167090092,0.166225141902148,0.32483226582468955,1539,121,0.11435505820910427,dk
G,2,lgdp_pc,-3.7149460993010184,2.4239492593949805,0.14030191227311223,1539,121,0.11435505820910427,dk
N,1,M_z,-1.2817667694023427,1.4343341588356546,0.3811908866369561,1537,115,0.4990224965650665,dk
N,1,MxW_F,-0.3041521027256733,0.8825355107115713,0.7336420461203029,1537,115,0.4990224965650665,dk
N,1,MxW_T,1.6480930617545693,1.6755329347366772,0.33599539525636546,1537,115,0.4990224965650665,dk
N,1,MxW_I,-1.6222329425592665,1.5727131646247665,0.3135196057370935,1537,115,0.4990224965650665,dk
N,1,W_F,5.065449831769305,1.4294700089675474,0.0018229414904517612,1537,115,0.4990224965650665,dk
N,1,W_T,10.149779981579393,4.319423076911453,0.02816693117647921,1537,115,0.4990224965650665,dk
N,1,W_I,1.1092824814905098,1.6717495352580634,0.5138749090564315,1537,115,0.4990224965650665,dk
N,1,infl_z,-1.569059349580772,1.4605670892094513,0.2943387292124558,1537,115,0.4990224965650665,dk
N,1,gov_eff_z,-7.163910092776225,3.5660232782587182,0.056971579175012034,1537,115,0.4990224965650665,dk
N,1,growth_lag,-0.16863801953174018,0.3792668298382941,0.6609219630041918,1537,115,0.4990224965650665,dk
N,1,lgdp_pc,-4.4030359644378,6.632799550917017,0.5136979074447242,1537,115,0.4990224965650665,dk
N,1,outcome_lag,-0.20328950715925992,0.06020177646052285,0.0027175771012726206,1537,115,0.4990224965650665,dk
N,2,M_z,-0.3700346764043827,1.4929966574534959,0.8066601588564392,1439,115,0.818328840943525,dk
N,2,MxW_F,-0.9100169937108329,0.9516365104591199,0.34981811076948416,1439,115,0.818328840943525,dk
N,2,MxW_T,1.8218864440090154,1.8237496632386023,0.3291778033523137,1439,115,0.818328840943525,dk
N,2,MxW_I,-2.332824109595514,2.005193347574108,0.2577200658941832,1439,115,0.818328840943525,dk
N,2,W_F,6.962084111586889,1.6352420142080317,0.00035099572307548566,1439,115,0.818328840943525,dk
N,2,W_T,15.100758081241905,5.115478874386423,0.007611459731167002,1439,115,0.818328840943525,dk
N,2,W_I,1.659203691660835,1.9035197757019267,0.3932556895409319,1439,115,0.818328840943525,dk
N,2,infl_z,1.1203127143039284,1.2760121302153804,0.38988957169563243,1439,115,0.818328840943525,dk
N,2,gov_eff_z,-4.074347358589124,3.889043670585939,0.30670984525152467,1439,115,0.818328840943525,dk
N,2,growth_lag,-0.04420790620174753,0.36270404917272436,0.9041495214533997,1439,115,0.818328840943525,dk
N,2,lgdp_pc,-26.736911296937702,9.543333515095297,0.01069045718069853,1439,115,0.818328840943525,dk
N,2,outcome_lag,-0.3328562481176067,0.05860326163068238,1.2274394239136723e-05,1439,115,0.818328840943525,dk
I,1,M_z,-0.13497189471655052,0.1717592475356706,0.4411839742905123,877,78,-0.005510885633379423,dk
I,1,MxW_F,0.14567830710721386,0.07924249639590679,0.08090475858513087,877,78,-0.005510885633379423,dk
I,1,MxW_T,-0.1715850814616835,0.2900691696130507,0.56079164137245,877,78,-0.005510885633379423,dk
I,1,MxW_I,-0.03761492607656347,0.1797794729701789,0.8363865455223378,877,78,-0.005510885633379423,dk
I,1,W_F,0.016470851690805227,0.08091476961325164,0.8407557494436834,877,78,-0.005510885633379423,dk
I,1,W_T,0.044010869452735635,0.2592070303079325,0.8668806665780265,877,78,-0.005510885633379423,dk
I,1,W_I,-3.9213065108776592,0.6842014184179995,1.3122772739217407e-05,877,78,-0.005510885633379423,dk
I,1,infl_z,0.038002860570233776,0.12159434734998127,0.757867022551834,877,78,-0.005510885633379423,dk
I,1,gov_eff_z,0.034937784719377,0.2988644171864684,0.9081038418573533,877,78,-0.005510885633379423,dk
I,1,growth_lag,0.01524675431188476,0.028190317858775016,0.594583699393256,877,78,-0.005510885633379423,dk
I,1,lgdp_pc,-0.16116552297008502,0.694273661600094,0.8187916129800535,877,78,-0.005510885633379423,dk
I,2,M_z,-0.2317990845399168,0.15465929525072158,0.1503644709533499,794,75,-0.006399978675305862,dk
I,2,MxW_F,0.193136227085082,0.09785718605783413,0.06314369586451882,794,75,-0.006399978675305862,dk
I,2,MxW_T,-0.19289391097281264,0.2878051739872769,0.5107798392704852,794,75,-0.006399978675305862,dk
I,2,MxW_I,0.022442564260798548,0.15673496365545456,0.8876493783929293,794,75,-0.006399978675305862,dk
I,2,W_F,-0.02440183588677594,0.09946458237950008,0.8088298274429397,794,75,-0.006399978675305862,dk
I,2,W_T,-0.31810111014305587,0.36555014518751844,0.3950534748390785,794,75,-0.006399978675305862,dk
I,2,W_I,-4.195796386759148,0.6384785636513316,2.7255050888501587e-06,794,75,-0.006399978675305862,dk
I,2,infl_z,0.11636606784773854,0.11974500358681776,0.3433688012247371,794,75,-0.006399978675305862,dk
I,2,gov_eff_z,-0.07232924501819143,0.3229661319586485,0.8251843731828221,794,75,-0.006399978675305862,dk
I,2,growth_lag,-0.03791122072260246,0.018685875306744554,0.05672071323395443,794,75,-0.006399978675305862,dk
I,2,lgdp_pc,0.016635035749552607,0.61417550862372,0.9786742829364566,794,75,-0.006399978675305862,dk
T,1,M_z,-4.147355610287887,1.3702871920321809,0.006199440600902676,1567,119,0.3311929622722738,dk
T,1,MxW_F,-0.6987146268780047,0.7699931518270406,0.37401252234941257,1567,119,0.3311929622722738,dk
T,1,MxW_T,-3.3416741904593863,1.778222314020074,0.07352662552605346,1567,119,0.3311929622722738,dk
T,1,MxW_I,-2.521799519426949,0.7875433369572187,0.004111598338475608,1567,119,0.3311929622722738,dk
T,1,W_F,1.719487360645898,0.6633584781929212,0.01663416636500301,1567,119,0.3311929622722738,dk
T,1,W_T,-7.6632869756598865,3.3791503706933605,0.03350686141028154,1567,119,0.3311929622722738,dk
T,1,W_I,1.4679345111664692,1.5015763212119357,0.3389026492036705,1567,119,0.3311929622722738,dk
T,1,infl_z,-0.08520523795009954,0.6185450228433897,0.8916901576227014,1567,119,0.3311929622722738,dk
T,1,gov_eff_z,-2.552976506972569,2.143430473196839,0.2463184185635047,1567,119,0.3311929622722738,dk
T,1,growth_lag,-0.2744516684060323,0.29918067524263436,0.3689099708689354,1567,119,0.3311929622722738,dk
T,1,lgdp_pc,2.38155947230981,9.939658341334804,0.8128572570712688,1567,119,0.3311929622722738,dk
T,1,outcome_lag,-0.21033821109483677,0.07978686062019796,0.01508134323023086,1567,119,0.3311929622722738,dk
T,2,M_z,-3.4283022019711282,1.597349030503347,0.04369330014533862,1467,119,0.29744528383766855,dk
T,2,MxW_F,-1.644860035121927,0.8902527686906074,0.07879170405511246,1467,119,0.29744528383766855,dk
T,2,MxW_T,-3.384842767306967,1.2424971353217813,0.012707643011928732,1467,119,0.29744528383766855,dk
T,2,MxW_I,-2.1555788369741946,0.5796189453012437,0.0012696099466915933,1467,119,0.29744528383766855,dk
T,2,W_F,1.6489931140367675,0.7903800549172662,0.04932915117835547,1467,119,0.29744528383766855,dk
T,2,W_T,-8.719765084524226,3.648791189582868,0.026314994200912715,1467,119,0.29744528383766855,dk
T,2,W_I,2.0164740974283517,1.7077027146790458,0.2508795380282483,1467,119,0.29744528383766855,dk
T,2,infl_z,1.3140951991877046,0.5916307951203836,0.03747092539518819,1467,119,0.29744528383766855,dk
T,2,gov_eff_z,0.6885057208876462,2.222445963556118,0.7597690510655483,1467,119,0.29744528383766855,dk
T,2,growth_lag,-0.16901744224068158,0.23045724701732234,0.4714230178475131,1467,119,0.29744528383766855,dk
T,2,lgdp_pc,-10.983707132329375,13.08748183144658,0.41077992639144273,1467,119,0.29744528383766855,dk
T,2,outcome_lag,-0.3361238430410327,0.08885998736131494,0.001091208258763517,1467,119,0.29744528383766855,dk
F,1,M_z,0.7139730349606618,0.3061359996340764,0.0292419978404896,1562,120,-0.007812490495263467,dk
F,1,MxW_F,0.6303909520227284,0.3906806183686757,0.12087378560128711,1562,120,-0.007812490495263467,dk
F,1,MxW_T,-0.20392758551438855,0.3609112739870959,0.5777668281607565,1562,120,-0.007812490495263467,dk
F,1,MxW_I,-0.3753619451210407,0.45466280111977586,0.41790368889661067,1562,120,-0.007812490495263467,dk
F,1,W_F,-3.595709002054012,0.45746972912085077,7.903819368913083e-08,1562,120,-0.007812490495263467,dk
F,1,W_T,-2.0034117462164183,0.6946989857683729,0.008618654292860737,1562,120,-0.007812490495263467,dk
F,1,W_I,-0.3577449001961025,0.3002996816706725,0.24623283380090757,1562,120,-0.007812490495263467,dk
F,1,infl_z,0.5457483184358249,0.2983989400636173,0.08100078374276867,1562,120,-0.007812490495263467,dk
F,1,gov_eff_z,0.9079798407271535,0.5871940694964607,0.1362965156067848,1562,120,-0.007812490495263467,dk
F,1,growth_lag,-0.16394108119071493,0.05827242058385355,0.010123591531747671,1562,120,-0.007812490495263467,dk
F,1,lgdp_pc,-6.7862987906888685,2.7549070769207598,0.022059496950057107,1562,120,-0.007812490495263467,dk
F,2,M_z,1.3038746891499697,0.376696094226793,0.002335703647496964,1462,120,-0.026360132778957435,dk
F,2,MxW_F,1.0600348160934918,0.4615540660465668,0.03202514477381964,1462,120,-0.026360132778957435,dk
F,2,MxW_T,-0.4806575319010653,0.49379691918401514,0.34143866676174767,1462,120,-0.026360132778957435,dk
F,2,MxW_I,-0.4586657764589109,0.5068183103890938,0.3757364885561798,1462,120,-0.026360132778957435,dk
F,2,W_F,-5.790298828728413,0.5472581493721951,7.147422566505712e-10,1462,120,-0.026360132778957435,dk
F,2,W_T,-3.0280322867689886,0.6974159062134324,0.00028694073303740873,1462,120,-0.026360132778957435,dk
F,2,W_I,-0.5231963017040084,0.33218138593370405,0.13019510359811454,1462,120,-0.026360132778957435,dk
F,2,infl_z,0.48931764136762745,0.5070317775710363,0.34549613172951055,1462,120,-0.026360132778957435,dk
F,2,gov_eff_z,1.4401303295708696,0.6341332040465303,0.03378697907284496,1462,120,-0.026360132778957435,dk
F,2,growth_lag,-0.12665252102173266,0.06544595186105612,0.06654451537639115,1462,120,-0.026360132778957435,dk
F,2,lgdp_pc,-8.634133001246273,2.8801600531437046,0.00685626604724619,1462,120,-0.026360132778957435,dk
G,1,M_z,-1.8479962711945217,0.6561313375473236,0.005678061248088986,1642,121,-0.030102418903053915,index_history
G,1,MxW_F,-0.4585037084163195,0.20708702445953625,0.02871391927737376,1642,121,-0.030102418903053915,index_history
G,1,MxW_T,0.11816910179930079,0.5987933769516823,0.8438911564693654,1642,121,-0.030102418903053915,index_history
G,1,MxW_I,-0.8457415054133819,0.46894501066731437,0.07381900487277857,1642,121,-0.030102418903053915,index_history
G,1,W_F,1.1236153348267504,0.31934406668507204,0.0006138458833464073,1642,121,-0.030102418903053915,index_history
G,1,W_T,4.783604294095744,1.1519040809970424,6.17773940699788e-05,1642,121,-0.030102418903053915,index_history
G,1,W_I,0.24787414231348204,0.6305686392309631,0.6949458982070369,1642,121,-0.030102418903053915,index_history
G,1,infl_z,-1.5286903480550764,0.3968912614355959,0.00018975876672271174,1642,121,-0.030102418903053915,index_history
G,1,gov_eff_z,-2.2679722484888893,0.8866888411889554,0.011778867356595609,1642,121,-0.030102418903053915,index_history
G,1,growth_lag,-0.10976404145794777,0.08357509186169412,0.19156793480942724,1642,121,-0.030102418903053915,index_history
G,1,lgdp_pc,4.440156181742386,2.4417941935848133,0.07149726369062422,1642,121,-0.030102418903053915,index_history
G,1,M_lag,0.4610357310972737,0.6694087320382885,0.492328373862706,1642,121,-0.030102418903053915,index_history
G,2,M_z,-2.436389764706683,0.7685555219201325,0.0019342368504591638,1539,121,-0.014240408270404641,index_history
G,2,MxW_F,-0.9626070948421092,0.2881758528989322,0.0011155677133976233,1539,121,-0.014240408270404641,index_history
G,2,MxW_T,0.15501960433028528,0.8845759197819334,0.861180623416706,1539,121,-0.014240408270404641,index_history
G,2,MxW_I,-1.3155261744316693,0.5920308905033173,0.02815408132390395,1539,121,-0.014240408270404641,index_history
G,2,W_F,1.472531824928184,0.40325860994819507,0.00038744351033714256,1539,121,-0.014240408270404641,index_history
G,2,W_T,6.745822541342631,1.6561511479422002,8.356337421884231e-05,1539,121,-0.014240408270404641,index_history
G,2,W_I,0.11254076914939301,0.872167224737323,0.8975453695101134,1539,121,-0.014240408270404641,index_history
G,2,infl_z,-0.7185352432395026,0.39633064654309524,0.0723361930286541,1539,121,-0.014240408270404641,index_history
G,2,gov_eff_z,-2.272450907999227,1.2613342296891439,0.07411529716112837,1539,121,-0.014240408270404641,index_history
G,2,growth_lag,-0.1647696470119028,0.10024441611520024,0.10286007122539484,1539,121,-0.014240408270404641,index_history
G,2,lgdp_pc,-3.8323498720289146,3.3448076632394406,0.2541738657854434,1539,121,-0.014240408270404641,index_history
G,2,M_lag,1.1398416454900213,0.7879473818960004,0.1506171159467011,1539,121,-0.014240408270404641,index_history
N,1,M_z,-4.111309909028357,2.049149639330637,0.047186272797825134,1537,115,-0.7032123628327416,index_history
N,1,MxW_F,-0.37454109220640774,1.3961561247133865,0.7889794721146057,1537,115,-0.7032123628327416,index_history
N,1,MxW_T,1.6228612856226015,1.9646471602656546,0.4105113852899285,1537,115,-0.7032123628327416,index_history
N,1,MxW_I,-1.6270604450941388,1.9076714848257923,0.39550102029636786,1537,115,-0.7032123628327416,index_history
N,1,W_F,4.995296181051142,1.1694755935918295,4.043394134286497e-05,1537,115,-0.7032123628327416,index_history
N,1,W_T,10.185118583563803,4.146325622157945,0.01554070482035679,1537,115,-0.7032123628327416,index_history
N,1,W_I,1.0947885878685706,2.692101289064378,0.6850150901269285,1537,115,-0.7032123628327416,index_history
N,1,infl_z,-1.5692672426584366,1.3211786454630443,0.23738963118163184,1537,115,-0.7032123628327416,index_history
N,1,gov_eff_z,-6.800563395291921,5.111412711800265,0.1860199211289096,1537,115,-0.7032123628327416,index_history
N,1,growth_lag,-0.1604394036401771,0.45993039133297964,0.7278573080019954,1537,115,-0.7032123628327416,index_history
N,1,lgdp_pc,-4.745516128273941,10.57277318778079,0.6543969041791454,1537,115,-0.7032123628327416,index_history
N,1,M_lag,3.6037410891193895,2.415201900011996,0.1384331625480977,1537,115,-0.7032123628327416,index_history
N,1,outcome_lag,-0.20481010501384966,0.05548817972913511,0.0003441105693941486,1537,115,-0.7032123628327416,index_history
N,2,M_z,-5.738101285782274,2.5135756976584607,0.024293532801972176,1439,115,-0.24154219261877874,index_history
N,2,MxW_F,-1.0435313364721894,1.9369745907176166,0.5911147367241341,1439,115,-0.24154219261877874,index_history
N,2,MxW_T,1.786395872259454,2.7217127427283105,0.512921682855032,1439,115,-0.24154219261877874,index_history
N,2,MxW_I,-2.3695693129969566,2.6601399555936585,0.37492939580186935,1439,115,-0.24154219261877874,index_history
N,2,W_F,6.8393904514445385,1.8982132157812213,0.00046742959999032294,1439,115,-0.24154219261877874,index_history
N,2,W_T,15.151163296486896,4.960545761717466,0.0028084886908147063,1439,115,-0.24154219261877874,index_history
N,2,W_I,1.5943395092939512,3.9335987420507084,0.6860069290653686,1439,115,-0.24154219261877874,index_history
N,2,infl_z,1.1009771762709837,1.9195784224751735,0.5674010771140373,1439,115,-0.24154219261877874,index_history
N,2,gov_eff_z,-3.671910664457622,6.317339622975593,0.5622240124286667,1439,115,-0.24154219261877874,index_history
N,2,growth_lag,-0.03442609726404222,0.3752826723053959,0.9270705620699277,1439,115,-0.24154219261877874,index_history
N,2,lgdp_pc,-27.179931725633217,14.271514303537076,0.05936682192043054,1439,115,-0.24154219261877874,index_history
N,2,M_lag,6.760469915254631,2.965098655059072,0.024466400412677367,1439,115,-0.24154219261877874,index_history
N,2,outcome_lag,-0.33560998403744763,0.06726607632227266,2.1922679369298955e-06,1439,115,-0.24154219261877874,index_history
I,1,M_z,0.0763953546257445,0.20408031677072971,0.7091805525863726,877,78,0.005639878143036472,index_history
I,1,MxW_F,0.1541971605549622,0.09300624046803677,0.10140189417965442,877,78,0.005639878143036472,index_history
I,1,MxW_T,-0.17024010574299236,0.28891938675395823,0.5574315308213493,877,78,0.005639878143036472,index_history
I,1,MxW_I,-0.03054298139031192,0.17891923072977292,0.8649009824393513,877,78,0.005639878143036472,index_history
I,1,W_F,0.02369117993416235,0.1520871807871536,0.8766190769197656,877,78,0.005639878143036472,index_history
I,1,W_T,0.04860438330994499,0.44362959937608043,0.9130427892844053,877,78,0.005639878143036472,index_history
I,1,W_I,-3.921831953176515,0.1890967580802994,2.9821961929156707e-33,877,78,0.005639878143036472,index_history
I,1,infl_z,0.03893976484544917,0.12177754505998628,0.7500151683968926,877,78,0.005639878143036472,index_history
I,1,gov_eff_z,0.02464397805365104,0.5155326640321327,0.9619970634264811,877,78,0.005639878143036472,index_history
I,1,growth_lag,0.014137778439649543,0.01891086250480798,0.4569780020660373,877,78,0.005639878143036472,index_history
I,1,lgdp_pc,-0.12967007221651805,1.4849449350664776,0.9306413464249945,877,78,0.005639878143036472,index_history
I,1,M_lag,-0.2758184782118817,0.27812249412331097,0.32444242356059944,877,78,0.005639878143036472,index_history
I,2,M_z,0.46276271476807485,0.31357573204337974,0.14425073948147388,794,75,-0.0019602880413411884,index_history
I,2,MxW_F,0.22346797293727494,0.12182516899948398,0.07062440721758931,794,75,-0.0019602880413411884,index_history
I,2,MxW_T,-0.19384357069349356,0.3655633321024742,0.5975193684165253,794,75,-0.0019602880413411884,index_history
I,2,MxW_I,0.06721897020359324,0.23224327414345433,0.7730590814762842,794,75,-0.0019602880413411884,index_history
I,2,W_F,0.00393884209693024,0.17635718259031474,0.9822412775058416,794,75,-0.0019602880413411884,index_history
I,2,W_T,-0.3178897657747324,0.5733672837669701,0.580959082518737,794,75,-0.0019602880413411884,index_history
I,2,W_I,-4.207023225129666,0.7749709552635449,6.897302019299694e-07,794,75,-0.0019602880413411884,index_history
I,2,infl_z,0.13177035471283433,0.1512151976176466,0.3863490138868025,794,75,-0.0019602880413411884,index_history
I,2,gov_eff_z,-0.041594060982425685,0.6615248248453961,0.9500347423130506,794,75,-0.0019602880413411884,index_history
I,2,growth_lag,-0.04091749509039928,0.02272026815137211,0.07578902639522565,794,75,-0.0019602880413411884,index_history
I,2,lgdp_pc,0.20388486197815903,1.9005021222804415,0.9148575946769913,794,75,-0.0019602880413411884,index_history
I,2,M_lag,-0.910488428189161,0.34184006926358723,0.009484957639809216,794,75,-0.0019602880413411884,index_history
T,1,M_z,-7.395396766534374,3.3982753109319295,0.03153135689856249,1567,119,0.5238589390759856,index_history
T,1,MxW_F,-0.7765459103703869,0.5909582293049261,0.19137973911555176,1567,119,0.5238589390759856,index_history
T,1,MxW_T,-3.371116153995767,1.8094171510313557,0.0649353667268096,1567,119,0.5238589390759856,index_history
T,1,MxW_I,-2.51988332898662,1.3501809846394481,0.0644778126987759,1567,119,0.5238589390759856,index_history
T,1,W_F,1.6420730189334933,0.7307727146503631,0.026496839778125576,1567,119,0.5238589390759856,index_history
T,1,W_T,-7.638857241393365,2.6952064741931516,0.005405227424700365,1567,119,0.5238589390759856,index_history
T,1,W_I,1.449754424014044,2.615630433879819,0.5804459048195294,1567,119,0.5238589390759856,index_history
T,1,infl_z,-0.09102940168389945,0.8151808041009462,0.911276583374243,1567,119,0.5238589390759856,index_history
T,1,gov_eff_z,-2.128630339908944,3.2725925668844105,0.5166714565364565,1567,119,0.5238589390759856,index_history
T,1,growth_lag,-0.26909055788093517,0.18627608082325445,0.15122627089628476,1567,119,0.5238589390759856,index_history
T,1,lgdp_pc,1.9821513404616757,7.701283948876689,0.7973342402399561,1567,119,0.5238589390759856,index_history
T,1,M_lag,4.156925933565898,3.3629709019129215,0.21888100227028806,1567,119,0.5238589390759856,index_history
T,1,outcome_lag,-0.20861653750301218,0.04994707033904525,5.6928432718024174e-05,1567,119,0.5238589390759856,index_history
T,2,M_z,-6.393839596914084,3.2869958988497023,0.054130542453581405,1467,119,0.5364218271426615,index_history
T,2,MxW_F,-1.7144210265445998,0.7759561315310006,0.029075239060184974,1467,119,0.5364218271426615,index_history
T,2,MxW_T,-3.4117363259521114,2.1280413187152143,0.11155767690691483,1467,119,0.5364218271426615,index_history
T,2,MxW_I,-2.175078496979804,1.533085879572014,0.15860536618900542,1467,119,0.5364218271426615,index_history
T,2,W_F,1.5843326944685,0.9652127507140945,0.10337013472817796,1467,119,0.5364218271426615,index_history
T,2,W_T,-8.713763911361907,3.405502796969279,0.01177058213148192,1467,119,0.5364218271426615,index_history
T,2,W_I,1.9768849312064722,3.4427369697611887,0.566912631050877,1467,119,0.5364218271426615,index_history
T,2,infl_z,1.3008902386693129,1.1666125148285102,0.2670732345119707,1467,119,0.5364218271426615,index_history
T,2,gov_eff_z,0.9238072512660738,4.1846580071224215,0.8256604337325952,1467,119,0.5364218271426615,index_history
T,2,growth_lag,-0.1676283806256309,0.1641457342893259,0.30924086696345326,1467,119,0.5364218271426615,index_history
T,2,lgdp_pc,-11.25266255889741,10.996450948251052,0.30825955532449617,1467,119,0.5364218271426615,index_history
T,2,M_lag,3.747947831294384,3.9458468986626416,0.3441317547397251,1467,119,0.5364218271426615,index_history
T,2,outcome_lag,-0.33407022770999517,0.04590382393574587,4.088215201534533e-11,1467,119,0.5364218271426615,index_history
F,1,M_z,0.7950070972579555,0.40410155542527165,0.05147014643514638,1562,120,0.022994344227707873,index_history
F,1,MxW_F,0.6322323892484012,0.2848600431555957,0.02835157520722212,1562,120,0.022994344227707873,index_history
F,1,MxW_T,-0.20185606591232183,0.4627722904963727,0.6634900986573904,1562,120,0.022994344227707873,index_history
F,1,MxW_I,-0.374293854148531,0.4086597615557424,0.3615686243078016,1562,120,0.022994344227707873,index_history
F,1,W_F,-3.59405206893613,0.4546522003792215,1.5188075949600377e-12,1562,120,0.022994344227707873,index_history
F,1,W_T,-2.003265013339807,1.0332619892062151,0.05489615613440075,1562,120,0.022994344227707873,index_history
F,1,W_I,-0.3572791779824745,0.5985567850313437,0.5517073973882202,1562,120,0.022994344227707873,index_history
F,1,infl_z,0.545967929364553,0.24067752465423872,0.02510370007664935,1562,120,0.022994344227707873,index_history
F,1,gov_eff_z,0.9039876192060585,1.0841427953894658,0.4060490437775337,1562,120,0.022994344227707873,index_history
F,1,growth_lag,-0.16412385523712436,0.05512579604763593,0.0035245470673975366,1562,120,0.022994344227707873,index_history
F,1,lgdp_pc,-6.776367203323595,2.603305881246899,0.010416960890368565,1562,120,0.022994344227707873,index_history
F,1,M_lag,-0.10297833499786563,0.4619393724830559,0.8239752335722103,1562,120,0.022994344227707873,index_history
F,2,M_z,1.5290109462367087,0.6419215428586038,0.018807419422276088,1462,120,0.10869667590997244,index_history
F,2,MxW_F,1.0647490895861123,0.3986841854417856,0.008629506430073262,1462,120,0.10869667590997244,index_history
F,2,MxW_T,-0.4748857749951821,0.6005571239739055,0.430667621173048,1462,120,0.10869667590997244,index_history
F,2,MxW_I,-0.4553874650272609,0.4876714422360904,0.3522981060946808,1462,120,0.10869667590997244,index_history
F,2,W_F,-5.78648365781366,0.41056379298406337,3.91660394359799e-27,1462,120,0.10869667590997244,index_history
F,2,W_T,-3.027950696991734,1.1805565691369888,0.011565214553528916,1462,120,0.10869667590997244,index_history
F,2,W_I,-0.5199861208063398,0.8029035059363154,0.518470396439708,1462,120,0.10869667590997244,index_history
F,2,infl_z,0.491103263781684,0.46013185401168155,0.287992421477902,1462,120,0.10869667590997244,index_history
F,2,gov_eff_z,1.433206556765259,1.4027797304940972,0.30900001523634446,1462,120,0.10869667590997244,index_history
F,2,growth_lag,-0.12700394476264096,0.06446592919046815,0.051150206675782996,1462,120,0.10869667590997244,index_history
F,2,lgdp_pc,-8.61464208103776,3.125316749996503,0.0067648754912441565,1462,120,0.10869667590997244,index_history
F,2,M_lag,-0.285137018288915,0.5178488216823915,0.582927571228295,1462,120,0.10869667590997244,index_history
G,2,M_z,-1.6833170699583535,0.7217091227930531,0.02149903655243426,1447,111,-0.006281056908761739,omit_Middle East & North Africa
G,2,MxW_F,-1.0027824061066315,0.2900920036502366,0.0007781091786318123,1447,111,-0.006281056908761739,omit_Middle East & North Africa
G,2,MxW_T,0.21867280430455605,0.9171265062966226,0.8119892399870198,1447,111,-0.006281056908761739,omit_Middle East & North Africa
G,2,MxW_I,-1.3899943752906796,0.6148171147471717,0.025737575427900363,1447,111,-0.006281056908761739,omit_Middle East & North Africa
G,2,W_F,1.5003923166238642,0.40785151208039366,0.00036447044902529436,1447,111,-0.006281056908761739,omit_Middle East & North Africa
G,2,W_T,7.09183161099735,1.9245492247022336,0.00035671861022360836,1447,111,-0.006281056908761739,omit_Middle East & North Africa
G,2,W_I,0.3590409416384527,0.9193189276534878,0.6968844601589023,1447,111,-0.006281056908761739,omit_Middle East & North Africa
G,2,infl_z,-0.7731552043411875,0.406608578716739,0.05985637715747369,1447,111,-0.006281056908761739,omit_Middle East & North Africa
G,2,gov_eff_z,-2.5406657965617407,1.2590274024572035,0.04602948255325931,1447,111,-0.006281056908761739,omit_Middle East & North Africa
G,2,growth_lag,-0.19956970758427012,0.09971697570431894,0.04781556471237876,1447,111,-0.006281056908761739,omit_Middle East & North Africa
G,2,lgdp_pc,-5.354504981904014,3.4068177866135407,0.1188915440471817,1447,111,-0.006281056908761739,omit_Middle East & North Africa
N,2,M_z,-1.0128051939678995,2.10288897970058,0.6310742169332578,1356,106,1.0070584202011303,omit_Middle East & North Africa
N,2,MxW_F,-1.1632728763204125,2.0395484484843567,0.5696533765146098,1356,106,1.0070584202011303,omit_Middle East & North Africa
N,2,MxW_T,1.656726087490542,2.918431045755234,0.5714661667297223,1356,106,1.0070584202011303,omit_Middle East & North Africa
N,2,MxW_I,-2.556616739829566,2.806620428700313,0.36442213646906857,1356,106,1.0070584202011303,omit_Middle East & North Africa
N,2,W_F,6.828109709930228,1.9959602666086564,0.0008900806715680381,1356,106,1.0070584202011303,omit_Middle East & North Africa
N,2,W_T,16.064932402190813,5.7190933814360125,0.005927719518193443,1356,106,1.0070584202011303,omit_Middle East & North Africa
N,2,W_I,2.6213849005815755,3.9937122243665377,0.5130168396060298,1356,106,1.0070584202011303,omit_Middle East & North Africa
N,2,infl_z,1.153480200580645,1.9277236996960072,0.5508857537917766,1356,106,1.0070584202011303,omit_Middle East & North Africa
N,2,gov_eff_z,-4.838939190308238,6.52174956285269,0.45976230228150616,1356,106,1.0070584202011303,omit_Middle East & North Africa
N,2,growth_lag,-0.2148728984659769,0.3817635392919234,0.5747416942262956,1356,106,1.0070584202011303,omit_Middle East & North Africa
N,2,lgdp_pc,-27.113970439135308,14.658655982684735,0.06717060649215814,1356,106,1.0070584202011303,omit_Middle East & North Africa
N,2,outcome_lag,-0.3082128790754117,0.06817127035710227,1.621232898818984e-05,1356,106,1.0070584202011303,omit_Middle East & North Africa
I,2,M_z,-0.1875468086138803,0.3121967410549289,0.5499309484514336,770,72,-0.00614735040732394,omit_Middle East & North Africa
I,2,MxW_F,0.2051152093510068,0.11089477300621851,0.06852774362018466,770,72,-0.00614735040732394,omit_Middle East & North Africa
I,2,MxW_T,-0.39747502838777493,0.34848263118166567,0.25787435430927047,770,72,-0.00614735040732394,omit_Middle East & North Africa
I,2,MxW_I,-0.03881882060057679,0.2395326651430031,0.8717184121460703,770,72,-0.00614735040732394,omit_Middle East & North Africa
I,2,W_F,-0.033173991880766474,0.16980942359434836,0.8456690269579166,770,72,-0.00614735040732394,omit_Middle East & North Africa
I,2,W_T,-0.6504279533582613,0.4889412729444974,0.18768386005315832,770,72,-0.00614735040732394,omit_Middle East & North Africa
I,2,W_I,-4.3004784740226105,0.8296187979973249,1.9609380712002253e-06,770,72,-0.00614735040732394,omit_Middle East & North Africa
I,2,infl_z,0.1323677952833648,0.15039180900070914,0.381745946530905,770,72,-0.00614735040732394,omit_Middle East & North Africa
I,2,gov_eff_z,0.07929054676157499,0.6992491711172958,0.9100383491516583,770,72,-0.00614735040732394,omit_Middle East & North Africa
I,2,growth_lag,-0.029727301674230804,0.02180293280099021,0.17704719594108073,770,72,-0.00614735040732394,omit_Middle East & North Africa
I,2,lgdp_pc,-0.36949245132440844,1.9167554651135594,0.8476896525559264,770,72,-0.00614735040732394,omit_Middle East & North Africa
T,2,M_z,-3.5567678325315986,1.782576530500369,0.04852880147337292,1376,109,-0.2545979465571539,omit_Middle East & North Africa
T,2,MxW_F,-1.849855438569372,0.8026575288644023,0.02309771774411032,1376,109,-0.2545979465571539,omit_Middle East & North Africa
T,2,MxW_T,-3.8680991153078015,2.379917860901775,0.10701174596965936,1376,109,-0.2545979465571539,omit_Middle East & North Africa
T,2,MxW_I,-2.381295293035238,1.641940214843253,0.14987472921940412,1376,109,-0.2545979465571539,omit_Middle East & North Africa
T,2,W_F,1.6281610016172723,0.9638759429599866,0.09406981778618845,1376,109,-0.2545979465571539,omit_Middle East & North Africa
T,2,W_T,-8.553708232292209,3.9496158539695756,0.03253347792868834,1376,109,-0.2545979465571539,omit_Middle East & North Africa
T,2,W_I,2.4697017027763213,3.5345665587273407,0.4862237748157148,1376,109,-0.2545979465571539,omit_Middle East & North Africa
T,2,infl_z,1.3539746175008167,1.1889342930991562,0.2573006307048674,1376,109,-0.2545979465571539,omit_Middle East & North Africa
T,2,gov_eff_z,1.4655621934486747,4.367434221175429,0.7378491889209682,1376,109,-0.2545979465571539,omit_Middle East & North Africa
T,2,growth_lag,-0.25325453938773335,0.16081013771795372,0.11821212085063071,1376,109,-0.2545979465571539,omit_Middle East & North Africa
T,2,lgdp_pc,-12.769658602722993,11.349596105099772,0.2630323857797216,1376,109,-0.2545979465571539,omit_Middle East & North Africa
T,2,outcome_lag,-0.3192906650182105,0.048857283616926706,2.1578009308795287e-09,1376,109,-0.2545979465571539,omit_Middle East & North Africa
F,2,M_z,1.3562449882773018,0.6394660608603397,0.036197381129193656,1373,110,0.13979456324767472,omit_Middle East & North Africa
F,2,MxW_F,1.0430869218790055,0.40492348458065724,0.011332989303591333,1373,110,0.13979456324767472,omit_Middle East & North Africa
F,2,MxW_T,-0.7171350805611697,0.6175588388424641,0.24808034382566788,1373,110,0.13979456324767472,omit_Middle East & North Africa
F,2,MxW_I,-0.5386388197078791,0.4947109123116767,0.27864570791226684,1373,110,0.13979456324767472,omit_Middle East & North Africa
F,2,W_F,-5.997364136750636,0.4479107726638093,9.1764314579706e-25,1373,110,0.13979456324767472,omit_Middle East & North Africa
F,2,W_T,-3.4411992818978914,1.3230530376935006,0.010586484125168272,1373,110,0.13979456324767472,omit_Middle East & North Africa
F,2,W_I,-0.5464941924327238,0.8464347000291195,0.5198677839039774,1373,110,0.13979456324767472,omit_Middle East & North Africa
F,2,infl_z,0.5242989386826414,0.45866087135437666,0.25549821625185887,1373,110,0.13979456324767472,omit_Middle East & North Africa
F,2,gov_eff_z,1.6956265400990302,1.4667647954987375,0.2501957874650116,1373,110,0.13979456324767472,omit_Middle East & North Africa
F,2,growth_lag,-0.12098124960874235,0.06621886351401036,0.07043738927277149,1373,110,0.13979456324767472,omit_Middle East & North Africa
F,2,lgdp_pc,-8.702423872024525,3.1903965562821432,0.00743557787050448,1373,110,0.13979456324767472,omit_Middle East & North Africa
G,2,M_z,-0.6658972444121535,0.7728442477644709,0.3911134063355154,1259,94,-0.006864623701371529,omit_Sub-Saharan Africa
G,2,MxW_F,-0.8474638768629887,0.26126307302597607,0.0016394202639437758,1259,94,-0.006864623701371529,omit_Sub-Saharan Africa
G,2,MxW_T,0.3781646531635414,1.0366289865436875,0.7160872256047399,1259,94,-0.006864623701371529,omit_Sub-Saharan Africa
G,2,MxW_I,-0.43142629312295755,0.5009192361770058,0.3913049799423701,1259,94,-0.006864623701371529,omit_Sub-Saharan Africa
G,2,W_F,1.693488099345421,0.38498746771178033,2.894789746782793e-05,1259,94,-0.006864623701371529,omit_Sub-Saharan Africa
G,2,W_T,7.258111409793981,1.899265525350752,0.0002394427788225804,1259,94,-0.006864623701371529,omit_Sub-Saharan Africa
G,2,W_I,0.6305397272420472,0.8226114301389049,0.4453143614571334,1259,94,-0.006864623701371529,omit_Sub-Saharan Africa
G,2,infl_z,-0.6110685808099264,0.3873187453706071,0.11803263576322959,1259,94,-0.006864623701371529,omit_Sub-Saharan Africa
G,2,gov_eff_z,-1.8182394221878335,1.239847742791202,0.14588486358902536,1259,94,-0.006864623701371529,omit_Sub-Saharan Africa
G,2,growth_lag,-0.13655612916306417,0.11548469244589886,0.24003724358271558,1259,94,-0.006864623701371529,omit_Sub-Saharan Africa
G,2,lgdp_pc,-2.7994235083669716,3.566265999531496,0.43446434887101076,1259,94,-0.006864623701371529,omit_Sub-Saharan Africa
N,2,M_z,1.7578118784726708,2.2134113811390215,0.4291889658573004,1192,91,0.16515966732977405,omit_Sub-Saharan Africa
N,2,MxW_F,-1.0769933682254729,1.588110529967063,0.4994100304610925,1192,91,0.16515966732977405,omit_Sub-Saharan Africa
N,2,MxW_T,0.9375879383318555,2.9770924316968856,0.7535406913540079,1192,91,0.16515966732977405,omit_Sub-Saharan Africa
N,2,MxW_I,-3.73339070535068,2.0097600704533614,0.06649148555110326,1192,91,0.16515966732977405,omit_Sub-Saharan Africa
N,2,W_F,7.023807882797212,1.8720904627326613,0.00031035753959748164,1192,91,0.16515966732977405,omit_Sub-Saharan Africa
N,2,W_T,14.77667558139463,5.603676852457597,0.009853764950294793,1192,91,0.16515966732977405,omit_Sub-Saharan Africa
N,2,W_I,3.5310431579627655,3.1597863922994547,0.2667572982237444,1192,91,0.16515966732977405,omit_Sub-Saharan Africa
N,2,infl_z,-0.04575686808746715,1.1862047021128335,0.9693153287745503,1192,91,0.16515966732977405,omit_Sub-Saharan Africa
N,2,gov_eff_z,-2.6625100635511973,4.789644876009837,0.5796662056624307,1192,91,0.16515966732977405,omit_Sub-Saharan Africa
N,2,growth_lag,0.157891723362812,0.3539225229721697,0.6565824264607282,1192,91,0.16515966732977405,omit_Sub-Saharan Africa
N,2,lgdp_pc,-35.963461431893386,14.236335374401097,0.013279380026292493,1192,91,0.16515966732977405,omit_Sub-Saharan Africa
N,2,outcome_lag,-0.2517244028226339,0.07051580446988552,0.0005757614239536225,1192,91,0.16515966732977405,omit_Sub-Saharan Africa
I,2,M_z,-0.2846505174438436,0.34819838486542004,0.4163803883565536,789,72,-0.008720075594523686,omit_Sub-Saharan Africa
I,2,MxW_F,0.18192945980610425,0.11404893060333703,0.11511229442530443,789,72,-0.008720075594523686,omit_Sub-Saharan Africa
I,2,MxW_T,-0.20529782414988568,0.414006209070819,0.6215099023860878,789,72,-0.008720075594523686,omit_Sub-Saharan Africa
I,2,MxW_I,0.022968110329984304,0.2295906746417664,0.9205949985030875,789,72,-0.008720075594523686,omit_Sub-Saharan Africa
I,2,W_F,-0.04446517072781367,0.16263449480885658,0.785335247619434,789,72,-0.008720075594523686,omit_Sub-Saharan Africa
I,2,W_T,-0.3047698683267852,0.5978361099864201,0.6117808055725574,789,72,-0.008720075594523686,omit_Sub-Saharan Africa
I,2,W_I,-3.94378536338433,0.7303064281953604,8.394316905505299e-07,789,72,-0.008720075594523686,omit_Sub-Saharan Africa
I,2,infl_z,0.1026290131472358,0.13680648974678217,0.4556272273634604,789,72,-0.008720075594523686,omit_Sub-Saharan Africa
I,2,gov_eff_z,-0.05644475563631962,0.6599162729290851,0.9320782378538209,789,72,-0.008720075594523686,omit_Sub-Saharan Africa
I,2,growth_lag,-0.03582384634519289,0.02282400935465794,0.12096177986703681,789,72,-0.008720075594523686,omit_Sub-Saharan Africa
I,2,lgdp_pc,-0.02126649407468839,1.880213042178097,0.9910072948457312,789,72,-0.008720075594523686,omit_Sub-Saharan Africa
T,2,M_z,-3.3583809074479345,2.1457898932351407,0.12102993196736905,1204,92,-0.36813303249716667,omit_Sub-Saharan Africa
T,2,MxW_F,-1.3216452512735797,0.6452775116172274,0.04342354147762217,1204,92,-0.36813303249716667,omit_Sub-Saharan Africa
T,2,MxW_T,-5.065498817233142,2.5405495703457865,0.0491611249710202,1204,92,-0.36813303249716667,omit_Sub-Saharan Africa
T,2,MxW_I,-1.9059903279681336,1.532888641359237,0.21691513014522726,1204,92,-0.36813303249716667,omit_Sub-Saharan Africa
T,2,W_F,2.2244052200792823,0.8696764400193797,0.01218909901874819,1204,92,-0.36813303249716667,omit_Sub-Saharan Africa
T,2,W_T,-8.439054444185073,3.3200419123088385,0.012717796115155378,1204,92,-0.36813303249716667,omit_Sub-Saharan Africa
T,2,W_I,4.156344024395198,3.3330785909967684,0.21559804350374234,1204,92,-0.36813303249716667,omit_Sub-Saharan Africa
T,2,infl_z,0.7291838056622364,0.987003510708613,0.4619385729013607,1204,92,-0.36813303249716667,omit_Sub-Saharan Africa
T,2,gov_eff_z,-0.011689070968391446,3.8762968185071585,0.9976005634282928,1204,92,-0.36813303249716667,omit_Sub-Saharan Africa
T,2,growth_lag,-0.2151271999527768,0.19876881511061328,0.28197950433386476,1204,92,-0.36813303249716667,omit_Sub-Saharan Africa
T,2,lgdp_pc,-7.415320615574554,9.895504958038774,0.45557153635552067,1204,92,-0.36813303249716667,omit_Sub-Saharan Africa
T,2,outcome_lag,-0.2903992129562306,0.04928539639082317,6.35267704198582e-08,1204,92,-0.36813303249716667,omit_Sub-Saharan Africa
F,2,M_z,1.4240413594170738,0.811862106316541,0.08271726526312301,1211,94,0.15372253251112172,omit_Sub-Saharan Africa
F,2,MxW_F,1.0818485111075575,0.37218836895454344,0.004565551611914036,1211,94,0.15372253251112172,omit_Sub-Saharan Africa
F,2,MxW_T,-0.6313318893613393,0.8113274141901727,0.4384576779987582,1211,94,0.15372253251112172,omit_Sub-Saharan Africa
F,2,MxW_I,-0.5013250645800245,0.5263117452505239,0.3432999457907536,1211,94,0.15372253251112172,omit_Sub-Saharan Africa
F,2,W_F,-5.491005894402454,0.4302533880087423,3.742682418878843e-22,1211,94,0.15372253251112172,omit_Sub-Saharan Africa
F,2,W_T,-3.2367769016126564,1.4029767271836755,0.023269858998697126,1211,94,0.15372253251112172,omit_Sub-Saharan Africa
F,2,W_I,-0.3606019384771101,0.9752451270820767,0.7124055663485397,1211,94,0.15372253251112172,omit_Sub-Saharan Africa
F,2,infl_z,0.6411157946218459,0.4864057117448844,0.1907182347787531,1211,94,0.15372253251112172,omit_Sub-Saharan Africa
F,2,gov_eff_z,0.9808530155339075,1.510231116281005,0.5176341403440949,1211,94,0.15372253251112172,omit_Sub-Saharan Africa
F,2,growth_lag,-0.1578719444332186,0.06727609419040821,0.021066910382417512,1211,94,0.15372253251112172,omit_Sub-Saharan Africa
F,2,lgdp_pc,-9.07815055138692,3.485725266536645,0.010715169680687498,1211,94,0.15372253251112172,omit_Sub-Saharan Africa
G,2,M_z,-1.6908149471934457,1.195984312862294,0.16163044948401392,879,75,0.40640727766043977,omit_Europe & Central Asia
G,2,MxW_F,-0.9048411146083355,0.8807937342219062,0.307624628860671,879,75,0.40640727766043977,omit_Europe & Central Asia
G,2,MxW_T,0.5844749651167109,1.1150076392895285,0.6017135713777573,879,75,0.40640727766043977,omit_Europe & Central Asia
G,2,MxW_I,-0.8546414195629871,0.9027104250670624,0.34684737671997595,879,75,0.40640727766043977,omit_Europe & Central Asia
G,2,W_F,0.7611686101356128,1.044103431169394,0.4682926548264295,879,75,0.40640727766043977,omit_Europe & Central Asia
G,2,W_T,4.227291576602493,1.567579698609349,0.00866634583431337,879,75,0.40640727766043977,omit_Europe & Central Asia
G,2,W_I,-0.8210349598887665,1.4268166052566313,0.5667453331603206,879,75,0.40640727766043977,omit_Europe & Central Asia
G,2,infl_z,-1.554348042241607,0.6464933127046623,0.018707730613312948,879,75,0.40640727766043977,omit_Europe & Central Asia
G,2,gov_eff_z,-0.9893673264642142,1.4141776387452731,0.4863667526296756,879,75,0.40640727766043977,omit_Europe & Central Asia
G,2,growth_lag,-0.2903119337551092,0.1001848715875174,0.004941413398296147,879,75,0.40640727766043977,omit_Europe & Central Asia
G,2,lgdp_pc,-8.843209756211635,4.871073870035326,0.07350557055709872,879,75,0.40640727766043977,omit_Europe & Central Asia
N,2,M_z,-1.9935327280343922,4.366681764643199,0.6494619285326462,798,69,-1.0539524944777163,omit_Europe & Central Asia
N,2,MxW_F,0.921709595941921,4.256347748328069,0.8292078609112765,798,69,-1.0539524944777163,omit_Europe & Central Asia
N,2,MxW_T,3.867162977455185,3.1258282765919603,0.2202814880532465,798,69,-1.0539524944777163,omit_Europe & Central Asia
N,2,MxW_I,3.790506458956644,4.053028599673953,0.3529801493311558,798,69,-1.0539524944777163,omit_Europe & Central Asia
N,2,W_F,4.135696988715157,3.9009012274635473,0.29280935417958365,798,69,-1.0539524944777163,omit_Europe & Central Asia
N,2,W_T,10.621540108836601,5.957156618282908,0.07905128988670693,798,69,-1.0539524944777163,omit_Europe & Central Asia
N,2,W_I,-2.465790271658566,6.654932686874518,0.7121462530310978,798,69,-1.0539524944777163,omit_Europe & Central Asia
N,2,infl_z,0.02056469718455456,4.600896291707037,0.9964467819820874,798,69,-1.0539524944777163,omit_Europe & Central Asia
N,2,gov_eff_z,-7.7720142908743615,8.453706071838328,0.361156187158261,798,69,-1.0539524944777163,omit_Europe & Central Asia
N,2,growth_lag,-0.09110086769675482,0.49235204088462986,0.8537547308632891,798,69,-1.0539524944777163,omit_Europe & Central Asia
N,2,lgdp_pc,-18.574295342776587,19.349429178364044,0.3404862134277621,798,69,-1.0539524944777163,omit_Europe & Central Asia
N,2,outcome_lag,-0.45589980267695085,0.07572848465566087,7.839510324692764e-08,798,69,-1.0539524944777163,omit_Europe & Central Asia
I,2,M_z,0.7503455202141429,0.6769894786348636,0.2762333483800928,280,32,0.3938326451817781,omit_Europe & Central Asia
I,2,MxW_F,2.4448152143182114,0.7651082392530026,0.0032030224760949103,280,32,0.3938326451817781,omit_Europe & Central Asia
I,2,MxW_T,-0.07301796322860832,0.5468636499869538,0.8946441253916495,280,32,0.3938326451817781,omit_Europe & Central Asia
I,2,MxW_I,-0.014054992081962758,0.27077654944915486,0.9589364413251793,280,32,0.3938326451817781,omit_Europe & Central Asia
I,2,W_F,0.07104377389955352,0.7291363336054588,0.92300779413461,280,32,0.3938326451817781,omit_Europe & Central Asia
I,2,W_T,1.323585005340646,0.8044974196351197,0.1100256754013791,280,32,0.3938326451817781,omit_Europe & Central Asia
I,2,W_I,-5.016342972727233,0.40197735228335996,1.2644316376825362e-13,280,32,0.3938326451817781,omit_Europe & Central Asia
I,2,infl_z,-0.0889563864550485,0.4617718667349385,0.8484963125775061,280,32,0.3938326451817781,omit_Europe & Central Asia
I,2,gov_eff_z,-0.6578174464268334,0.8625566380242277,0.45144444839965053,280,32,0.3938326451817781,omit_Europe & Central Asia
I,2,growth_lag,-0.023611890715191708,0.02624382651079865,0.3752096147069414,280,32,0.3938326451817781,omit_Europe & Central Asia
I,2,lgdp_pc,-0.6394858085203801,2.191527289315651,0.7723840425231766,280,32,0.3938326451817781,omit_Europe & Central Asia
T,2,M_z,-4.936610237045375,3.856424119286648,0.20461884265817623,822,73,1.9055370494567858,omit_Europe & Central Asia
T,2,MxW_F,-3.689237397739801,2.853752906430953,0.20022480329174897,822,73,1.9055370494567858,omit_Europe & Central Asia
T,2,MxW_T,-0.7592975247771514,3.510793592222205,0.8293848383294553,822,73,1.9055370494567858,omit_Europe & Central Asia
T,2,MxW_I,0.2360434983313694,2.1708223993633884,0.9137154678646054,822,73,1.9055370494567858,omit_Europe & Central Asia
T,2,W_F,3.4275564505387326,3.0275402813058596,0.2613379401290566,822,73,1.9055370494567858,omit_Europe & Central Asia
T,2,W_T,-14.062424069977126,5.108333391074968,0.007472100725537617,822,73,1.9055370494567858,omit_Europe & Central Asia
T,2,W_I,-2.280963514745862,3.5920503104420947,0.5274391793781326,822,73,1.9055370494567858,omit_Europe & Central Asia
T,2,infl_z,1.3959127950424963,2.3335962845022964,0.5515963047484942,822,73,1.9055370494567858,omit_Europe & Central Asia
T,2,gov_eff_z,3.8252051493059,5.913002180710257,0.5197445721957468,822,73,1.9055370494567858,omit_Europe & Central Asia
T,2,growth_lag,-0.21477213629075645,0.23271569726709995,0.3591444212788788,822,73,1.9055370494567858,omit_Europe & Central Asia
T,2,lgdp_pc,-24.76573322050492,17.41380456450475,0.15928900274369157,822,73,1.9055370494567858,omit_Europe & Central Asia
T,2,outcome_lag,-0.3530482943135358,0.05863824475457872,6.651690405311195e-08,822,73,1.9055370494567858,omit_Europe & Central Asia
F,2,M_z,1.1449574461094558,0.2905917622809659,0.0001846514362505293,823,74,0.017794405784425607,omit_Europe & Central Asia
F,2,MxW_F,0.9030114501431681,0.35211522416403984,0.012387341198317517,823,74,0.017794405784425607,omit_Europe & Central Asia
F,2,MxW_T,-0.1977886657402979,0.36720349385592205,0.5917774832038548,823,74,0.017794405784425607,omit_Europe & Central Asia
F,2,MxW_I,-0.48427436840606686,0.3439556593545955,0.16338855877724814,823,74,0.017794405784425607,omit_Europe & Central Asia
F,2,W_F,-5.047212417262671,0.3425626869360829,1.4424809585095606e-23,823,74,0.017794405784425607,omit_Europe & Central Asia
F,2,W_T,-1.1093390072067502,0.518985230533257,0.03590537006523027,823,74,0.017794405784425607,omit_Europe & Central Asia
F,2,W_I,-0.13950780998722573,0.5703650403357384,0.8074570959550819,823,74,0.017794405784425607,omit_Europe & Central Asia
F,2,infl_z,-0.03051974647175587,0.4281568739417237,0.9433684933813916,823,74,0.017794405784425607,omit_Europe & Central Asia
F,2,gov_eff_z,1.0132383629543567,0.512118001166641,0.051642960138460564,823,74,0.017794405784425607,omit_Europe & Central Asia
F,2,growth_lag,-0.004527145192410556,0.0427980792272773,0.9160476991856291,823,74,0.017794405784425607,omit_Europe & Central Asia
F,2,lgdp_pc,-2.8341870232529898,2.1418109112543102,0.18987641673709324,823,74,0.017794405784425607,omit_Europe & Central Asia
G,2,M_z,-2.283000181878686,0.7938117946365356,0.0048952403956361796,1297,104,-0.035739285939509216,omit_Latin America & Caribbean
G,2,MxW_F,-0.9264635459262731,0.30992842841109103,0.0034971628210680476,1297,104,-0.035739285939509216,omit_Latin America & Caribbean
G,2,MxW_T,0.39714247616742393,0.9532830719814146,0.6778342679052344,1297,104,-0.035739285939509216,omit_Latin America & Caribbean
G,2,MxW_I,-1.6610448051402493,0.6605882510572831,0.013467462904503454,1297,104,-0.035739285939509216,omit_Latin America & Caribbean
G,2,W_F,1.5769384872967989,0.43048222487360305,0.0003954463614189765,1297,104,-0.035739285939509216,omit_Latin America & Caribbean
G,2,W_T,6.120736782589262,1.8165148358722325,0.0010606705680263834,1297,104,-0.035739285939509216,omit_Latin America & Caribbean
G,2,W_I,-0.16780123846967732,0.8432765053472365,0.8426650205081601,1297,104,-0.035739285939509216,omit_Latin America & Caribbean
G,2,infl_z,-0.5981751409043113,0.39791538121790926,0.1358288508272591,1297,104,-0.035739285939509216,omit_Latin America & Caribbean
G,2,gov_eff_z,-2.712576954573139,1.514485202476352,0.076216261277367,1297,104,-0.035739285939509216,omit_Latin America & Caribbean
G,2,growth_lag,-0.16899293920794078,0.11197505336254608,0.13430877469746966,1297,104,-0.035739285939509216,omit_Latin America & Caribbean
G,2,lgdp_pc,-0.9328071311801258,3.6125582272673435,0.7967582750740676,1297,104,-0.035739285939509216,omit_Latin America & Caribbean
N,2,M_z,-3.2593478011775945,2.5512168979251366,0.20445176524084002,1199,98,1.9902357396881591,omit_Latin America & Caribbean
N,2,MxW_F,-0.6710518562262049,2.0701548174508155,0.7465183352950461,1199,98,1.9902357396881591,omit_Latin America & Caribbean
N,2,MxW_T,3.007708415171945,2.8652431088117782,0.2964543313335849,1199,98,1.9902357396881591,omit_Latin America & Caribbean
N,2,MxW_I,-2.905177306404123,4.126943279191997,0.4831480692143562,1199,98,1.9902357396881591,omit_Latin America & Caribbean
N,2,W_F,7.485051376991627,1.9431733629693329,0.00021031401789235542,1199,98,1.9902357396881591,omit_Latin America & Caribbean
N,2,W_T,11.731625170470627,5.064497427836441,0.02263865589078576,1199,98,1.9902357396881591,omit_Latin America & Caribbean
N,2,W_I,1.0448956530644549,3.5641280818848973,0.7700184462342737,1199,98,1.9902357396881591,omit_Latin America & Caribbean
N,2,infl_z,1.4514002881698196,1.995056959896855,0.46867316172569207,1199,98,1.9902357396881591,omit_Latin America & Caribbean
N,2,gov_eff_z,-5.937147530463002,7.687041973312427,0.44178028468326636,1199,98,1.9902357396881591,omit_Latin America & Caribbean
N,2,growth_lag,-0.03987307785208827,0.40719177756207786,0.9221962035860861,1199,98,1.9902357396881591,omit_Latin America & Caribbean
N,2,lgdp_pc,-14.398269686232776,15.656429975815241,0.3600425716173913,1199,98,1.9902357396881591,omit_Latin America & Caribbean
N,2,outcome_lag,-0.3531053304120831,0.07347097078896125,5.617177344360797e-06,1199,98,1.9902357396881591,omit_Latin America & Caribbean
I,2,M_z,-0.059646378070658854,0.617102122835774,0.9233274789600051,636,60,-0.014318824210610646,omit_Latin America & Caribbean
I,2,MxW_F,0.202048322865808,0.1324112809957661,0.13237431493847382,636,60,-0.014318824210610646,omit_Latin America & Caribbean
I,2,MxW_T,-0.35592496281155706,0.48047773264805943,0.46176913333023656,636,60,-0.014318824210610646,omit_Latin America & Caribbean
I,2,MxW_I,0.13547025655770129,0.384164600213478,0.7256180326370227,636,60,-0.014318824210610646,omit_Latin America & Caribbean
I,2,W_F,-0.023210316998560465,0.19780151947507807,0.9069880269803062,636,60,-0.014318824210610646,omit_Latin America & Caribbean
I,2,W_T,-0.5960540562172264,0.7689275783487631,0.44133167196339385,636,60,-0.014318824210610646,omit_Latin America & Caribbean
I,2,W_I,-3.638899881473144,0.7795515858445262,1.7981044687878834e-05,636,60,-0.014318824210610646,omit_Latin America & Caribbean
I,2,infl_z,0.03814703006656084,0.17043486448746265,0.8236692303092099,636,60,-0.014318824210610646,omit_Latin America & Caribbean
I,2,gov_eff_z,-0.3958586436254362,0.8989153490513117,0.6612757239443494,636,60,-0.014318824210610646,omit_Latin America & Caribbean
I,2,growth_lag,-0.047963289259890754,0.030136149724182194,0.11682939297490741,636,60,-0.014318824210610646,omit_Latin America & Caribbean
I,2,lgdp_pc,0.3076737785179191,2.4260729641106757,0.8995143472063797,636,60,-0.014318824210610646,omit_Latin America & Caribbean
T,2,M_z,-4.8612670590662255,2.61839458034851,0.0662851347901116,1227,102,-0.5174108546289147,omit_Latin America & Caribbean
T,2,MxW_F,-1.6769591284798018,0.8450807249303695,0.04992679604816199,1227,102,-0.5174108546289147,omit_Latin America & Caribbean
T,2,MxW_T,-2.8717777494423027,2.4465631897258473,0.24323531833124765,1227,102,-0.5174108546289147,omit_Latin America & Caribbean
T,2,MxW_I,-2.876532192847604,2.007488010868971,0.15497413959737985,1227,102,-0.5174108546289147,omit_Latin America & Caribbean
T,2,W_F,1.750203998919466,1.0545543870327962,0.10008441797007284,1227,102,-0.5174108546289147,omit_Latin America & Caribbean
T,2,W_T,-10.260527872977319,4.035313529522509,0.012518195271893766,1227,102,-0.5174108546289147,omit_Latin America & Caribbean
T,2,W_I,1.5133017151808392,3.4218471813246807,0.6592560356675351,1227,102,-0.5174108546289147,omit_Latin America & Caribbean
T,2,infl_z,1.4023794198903725,1.186334400860865,0.23993710712798502,1227,102,-0.5174108546289147,omit_Latin America & Caribbean
T,2,gov_eff_z,-0.04431609671157055,5.27487903856395,0.9933133447931778,1227,102,-0.5174108546289147,omit_Latin America & Caribbean
T,2,growth_lag,-0.22551239152509445,0.17781251997212216,0.20762095663959906,1227,102,-0.5174108546289147,omit_Latin America & Caribbean
T,2,lgdp_pc,-3.6085891183226355,11.108829299560838,0.7459742518387131,1227,102,-0.5174108546289147,omit_Latin America & Caribbean
T,2,outcome_lag,-0.33912151755643805,0.050505456199095564,1.1236089818686554e-09,1227,102,-0.5174108546289147,omit_Latin America & Caribbean
F,2,M_z,1.3433680103738448,0.7065697901804896,0.060091162542613576,1224,103,0.1433621512941765,omit_Latin America & Caribbean
F,2,MxW_F,1.1290149661735032,0.4029109944179477,0.006075756121890541,1224,103,0.1433621512941765,omit_Latin America & Caribbean
F,2,MxW_T,-0.6237653629654776,0.7063546719026305,0.3792713860390194,1224,103,0.1433621512941765,omit_Latin America & Caribbean
F,2,MxW_I,-0.6777801558810959,0.566909751966275,0.23463664282536076,1224,103,0.1433621512941765,omit_Latin America & Caribbean
F,2,W_F,-6.122850828855811,0.4219192760544524,1.4957130434226007e-26,1224,103,0.1433621512941765,omit_Latin America & Caribbean
F,2,W_T,-2.985860575034938,1.4028477751281463,0.03571017505294274,1224,103,0.1433621512941765,omit_Latin America & Caribbean
F,2,W_I,-0.40576379253783423,0.8028493968300082,0.614365057806371,1224,103,0.1433621512941765,omit_Latin America & Caribbean
F,2,infl_z,0.6212617311324664,0.4835754602571946,0.20179817079638987,1224,103,0.1433621512941765,omit_Latin America & Caribbean
F,2,gov_eff_z,1.9504986677038696,1.7501361581337642,0.267690769757561,1224,103,0.1433621512941765,omit_Latin America & Caribbean
F,2,growth_lag,-0.14662552168848056,0.07487978366191847,0.05294440528640866,1224,103,0.1433621512941765,omit_Latin America & Caribbean
F,2,lgdp_pc,-8.579541906901436,3.271331009821858,0.010061870918585724,1224,103,0.1433621512941765,omit_Latin America & Caribbean
G,2,M_z,-1.5746437300155105,0.7767627644619172,0.04512939663772969,1361,108,-0.0007247196047923303,omit_East Asia & Pacific
G,2,MxW_F,-1.0539810145206965,0.30792267914728916,0.0008789906881093484,1361,108,-0.0007247196047923303,omit_East Asia & Pacific
G,2,MxW_T,-0.32788875476699925,0.7867572672338259,0.6776890397375906,1361,108,-0.0007247196047923303,omit_East Asia & Pacific
G,2,MxW_I,-1.6562873928630966,0.6156940114347562,0.008288599176240235,1361,108,-0.0007247196047923303,omit_East Asia & Pacific
G,2,W_F,1.5454804999044667,0.4097726224286915,0.0002662920743718197,1361,108,-0.0007247196047923303,omit_East Asia & Pacific
G,2,W_T,6.458833737164072,1.5496526612955392,6.256103133370058e-05,1361,108,-0.0007247196047923303,omit_East Asia & Pacific
G,2,W_I,0.26963348654512886,0.932588275263631,0.7730460567458598,1361,108,-0.0007247196047923303,omit_East Asia & Pacific
G,2,infl_z,-0.787671508031585,0.43235344268397574,0.07127529052165932,1361,108,-0.0007247196047923303,omit_East Asia & Pacific
G,2,gov_eff_z,-2.256650703167671,1.5987964758850144,0.1610078117427241,1361,108,-0.0007247196047923303,omit_East Asia & Pacific
G,2,growth_lag,-0.185101065818101,0.10869724162045283,0.09148906626774737,1361,108,-0.0007247196047923303,omit_East Asia & Pacific
G,2,lgdp_pc,-2.182705114171326,3.4135900054524386,0.5239187339179661,1361,108,-0.0007247196047923303,omit_East Asia & Pacific
N,2,M_z,-0.28667519124396734,2.3927219423168262,0.9048659947510578,1293,104,1.0262652470815818,omit_East Asia & Pacific
N,2,MxW_F,-1.1382461792111203,2.1093600450218655,0.5906259823298552,1293,104,1.0262652470815818,omit_East Asia & Pacific
N,2,MxW_T,0.7605725345002026,2.4667782732716974,0.7584567781808468,1293,104,1.0262652470815818,omit_East Asia & Pacific
N,2,MxW_I,-3.0798084613006944,2.866632609420605,0.28516974071434936,1293,104,1.0262652470815818,omit_East Asia & Pacific
N,2,W_F,7.507922922476368,2.0073032841657423,0.0003024659193908835,1293,104,1.0262652470815818,omit_East Asia & Pacific
N,2,W_T,14.390529150334297,4.878906193387619,0.003939120189933787,1293,104,1.0262652470815818,omit_East Asia & Pacific
N,2,W_I,1.783564661250042,4.346207495508572,0.6823849933082088,1293,104,1.0262652470815818,omit_East Asia & Pacific
N,2,infl_z,1.6168860743691558,2.1064996503856865,0.4444986816844852,1293,104,1.0262652470815818,omit_East Asia & Pacific
N,2,gov_eff_z,-2.2971013190468605,6.650219105802365,0.7304850472451144,1293,104,1.0262652470815818,omit_East Asia & Pacific
N,2,growth_lag,-0.06244050772000942,0.3918328032508372,0.873701270692134,1293,104,1.0262652470815818,omit_East Asia & Pacific
N,2,lgdp_pc,-25.815324109372124,15.32446736386286,0.09509714967047386,1293,104,1.0262652470815818,omit_East Asia & Pacific
N,2,outcome_lag,-0.339043535626797,0.07357858384484506,1.1690721122548441e-05,1293,104,1.0262652470815818,omit_East Asia & Pacific
I,2,M_z,-0.23451988558957415,0.34360203914914783,0.4972548152638478,731,68,-0.0063233051447298344,omit_East Asia & Pacific
I,2,MxW_F,0.2004598341401077,0.12342918413769971,0.10905287557992609,731,68,-0.0063233051447298344,omit_East Asia & Pacific
I,2,MxW_T,-0.1935554219369049,0.3567154442557952,0.5892025312944188,731,68,-0.0063233051447298344,omit_East Asia & Pacific
I,2,MxW_I,-0.001393944449356782,0.2674584656537918,0.9958570781372487,731,68,-0.0063233051447298344,omit_East Asia & Pacific
I,2,W_F,-0.006959404957566806,0.18407153494350084,0.969953070831155,731,68,-0.0063233051447298344,omit_East Asia & Pacific
I,2,W_T,-0.4241385515117926,0.5564067002166778,0.44856729040509036,731,68,-0.0063233051447298344,omit_East Asia & Pacific
I,2,W_I,-4.267697574714708,0.8775169357614784,7.311299294958809e-06,731,68,-0.0063233051447298344,omit_East Asia & Pacific
I,2,infl_z,0.1540402852719993,0.15539627276050783,0.3251183441663246,731,68,-0.0063233051447298344,omit_East Asia & Pacific
I,2,gov_eff_z,0.04768262962920883,0.6607565504508314,0.942686633374314,731,68,-0.0063233051447298344,omit_East Asia & Pacific
I,2,growth_lag,-0.047103051803792345,0.02390296331206556,0.05290414935656864,731,68,-0.0063233051447298344,omit_East Asia & Pacific
I,2,lgdp_pc,0.642616123301071,2.2476204863321034,0.7758295382614008,731,68,-0.0063233051447298344,omit_East Asia & Pacific
T,2,M_z,-3.3293752700793364,1.8517528726037311,0.07500359336167789,1321,108,-0.30054997211787987,omit_East Asia & Pacific
T,2,MxW_F,-1.7477809874159167,0.8068018890593717,0.03250705437478148,1321,108,-0.30054997211787987,omit_East Asia & Pacific
T,2,MxW_T,-3.0242491028908827,1.8782324855490746,0.11030990560321831,1321,108,-0.30054997211787987,omit_East Asia & Pacific
T,2,MxW_I,-2.202102885646361,1.6120221939850659,0.1747875653444653,1321,108,-0.30054997211787987,omit_East Asia & Pacific
T,2,W_F,1.567996613117659,1.002044771342318,0.12058333130900861,1321,108,-0.30054997211787987,omit_East Asia & Pacific
T,2,W_T,-6.821567437860089,3.203496928894393,0.03551337804938612,1321,108,-0.30054997211787987,omit_East Asia & Pacific
T,2,W_I,2.048743971958127,3.7109324070784395,0.582042565632494,1321,108,-0.30054997211787987,omit_East Asia & Pacific
T,2,infl_z,1.3417404775687731,1.279115434105709,0.2965602215875474,1321,108,-0.30054997211787987,omit_East Asia & Pacific
T,2,gov_eff_z,1.3702885434522467,4.494116179129848,0.7610290922172284,1321,108,-0.30054997211787987,omit_East Asia & Pacific
T,2,growth_lag,-0.17385892859331423,0.16817994345888387,0.303575795800374,1321,108,-0.30054997211787987,omit_East Asia & Pacific
T,2,lgdp_pc,-10.65475007922937,11.970259931169592,0.37540816539189875,1321,108,-0.30054997211787987,omit_East Asia & Pacific
T,2,outcome_lag,-0.34986933669122666,0.04852245386809007,8.312651293547676e-11,1321,108,-0.30054997211787987,omit_East Asia & Pacific
F,2,M_z,1.5443980966634836,0.6971344369983367,0.028874712207685428,1298,107,0.16545308491540242,omit_East Asia & Pacific
F,2,MxW_F,1.1344682790975793,0.40619721006933557,0.00619934388263841,1298,107,0.16545308491540242,omit_East Asia & Pacific
F,2,MxW_T,-0.40572860007991607,0.5520956393291849,0.46403029896217335,1298,107,0.16545308491540242,omit_East Asia & Pacific
F,2,MxW_I,-0.49315610649210545,0.512840848653335,0.33843087712617714,1298,107,0.16545308491540242,omit_East Asia & Pacific
F,2,W_F,-6.090356148379124,0.39653603279649097,1.0277968246358938e-28,1298,107,0.16545308491540242,omit_East Asia & Pacific
F,2,W_T,-2.8668571128119598,1.1139435878397699,0.011446214875967285,1298,107,0.16545308491540242,omit_East Asia & Pacific
F,2,W_I,-0.5470274951879027,0.9324143558405472,0.5586670079352956,1298,107,0.16545308491540242,omit_East Asia & Pacific
F,2,infl_z,0.5968715842692162,0.4988452709165502,0.23416834528838854,1298,107,0.16545308491540242,omit_East Asia & Pacific
F,2,gov_eff_z,0.3161631324685449,1.740344676074873,0.8561910342198418,1298,107,0.16545308491540242,omit_East Asia & Pacific
F,2,growth_lag,-0.11586134051553375,0.06778653153718402,0.09033847180733458,1298,107,0.16545308491540242,omit_East Asia & Pacific
F,2,lgdp_pc,-10.103184407802548,3.2894935620669545,0.0027078224374045496,1298,107,0.16545308491540242,omit_East Asia & Pacific
G,2,M_z,-1.2682279920970305,0.7249409226962329,0.08290913078379172,1484,115,-0.0009002943203471874,omit_South Asia
G,2,MxW_F,-0.9134468411321139,0.2992703955800843,0.0028265939580191892,1484,115,-0.0009002943203471874,omit_South Asia
G,2,MxW_T,0.2632203320899293,0.924707653525402,0.776426836612351,1484,115,-0.0009002943203471874,omit_South Asia
G,2,MxW_I,-1.347275082106404,0.6288494662548051,0.03428487634361412,1484,115,-0.0009002943203471874,omit_South Asia
G,2,W_F,1.4914336393125196,0.4099393492251556,0.0004138999721380641,1484,115,-0.0009002943203471874,omit_South Asia
G,2,W_T,6.653585813267767,1.6635381594671341,0.00011305576953662097,1484,115,-0.0009002943203471874,omit_South Asia
G,2,W_I,0.23811259071433838,0.8796586740724835,0.7871208848743989,1484,115,-0.0009002943203471874,omit_South Asia
G,2,infl_z,-0.6556986527615335,0.4138135909912424,0.11584413866419782,1484,115,-0.0009002943203471874,omit_South Asia
G,2,gov_eff_z,-3.0109771807649017,1.2458802983874413,0.017246211592210153,1484,115,-0.0009002943203471874,omit_South Asia
G,2,growth_lag,-0.10853267988799827,0.10511183611360875,0.3040025185207011,1484,115,-0.0009002943203471874,omit_South Asia
G,2,lgdp_pc,-3.7530032021426427,3.5881594030428126,0.2978009308799725,1484,115,-0.0009002943203471874,omit_South Asia
N,2,M_z,-0.07461097577669396,2.22929265092768,0.9733627996352119,1388,109,1.0572688311801275,omit_South Asia
N,2,MxW_F,-1.0169905381011222,2.020177887124071,0.6156968260118713,1388,109,1.0572688311801275,omit_South Asia
N,2,MxW_T,1.6156293892649254,2.9922805199611053,0.5903551983699055,1388,109,1.0572688311801275,omit_South Asia
N,2,MxW_I,-2.589266660622394,2.8235208925446096,0.3611677286739901,1388,109,1.0572688311801275,omit_South Asia
N,2,W_F,6.8123997240089205,1.9049995013939527,0.0005233077685407731,1388,109,1.0572688311801275,omit_South Asia
N,2,W_T,15.293809550182631,5.155260325652004,0.003707270660066823,1388,109,1.0572688311801275,omit_South Asia
N,2,W_I,1.6649529881356813,3.943151313612615,0.6736898332051204,1388,109,1.0572688311801275,omit_South Asia
N,2,infl_z,1.4329452874707642,2.1199595969595024,0.5005296474346348,1388,109,1.0572688311801275,omit_South Asia
N,2,gov_eff_z,-4.534718724431613,6.595257243819894,0.493195894790823,1388,109,1.0572688311801275,omit_South Asia
N,2,growth_lag,-0.14620169450147297,0.43452904017562727,0.7371767889103366,1388,109,1.0572688311801275,omit_South Asia
N,2,lgdp_pc,-27.43522821911451,15.740437770404396,0.08418368453659081,1388,109,1.0572688311801275,omit_South Asia
N,2,outcome_lag,-0.31171734035980814,0.06452793377092766,4.517237164158367e-06,1388,109,1.0572688311801275,omit_South Asia
I,2,M_z,-0.23763989774297548,0.3148037760158974,0.45278161658464994,792,73,-0.006143552723227982,omit_South Asia
I,2,MxW_F,0.19761401508103096,0.11871733343927594,0.10034372066789375,792,73,-0.006143552723227982,omit_South Asia
I,2,MxW_T,-0.1963337752075882,0.3770899253430343,0.6042046019514504,792,73,-0.006143552723227982,omit_South Asia
I,2,MxW_I,0.022903238781337876,0.24110524488788637,0.924584503916316,792,73,-0.006143552723227982,omit_South Asia
I,2,W_F,-0.02774026434745616,0.17854713703958833,0.8769670542198406,792,73,-0.006143552723227982,omit_South Asia
I,2,W_T,-0.3174351700858815,0.5770078280664457,0.5839259607100932,792,73,-0.006143552723227982,omit_South Asia
I,2,W_I,-4.238249561013002,0.7849604705949863,8.189098256023265e-07,792,73,-0.006143552723227982,omit_South Asia
I,2,infl_z,0.11784225769721729,0.1515829540641081,0.43946324466167214,792,73,-0.006143552723227982,omit_South Asia
I,2,gov_eff_z,-0.07325998182207588,0.6772525145366236,0.9141598800608328,792,73,-0.006143552723227982,omit_South Asia
I,2,growth_lag,-0.03791122072260322,0.022758896845312997,0.10010351844437944,792,73,-0.006143552723227982,omit_South Asia
I,2,lgdp_pc,0.016635035749557048,1.875777290747732,0.9929487057834986,792,73,-0.006143552723227982,omit_South Asia
T,2,M_z,-2.5101317606106726,1.7215688936328724,0.14762551030872195,1416,113,-0.3439310333261141,omit_South Asia
T,2,MxW_F,-1.5765743277979682,0.7591341362685404,0.040106945110841424,1416,113,-0.3439310333261141,omit_South Asia
T,2,MxW_T,-3.3394519175745905,2.1672826965147007,0.12617460468606279,1416,113,-0.3439310333261141,omit_South Asia
T,2,MxW_I,-2.7028777131194497,1.6342561138093201,0.10095027338383804,1416,113,-0.3439310333261141,omit_South Asia
T,2,W_F,1.60864151416561,0.9851137762881249,0.1052878028781084,1416,113,-0.3439310333261141,omit_South Asia
T,2,W_T,-8.81245721486726,3.3894363103014538,0.01057935186194664,1416,113,-0.3439310333261141,omit_South Asia
T,2,W_I,2.3194166767052087,3.4583219191745993,0.5038070575942428,1416,113,-0.3439310333261141,omit_South Asia
T,2,infl_z,1.021700976228098,1.220907170615894,0.40446589599696886,1416,113,-0.3439310333261141,omit_South Asia
T,2,gov_eff_z,-1.8739870818098643,3.7069989793415323,0.6141823670043727,1416,113,-0.3439310333261141,omit_South Asia
T,2,growth_lag,-0.05683119225079297,0.14411792680959742,0.6940812818871014,1416,113,-0.3439310333261141,omit_South Asia
T,2,lgdp_pc,-7.189308785002471,11.812151448262574,0.543997725253724,1416,113,-0.3439310333261141,omit_South Asia
T,2,outcome_lag,-0.3370166614151556,0.05060937941468343,1.0675860443402566e-09,1416,113,-0.3439310333261141,omit_South Asia
F,2,M_z,1.164307787863923,0.6900504976527126,0.0943082865242578,1413,114,0.16506493358942098,omit_South Asia
F,2,MxW_F,1.0875380343926735,0.4102005050281932,0.00917140957809428,1413,114,0.16506493358942098,omit_South Asia
F,2,MxW_T,-0.22558196025278904,0.621131755619425,0.7171497326272995,1413,114,0.16506493358942098,omit_South Asia
F,2,MxW_I,-0.3192105450475203,0.49432433673404663,0.5197496454755056,1413,114,0.16506493358942098,omit_South Asia
F,2,W_F,-5.883951813121963,0.4245828441729413,4.0246441885180097e-26,1413,114,0.16506493358942098,omit_South Asia
F,2,W_T,-2.7953436060284553,1.1721756119310025,0.018755738787170594,1413,114,0.16506493358942098,omit_South Asia
F,2,W_I,-0.5676228728790589,0.8203324222616479,0.4903927656884742,1413,114,0.16506493358942098,omit_South Asia
F,2,infl_z,0.5096582485117505,0.5072096931906532,0.31712678273027634,1413,114,0.16506493358942098,omit_South Asia
F,2,gov_eff_z,1.8507010063352103,1.4346057445373341,0.19967000657858433,1413,114,0.16506493358942098,omit_South Asia
F,2,growth_lag,-0.15029635122979146,0.07480595271830359,0.04690496659647064,1413,114,0.16506493358942098,omit_South Asia
F,2,lgdp_pc,-9.73324592517879,3.279312804226251,0.0036590280184308215,1413,114,0.16506493358942098,omit_South Asia
G,2,M_z,-1.6292050757658212,0.7524432029309772,0.03238374915302077,1507,119,-0.002648533069293644,omit_North America
G,2,MxW_F,-0.9193242774927548,0.29331239745914006,0.002173945569744077,1507,119,-0.002648533069293644,omit_North America
G,2,MxW_T,0.3079852014965683,0.9127949857594448,0.7364080818264553,1507,119,-0.002648533069293644,omit_North America
G,2,MxW_I,-1.2722644565714158,0.6000925669333962,0.03609117654729344,1507,119,-0.002648533069293644,omit_North America
G,2,W_F,1.5194080279418678,0.40391480444878225,0.0002642399467185051,1507,119,-0.002648533069293644,omit_North America
G,2,W_T,6.873502351940347,1.6611338244711715,6.603735484704117e-05,1507,119,-0.002648533069293644,omit_North America
G,2,W_I,0.07529315839469672,0.8817046109279014,0.9320920964152343,1507,119,-0.002648533069293644,omit_North America
G,2,infl_z,-0.7307847957150344,0.40083783828764885,0.07081312089330619,1507,119,-0.002648533069293644,omit_North America
G,2,gov_eff_z,-2.24432852759711,1.2459752985097257,0.07421528931112469,1507,119,-0.002648533069293644,omit_North America
G,2,growth_lag,-0.17045057259396443,0.09969099377678035,0.08993322909127138,1507,119,-0.002648533069293644,omit_North America
G,2,lgdp_pc,-3.458549480131709,3.384361045636954,0.3089088488758628,1507,119,-0.002648533069293644,omit_North America
N,2,M_z,-0.43369638917076014,2.2114829578675765,0.8448785811577226,1408,113,0.9157735341125753,omit_North America
N,2,MxW_F,-0.9014316692577093,2.000689743841051,0.6531773832706037,1408,113,0.9157735341125753,omit_North America
N,2,MxW_T,1.877885739773645,2.840657327292031,0.50992221236877,1408,113,0.9157735341125753,omit_North America
N,2,MxW_I,-2.3339062318118153,2.718516701055664,0.3924379467144954,1408,113,0.9157735341125753,omit_North America
N,2,W_F,6.964634473269493,1.8837167082745072,0.0003391066461408819,1408,113,0.9157735341125753,omit_North America
N,2,W_T,15.121538610308901,4.992850192936362,0.003049938143072412,1408,113,0.9157735341125753,omit_North America
N,2,W_I,1.6213952571309278,3.976351120368449,0.6842285856805463,1408,113,0.9157735341125753,omit_North America
N,2,infl_z,1.1253158430959023,1.94651377132559,0.5643446349754568,1408,113,0.9157735341125753,omit_North America
N,2,gov_eff_z,-4.147612235477823,6.248339290905066,0.5081860769402663,1408,113,0.9157735341125753,omit_North America
N,2,growth_lag,-0.037160775944778235,0.37874144019050693,0.9220151839537866,1408,113,0.9157735341125753,omit_North America
N,2,lgdp_pc,-26.962260812979423,14.58602405882512,0.06716788658384366,1408,113,0.9157735341125753,omit_North America
N,2,outcome_lag,-0.3335792517466855,0.06684544432266712,2.2272569375206e-06,1408,113,0.9157735341125753,omit_North America
I,2,M_z,-0.2660580710421205,0.3287163784652994,0.4209605520708076,766,73,-0.008125958869881699,omit_North America
I,2,MxW_F,0.19300077227438645,0.11681537457593609,0.10285139363173999,766,73,-0.008125958869881699,omit_North America
I,2,MxW_T,-0.14526587187152562,0.405252102244489,0.7210494693036933,766,73,-0.008125958869881699,omit_North America
I,2,MxW_I,0.04439086877718171,0.25208650173595387,0.8607146077150623,766,73,-0.008125958869881699,omit_North America
I,2,W_F,-0.02718678455348783,0.18075661802590298,0.8808652902526903,766,73,-0.008125958869881699,omit_North America
I,2,W_T,-0.29164282091630844,0.6046416821053151,0.6310276513024152,766,73,-0.008125958869881699,omit_North America
I,2,W_I,-4.220678697666875,0.7879872959661214,9.710140739191313e-07,766,73,-0.008125958869881699,omit_North America
I,2,infl_z,0.12757441488199936,0.14894301014697311,0.3945455256254312,766,73,-0.008125958869881699,omit_North America
I,2,gov_eff_z,-0.024420170068605696,0.6683295621656152,0.9709536086495975,766,73,-0.008125958869881699,omit_North America
I,2,growth_lag,-0.037923704739080986,0.02282447819411777,0.10095424540028028,766,73,-0.008125958869881699,omit_North America
I,2,lgdp_pc,-0.1746147167243577,1.857106412442381,0.9253503445462501,766,73,-0.008125958869881699,omit_North America
T,2,M_z,-3.2020469912851808,1.8183488733429083,0.08087963801922717,1436,117,-0.25553580727722086,omit_North America
T,2,MxW_F,-1.702643028075528,0.7861447216118757,0.0323721922795758,1436,117,-0.25553580727722086,omit_North America
T,2,MxW_T,-3.757505063385459,2.218733057017902,0.09303712448971703,1436,117,-0.25553580727722086,omit_North America
T,2,MxW_I,-2.245628034893826,1.5514795117354765,0.15047910694531577,1436,117,-0.25553580727722086,omit_North America
T,2,W_F,1.591056119168065,0.9553928285936757,0.0985430480932862,1436,117,-0.25553580727722086,omit_North America
T,2,W_T,-8.823423004183706,3.4257063802545096,0.01126138024150206,1436,117,-0.25553580727722086,omit_North America
T,2,W_I,2.007725965252857,3.4489044577451566,0.5616058635094607,1436,117,-0.25553580727722086,omit_North America
T,2,infl_z,1.325013167593036,1.1760345735659763,0.2622036786921365,1436,117,-0.25553580727722086,omit_North America
T,2,gov_eff_z,0.6486693484395114,4.119512725999173,0.875154010283668,1436,117,-0.25553580727722086,omit_North America
T,2,growth_lag,-0.1720216936632788,0.16116344944560515,0.28801928964028484,1436,117,-0.25553580727722086,omit_North America
T,2,lgdp_pc,-10.719270986884528,10.881717312998536,0.3266390857427023,1436,117,-0.25553580727722086,omit_North America
T,2,outcome_lag,-0.3369025116311569,0.046868000652543464,6.85984880472142e-11,1436,117,-0.25553580727722086,omit_North America
F,2,M_z,1.2784593145413423,0.6541829475660803,0.05305354124082434,1430,118,0.14341630554255191,omit_North America
F,2,MxW_F,1.0732865727386596,0.3977739756332085,0.008002332333573432,1430,118,0.14341630554255191,omit_North America
F,2,MxW_T,-0.43895832478041164,0.6278533194101962,0.48585113847235334,1430,118,0.14341630554255191,omit_North America
F,2,MxW_I,-0.45279366915016755,0.49248348169146694,0.35977341041458377,1430,118,0.14341630554255191,omit_North America
F,2,W_F,-5.804765350336433,0.41131217330268344,5.111856250342124e-27,1430,118,0.14341630554255191,omit_North America
F,2,W_T,-3.01466306951149,1.1869344392563947,0.01240016446098347,1430,118,0.14341630554255191,omit_North America
F,2,W_I,-0.5187500391314436,0.8124080378614409,0.5243741693356205,1430,118,0.14341630554255191,omit_North America
F,2,infl_z,0.4915183343713049,0.46459336139279844,0.2922558912226034,1430,118,0.14341630554255191,omit_North America
F,2,gov_eff_z,1.4569198044148772,1.3879512693071285,0.29602364565151357,1430,118,0.14341630554255191,omit_North America
F,2,growth_lag,-0.12742195388052385,0.0647171636336905,0.05132822311365147,1430,118,0.14341630554255191,omit_North America
F,2,lgdp_pc,-8.645081955514552,3.1545644852217527,0.007097003929975787,1430,118,0.14341630554255191,omit_North America
